ลำดับ,ชื่อไฟล์ ,ชื่อกฎหมาย,ลิงค์PDF,สถานะกฎหมาย,ถูกยกเลิกโดยกฎหมายชื่อ,ยกเลิกกฎหมายอื่นทั้งฉบับ,แก้ไข/ยกเลิกบางส่วนของกฎหมายอื่น,วันที่ประกาศ,เดือนที่ประกาศ,ปีที่ประกาศ,วันทีมีผลใช้บังคับ,วันที่สิ้นผล,ประเภทกฎหมาย,กฎหมายแม่,กฎหมายที่อ้างถึง,หน่วยงานกำกับ,องค์กรปกครองส่วนท้องถิ่น,อำเภอ,จังหวัด,คำอธิบายและสรุปสาระสำคัญ,คำแนะนำสิ่งที่ต้องทำ ,ระดับวามเสี่ยง ,บทลงโทษ,ใบอนุญาต,ข้อมูลแหล่งที่มา,คู่มือ แบบฟอร์ม เอกสารที่แนะนำ ,ลิงค์เอกสารที่แนะนำ,กลุ่มเป้าหมาย,Activity_Tag,Product_Group_Tag,Legal_Keyword_Tag,กฎหมายเฉพาะธุรกิจ (Core Business Laws),กฎหมายสนับสนุนและกฎหมายทั่วไปที่ต้องปฏิบัติตาม (Support & General Compliance),AI ให้เหตุผล,ระดับความมั่นใจ,หมายเหตุ
1,100001,ระเบียบผู้ตรวจการแผ่นดิน ว่าด้วยค่าใช้จ่ายในการเดินทางไปปฏิบัติงาน พ.ศ. 2563,https://ratchakitcha.soc.go.th/documents/17120921.pdf,บังคับใช้,,"ระเบียบผู้ตรวจการแผ่นดินว่าด้วยการจ่ายค่าใช้จ่ายเดินทางไปปฏิบัติงานของเจ้าหน้าที่ พ.ศ. 2558, ระเบียบผู้ตรวจการแผ่นดินว่าด้วยการจ่ายค่าใช้จ่ายเดินทางไปปฏิบัติงานของเจ้าหน้าที่ แก้ไขเพิ่มเติม (ฉบับที่ 2) พ.ศ. 2559",-,21,กุมภาพันธ์,2563,22 กุมภาพันธ์ 2563,-,ระเบียบ,"พระราชบัญญัติประกอบรัฐธรรมนูญว่าด้วยผู้ตรวจการแผ่นดิน พ.ศ. 2560 มาตรา 24 (3), พระราชบัญญัติประกอบรัฐธรรมนูญว่าด้วยผู้ตรวจการแผ่นดิน พ.ศ. 2560 มาตรา 42 (4)","พระราชบัญญัติประกอบรัฐธรรมนูญว่าด้วยผู้ตรวจการแผ่นดิน พ.ศ. 2560, กฎหมายว่าด้วยการขนส่งทางบก, กฎหมายว่าด้วยการเดินเรือในน่านน้ำไทย, ระเบียบผู้ตรวจการแผ่นดินว่าด้วยการเบิกจ่ายค่าใช้จ่ายในการบริหารงานของสำนักงาน, ระเบียบกระทรวงการคลังว่าด้วยการเบิกค่าใช้จ่ายในการเดินทางไปราชการ","สำนักงานผู้ตรวจการแผ่นดิน, องค์กรอิสระ, ประธานผู้ตรวจการแผ่นดิน",-,-,-,"กำหนดหลักเกณฑ์ค่าใช้จ่ายในการเดินทางไปปฏิบัติงานของผู้ตรวจการแผ่นดินและสำนักงาน โดยให้ใช้บังคับตั้งแต่วันถัดจากวันประกาศในราชกิจจานุเบกษา กำหนดผู้มีอำนาจอนุมัติการเดินทางของเลขาธิการ เจ้าหน้าที่ และผู้ช่วยปฏิบัติงาน กำหนดสิทธิและอัตราเบิกค่าใช้จ่ายในการเดินทางในประเทศและต่างประเทศ ได้แก่ ค่าเบี้ยเลี้ยงเดินทาง ค่าเช่าที่พัก ค่าพาหนะ ค่าประกันภัยการเดินทาง และค่าใช้จ่ายอื่นที่จำเป็น กำหนดให้ใช้ยานพาหนะประจำทางเป็นหลัก และเมื่อใช้เครื่องบิน พาหนะส่วนตัว หรือพาหนะรับจ้างให้เป็นไปตามตำแหน่ง ระดับ และเงื่อนไขที่กำหนด กำหนดอัตราเบี้ยเลี้ยงเดินทางต่างประเทศแบบเหมาจ่ายสูงสุด 3,100 บาท และ 2,100 บาทต่อวันต่อคน กำหนดอัตราค่าเช่าที่พักต่างประเทศและค่าเครื่องแต่งตัวไว้เป็นบัญชีท้ายระเบียบ และกำหนดให้แบบรายงานการเดินทางเพื่อขอเบิกจ่ายค่าใช้จ่ายในการเดินทางไปปฏิบัติงานและเอกสารประกอบเป็นไปตามที่เลขาธิการกำหนด","ผู้ตรวจการแผ่นดิน เลขาธิการ และเจ้าหน้าที่ ต้องดำเนินการดังนี้:

การเดินทางไปปฏิบัติงาน: ต้องขออนุมัติจากผู้มีอำนาจก่อนออกเดินทาง โดยระบุความจำเป็นและประโยชน์ของสำนักงานประกอบการพิจารณา (อ้างอิง ข้อ 5, 7, 17)
การเบิกจ่ายค่าใช้จ่าย: ต้องปฏิบัติตามบัญชีอัตราที่กำหนดตามระดับตำแหน่ง และเบิกจ่ายได้เท่าที่จ่ายจริงตามความจำเป็นและประหยัด (อ้างอิง ข้อ 10, 14, 16)
การใช้พาหนะส่วนตัว: ต้องได้รับอนุมัติก่อนเดินทาง และเบิกเงินชดเชยตามระยะทางจริงในอัตรากิโลเมตรละ 5 บาทสำหรับรถยนต์ส่วนบุคคล และกิโลเมตรละ 2 บาทสำหรับรถจักรยานยนต์ส่วนบุคคล (อ้างอิง ข้อ 17)
การรายงานผล: ยื่นรายงานการเดินทางเพื่อขอเบิกค่าใช้จ่ายตามรูปแบบและวิธีการที่เลขาธิการกำหนด โดยสามารถยื่นรวมเป็นคณะได้ (อ้างอิง ข้อ 31, 32)

สิทธิที่ควรทราบ / การติดตามผล:

สิทธิเบิกจ่าย: เกิดขึ้นตั้งแต่วันที่ได้รับอนุมัติให้ออกเดินทาง (อ้างอิง ข้อ 7)
กรณีเจ็บป่วย: สามารถเบิกค่าเบี้ยเลี้ยงและค่าเช่าที่พักได้ไม่เกิน 10 วัน โดยต้องมีใบรับรองแพทย์ (อ้างอิง ข้อ 13)
สิทธิการอุทธรณ์: เลขาธิการเป็นผู้วินิจฉัยปัญหาการปฏิบัติงาน กรณีเหตุจำเป็นนอกเหนือระเบียบให้ประธานผู้ตรวจการแผ่นดินเป็นผู้ชี้ขาด คำวินิจฉัยเป็นที่สุด (อ้างอิง ข้อ 9)",🔵 ฟ้า,โทษทางปกครอง (การบริหารงบประมาณและการเบิกจ่ายให้เป็นไปตามที่เลขาธิการกำหนด),-,ราชกิจจานุเบกษา เล่ม 137 ตอนที่ 14 ก หน้า 5,"1) บัญชีหมายเลข 1 อัตราค่าเบี้ยเลี้ยงเดินทางในประเทศ, 2) บัญชีหมายเลข 2 อัตราค่าเช่าที่พักในประเทศ, 3) บัญชีหมายเลข 3 อัตราการเดินทางโดยยานพาหนะประจำทางในประเทศ, 4) บัญชีหมายเลข 4 อัตราค่าเบี้ยเลี้ยงเดินทางไปปฏิบัติงานต่างประเทศ, 5) บัญชีหมายเลข 5 อัตราค่าเช่าที่พักในการเดินทางไปปฏิบัติงานต่างประเทศ, 6) บัญชีหมายเลข 6 อัตราค่าเครื่องแต่งตัวสำหรับผู้เดินทางไปปฏิบัติงานต่างประเทศ, 7) แบบรายงานการเดินทางเพื่อขอเบิกจ่ายค่าใช้จ่ายในการเดินทางไปปฏิบัติงาน",,"พนักงานและลูกจ้างสำนักงานผู้ตรวจการแผ่นดิน, บุคคลภายนอกที่ปฏิบัติงานให้สำนักงาน, ข้าราชการและพนักงานหน่วยงานรัฐที่มาช่วยปฏิบัติงานชั่วคราว, ผู้ตรวจการแผ่นดิน","เดินทางปฏิบัติงาน, เบิกค่าใช้จ่าย, ค่าเบี้ยเลี้ยง, ค่าเช่าที่พัก, ค่าพาหนะ, ใช้พาหนะส่วนตัว, เดินทางต่างประเทศ",-,"ค่าใช้จ่ายเดินทาง, ค่าเบี้ยเลี้ยงเดินทาง, ค่าเช่าที่พัก, ค่าพาหนะ, เงินชดเชยพาหนะ, การเดินทางไปปฏิบัติงาน",BY1,CC9,"ส่วนที่ 1: พื้นที่ทดเลขในใจ (Context Analysis & Workflow Simulation)



0) เขตอำนาจกฎหมาย (Jurisdiction Awareness): ระเบียบนี้ออกโดยประธานผู้ตรวจการแผ่นดิน ตาม พ.ร.ป. ว่าด้วยผู้ตรวจการแผ่นดิน พ.ศ. 2560 เจตนารมณ์หลักคือเพื่อกำหนดหลักเกณฑ์ อัตรา และวิธีการเบิกจ่ายงบประมาณสำหรับเป็นค่าใช้จ่ายในการเดินทางไปปฏิบัติงานชั่วคราว ทั้งในและต่างประเทศ ของบุคลากรภายในสำนักงานผู้ตรวจการแผ่นดิน ซึ่งจัดเป็นระเบียบการบริหารงานภายในขององค์กรอิสระโดยตรง



0.5) Umbrella Term Check (ด่านบังคับสแกนคำร่มใหญ่): ไม่มี (เนื่องจากเอกสารนี้เข้าเงื่อนไขกฎข้อ 2.9 Internal Government Exception จึงห้ามวิเคราะห์แจกแจงคำร่มใหญ่เพื่อเชื่อมโยงไปยังภาคธุรกิจเอกชนอย่างเด็ดขาด)



1) กลุ่มผู้ถูกบังคับใช้หลักทั้งหมด (All Primary Direct Targets & Must-Notify Entities):


- สำนักงานผู้ตรวจการแผ่นดิน (หน่วยงานต้นสังกัดผู้เบิกจ่าย) และบุคลากรภายใน เช่น เลขาธิการ เจ้าหน้าที่ และผู้ช่วยปฏิบัติงาน -> [CC9]



2) ผู้ให้บริการใน Ecosystem คือใคร:


2.1 The Validator: -


2.2 The Facilitator: -


2.3 The Guarantor: -


2.4 The Specialist: -


2.5 The Mandatory Facility: -


2.6 The Essential Ecosystem Partner: -


(หมายเหตุ: ตามคำสั่งบังคับกฎข้อ 2.9 ห้าม Tag ธุรกิจเอกชนที่เป็นผู้ให้บริการ เช่น โรงแรม สายการบิน หรือบริษัทประกันภัย เนื่องจากเอกสารนี้เป็นเพียงระเบียบเบิกจ่ายภายในของภาครัฐ ไม่ได้สร้างภาระหน้าที่ให้เอกชน)



3) ผู้รับผลกระทบแฝง/สืบเนื่อง (Hidden Targets): -



4) สินค้า/บริการที่ถูกควบคุม: -



5) ข้อยกเว้น/การผ่อนผัน: -



---



ส่วนที่ 2: สรุปผลรหัสและ Impact Classification



[CC9] ผู้ตรวจการแผ่นดิน : [Direct Duty]


1) เกี่ยวอย่างไร (Why): เป็นระเบียบภายในที่บังคับใช้กับบุคลากรของสำนักงานฯ ในการบริหารจัดการงบประมาณค่าเดินทางไปปฏิบัติงาน


2) ต้องทำ/ห้ามทำอะไร (What to do): ต้องปฏิบัติตามหลักเกณฑ์การขออนุมัติเดินทาง และทำการเบิกจ่ายค่าเบี้ยเลี้ยง ค่าเช่าที่พัก ค่าพาหนะ ตามอัตราที่ระบุไว้ในบัญชีท้ายระเบียบอย่างเคร่งครัด


3) ความเสี่ยง (Consequence): หากเบิกจ่ายผิดระเบียบหรือไม่มีสิทธิเบิก จะมีความผิดทางวินัยและต้องรับผิดชอบชดใช้เงินคืนแก่ทางราชการ



---



ส่วนที่ 3: ด่านคัดกรอง (Self-Correction Gate)


-",100%,[ข้อยกเว้น] ยกเว้นการเบิกค่าเช่าที่พักในกรณีเจ็บป่วยและจำเป็นต้องพักเพื่อรักษาพยาบาลได้ไม่เกิน 10 วัน แต่ถ้าเข้าพักรักษาตัวในสถานพยาบาลให้งดเบิกค่าเช่าที่พัก เว้นแต่กรณีที่จำเป็น <br>[ข้อยกเว้น] ผู้เดินทางที่มิได้เป็นข้าราชการ พนักงานหรือลูกจ้างของหน่วยงานรัฐ ให้เบิกค่าใช้จ่ายได้ตามหลักเกณฑ์และอัตราเดียวกับผู้ดำรงตำแหน่งประเภทวิชาการระดับปฏิบัติการ และเลขาธิการอาจอนุมัติให้แตกต่างจากที่กำหนดได้เมื่อมีความจำเป็น
4,100004,ระเบียบกระทรวงการคลัง ว่าด้วยการประเมินผลการปฏิบัติงานของที่ปรึกษาอิสระและที่ปรึกษานิติบุคคล พ.ศ. 2563,https://ratchakitcha.soc.go.th/documents/17120520.pdf,บังคับใช้,,-,-,18,กุมภาพันธ์,2563,19 กุมภาพันธ์ 2563,-,ระเบียบ,"กฎกระทรวงกำหนดหลักเกณฑ์ วิธีการ และเงื่อนไขการขึ้นทะเบียนที่ปรึกษา พ.ศ. 2560 ข้อ 17, ระเบียบกระทรวงการคลังว่าด้วยการจัดซื้อจัดจ้างและการบริหารพัสดุภาครัฐ พ.ศ. 2560 ข้อ 190 วรรคสี่",-,"สำนักงานบริหารหนี้สาธารณะ (สบน.), กระทรวงการคลัง",-,-,-,กำหนดให้มีการประเมินผลการปฏิบัติงานของที่ปรึกษาอิสระและที่ปรึกษานิติบุคคลเพื่อใช้ประโยชน์ในการดำเนินงานจ้างที่ปรึกษาของหน่วยงานของรัฐ โดยจัดตั้งคณะกรรมการประเมินผล มีอำนาจจัดทำหลักเกณฑ์และวิธีการประเมินผลและการปรับลดระดับที่ปรึกษา ประเมินผลของโครงการที่ดำเนินการแล้วเสร็จ ให้คำปรึกษาแนะนำกรณีอุทธรณ์ พิจารณาแผนการประเมินผลประจำปีงบประมาณ และรายงานผลต่อกระทรวงการคลัง ทั้งนี้กรรมการผู้ทรงคุณวุฒิมีวาระคราวละ 3 ปี และอาจได้รับแต่งตั้งอีกได้แต่ติดต่อกันเกิน 2 วาระไม่ได้ เมื่อครบวาระให้แต่งตั้งใหม่ภายใน 60 วัน และหากวาระที่เหลือไม่ถึง 90 วันอาจไม่แต่งตั้งแทนตำแหน่งว่างก็ได้,ไม่มีข้อปฏิบัติสำหรับภาคเอกชน เนื่องจากเป็นกฎหมายภายในของหน่วยงานรัฐ,โทษเชื่อมโยงจากกฎหมายแม่,รอเชื่อมโยง: กฎกระทรวงกำหนดหลักเกณฑ์ วิธีการ และเงื่อนไขการขึ้นทะเบียนที่ปรึกษา พ.ศ. 2560 ข้อ 17,-,ราชกิจจานุเบกษา เล่ม 137 ตอนพิเศษ 37 ง หน้า 1,1) แผนการประเมินผลการปฏิบัติงานของที่ปรึกษาอิสระและที่ปรึกษานิติบุคคลประจำปีงบประมาณ,,"ที่ปรึกษาอิสระ, ที่ปรึกษานิติบุคคล","ประเมินผลงาน, ที่ปรึกษา, จ้างที่ปรึกษา, อุทธรณ์, ปรับลดระดับ",-,"การประเมินผลการปฏิบัติงาน, ที่ปรึกษาอิสระ, ที่ปรึกษานิติบุคคล, การปรับลดระดับ, การอุทธรณ์","BY1, AC5, AK7, BM1, BA1","BY1, CC17, CC28","ส่วนที่ 1: พื้นที่ทดเลขในใจ (Context Analysis & Workflow Simulation)0) เขตอำนาจกฎหมาย (Jurisdiction Awareness): กระทรวงการคลัง (สำนักงานบริหารหนี้สาธารณะ) ออกระเบียบตามกฎกระทรวงจัดซื้อจัดจ้างฯ เจตนารมณ์เพื่อแต่งตั้งคณะกรรมการประเมินผลการปฏิบัติงานของที่ปรึกษา และกำหนดเกณฑ์ปรับลดระดับ.  0.5) Umbrella Term Check: พบคำว่า 'ที่ปรึกษา' -> แตกแขนงเป็น: ที่ปรึกษาด้านวิศวกรรม, สถาปัตยกรรม, การเงิน, การคลัง, การบริหารจัดการ, วิทยาศาสตร์, เทคโนโลยี (อ้างอิงจากคุณสมบัติกรรมการ ข้อ 4 (3)).  1) กลุ่มผู้ถูกบังคับใช้หลักทั้งหมด: เอกชนที่ขึ้นทะเบียนเป็นคู่ค้าภาครัฐในฐานะที่ปรึกษา (ทั้งนิติบุคคลและอิสระ) ที่รับงานภาครัฐ ต้องถูกประเมินผลงานและมีสิทธิอุทธรณ์ -> BY1, AC5, AK7, BM1, BA12) ผู้ให้บริการใน Ecosystem คือใคร:2.1 The Validator: คณะกรรมการประเมินผลการปฏิบัติงานฯ (หน่วยงานรัฐ) -> BY12.2 The Facilitator: -2.3 The Guarantor: -2.4 The Specialist: -2.5 The Mandatory Facility: -2.6 The Essential Ecosystem Partner: -3) ผู้รับผลกระทบแฝง/สืบเนื่อง (Hidden Targets): -4) สินค้า/บริการที่ถูกควบคุม: บริการที่ปรึกษาภาครัฐ -> BY15) ข้อยกเว้น/การผ่อนผัน: -ส่วนที่ 2: สรุปผลรหัสและ Impact Classification[BY1] การจัดซื้อจัดจ้างภาครัฐและเอกชนคู่ค้า : [Rights & Admin]1) เกี่ยวอย่างไร: ระเบียบกำหนดให้มีการประเมินผลการปฏิบัติงานของที่ปรึกษาที่ขึ้นทะเบียนรับงานรัฐ (ข้อ 1).  2) ต้องทำ/ห้ามทำอะไร: รับทราบเกณฑ์การประเมินผล และใช้สิทธิอุทธรณ์ต่อสำนักงานได้หากถูกปรับลดระดับ (ข้อ 9 (2), (4)).  3) ความเสี่ยง: อาจถูกปรับลดระดับการเป็นที่ปรึกษาเป็นระยะเวลาไม่เกิน 2 ปี (ข้อ 9 (2)).  [AC5] วิศวกรและสถาปนิก : [Rights & Admin]1) เกี่ยวอย่างไร: ที่ปรึกษาด้านวิศวกรรมและสถาปัตยกรรมตกเป็นผู้ถูกประเมินผลการทำงาน (ข้อ 4 (3)).  2) ต้องทำ/ห้ามทำอะไร: รับทราบเกณฑ์และรักษาสิทธิอุทธรณ์กรณีถูกปรับลดระดับ (ข้อ 9 (2), (4)).  3) ความเสี่ยง: ถูกจำกัดสิทธิหรือปรับลดระดับการรับงานรัฐ (ข้อ 9 (2)).  [AK7] บริการทางการเงินอื่นๆ และระบบชำระเงิน : [Rights & Admin]1) เกี่ยวอย่างไร: ที่ปรึกษาด้านการเงินอิสระที่รับงานรัฐถูกประเมินผลการปฏิบัติงาน (ข้อ 4 (3)).  2) ต้องทำ/ห้ามทำอะไร: รับทราบเกณฑ์และดำเนินการขออุทธรณ์ได้หากถูกปรับลดระดับ (ข้อ 9 (2), (4)).  3) ความเสี่ยง: เสี่ยงต่อการถูกปรับลดระดับสถานะคู่ค้าภาครัฐ (ข้อ 9 (2)).  [BM1] เอเจนซี่ ที่ปรึกษา และประชาสัมพันธ์ : [Rights & Admin]1) เกี่ยวอย่างไร: ที่ปรึกษาด้านการบริหารจัดการต้องถูกประเมินมาตรฐานการทำงาน (ข้อ 4 (3)).  2) ต้องทำ/ห้ามทำอะไร: เตรียมความพร้อมรับการประเมินและรักษาสิทธิในการอุทธรณ์ (ข้อ 9 (4)).  3) ความเสี่ยง: อาจถูกปรับลดระดับการเป็นที่ปรึกษาไม่เกิน 2 ปี (ข้อ 9 (2)).  [BA1] ตรวจวัดคุณภาพสิ่งแวดล้อม : [Rights & Admin]1) เกี่ยวอย่างไร: ที่ปรึกษาด้านวิทยาศาสตร์/สิ่งแวดล้อมถูกครอบคลุมในเกณฑ์การประเมินนี้ (ข้อ 4 (3)).  2) ต้องทำ/ห้ามทำอะไร: ปฏิบัติตามเกณฑ์ประสิทธิภาพและประสิทธิผล และสามารถอุทธรณ์ได้ (ข้อ 9 (1), (4)).  3) ความเสี่ยง: ถูกปรับลดระดับการเป็นที่ปรึกษา (ข้อ 9 (2)).  ส่วนที่ 3: ด่านคัดกรอง (Self-Correction Gate)",100%,-
5,100005,กฎกระทรวง การนำเข้า ส่งออก หรือนำผ่านราชอาณาจักรซึ่งสัตว์หรือซากสัตว์ พ.ศ. 2563,https://ratchakitcha.soc.go.th/documents/17120011.pdf,บังคับใช้,,-,-,14,กุมภาพันธ์,2563,13 มิถุนายน 2563,-,กฎกระทรวง,"พระราชบัญญัติ โรคระบาดสัตว์ พ.ศ. 2558 มาตรา 5, พระราชบัญญัติ โรคระบาดสัตว์ พ.ศ. 2558 มาตรา 32 (2)",พระราชบัญญัติโรคระบาดสัตว์ พ.ศ. 2558 มาตรา 31,"กรมปศุสัตว์, กระทรวงเกษตรและสหกรณ์",-,-,-,กำหนดให้การนำเข้า ส่งออก หรือนำผ่านราชอาณาจักรซึ่งสัตว์หรือซากสัตว์ต้องได้รับการดำเนินการป้องกันและควบคุมโรคระบาดและทำเครื่องหมายประจำตัวสัตว์ก่อนการเคลื่อนย้าย ต้องดำเนินการในบริเวณท่าเข้า หรือท่าออกตามที่กำหนด และต้องปฏิบัติตามคำสั่งของสัตวแพทย์ประจำท่า เมื่อมีเหตุอันควรสงสัยสามารถสั่งนำไปสถานกักกันสัตว์หรือที่พักซากสัตว์เพื่อสังเกตอาการได้ไม่เกิน 60 วันสำหรับสัตว์และไม่เกิน 15 วันสำหรับซากสัตว์ และขยายเวลาได้ครั้งละไม่เกิน 30 วันหรือ 15 วันตามกรณี โดยผู้รับใบอนุญาตรับผิดชอบการดูแลควบคุมและค่าใช้จ่าย หากตรวจพบว่าเป็นโรคระบาดหรือเป็นพาหะให้ทำลายหรือจัดการโดยวิธีอื่นตามที่กำหนด รวมทั้งทำลายเชื้อโรคที่ยานพาหนะ ภาชนะสิ่งห่อหุ้ม หรือกักขัง ก่อนอนุญาตให้นำออกจากพื้นที่ท่าเข้า สำหรับการนำเข้า การส่งออก และการนำผ่านต้องยื่นคำขออนุญาตตามหลักเกณฑ์ที่กำหนด และการนำผ่านห้ามเปิด เปลี่ยน หรือถ่ายสัตว์หรือซากสัตว์ระหว่างท่าเข้าถึงท่าออก เว้นแต่มีเหตุสุดวิสัยภายใต้คำสั่งและการควบคุมของสัตวแพทย์ประจำท่า,"ผู้รับใบอนุญาตนำเข้า ส่งออก หรือนำผ่านราชอาณาจักรซึ่งสัตว์หรือซากสัตว์ ต้องดำเนินการดังนี้:

การนำเข้าและนำผ่านราชอาณาจักร: ต้องยื่นคำขออนุญาตนำเข้าหรือนำผ่านต่ออธิบดีหรือผู้ได้รับมอบหมายตามหลักเกณฑ์ที่กำหนด (อ้างอิง ข้อ 9, 20) และต้องนำสัตว์หรือซากสัตว์เข้าผ่านท่าเข้าที่รัฐมนตรีประกาศกำหนดเท่านั้น (อ้างอิง ข้อ 3) ห้ามนำสัตว์หรือซากสัตว์ออกจากยานพาหนะจนกว่าจะผ่านการตรวจและได้รับอนุญาตจากสัตวแพทย์ประจำท่าเข้า (อ้างอิง ข้อ 11, 21)

การส่งออกนอกราชอาณาจักร: ต้องยื่นคำขออนุญาตส่งออกต่ออธิบดีหรือผู้ได้รับมอบหมาย (อ้างอิง ข้อ 16) และต้องนำสัตว์หรือซากสัตว์ไปยังสถานกักกันหรือสถานที่ที่สัตวแพทย์ประจำท่าออกเห็นสมควรก่อนดำเนินการส่งออก (อ้างอิง ข้อ 17)

การปฏิบัติตามคำสั่งสัตวแพทย์: ต้องจัดการสัตว์หรือซากสัตว์ตามคำสั่งของสัตวแพทย์ประจำท่าเข้าหรือท่าออกเพื่อป้องกันโรคระบาด (อ้างอิง ข้อ 4, 18) หากต้องกักสัตว์หรือซากสัตว์เพื่อสังเกตอาการ ต้องเป็นผู้รับผิดชอบการดูแลและค่าใช้จ่ายทั้งหมด (อ้างอิง ข้อ 14, 18)

ข้อห้ามระหว่างการนำผ่าน: ห้ามเปิด เปลี่ยน หรือถ่ายสัตว์หรือซากสัตว์จากภาชนะหรือยานพาหนะระหว่างทางจากท่าเข้าถึงท่าออก เว้นแต่กรณีสุดวิสัยที่ต้องอยู่ภายใต้การควบคุมของสัตวแพทย์ (อ้างอิง ข้อ 23)

สิทธิที่ควรทราบ / การติดตามผล:

การขยายเวลากักสัตว์: มีสิทธิได้รับหนังสือแจ้งการขยายเวลาและเหตุผลความจำเป็นแต่ละครั้งจากสัตวแพทย์ก่อนสิ้นกำหนดเวลาเดิม (อ้างอิง ข้อ 14)
การยกเลิกการกัก: จะได้รับคำสั่งยกเลิกการกักเมื่อครบกำหนดเวลาหรือผลตรวจวิเคราะห์ไม่พบเชื้อโรคระบาด (อ้างอิง ข้อ 14)",โทษเชื่อมโยงจากกฎหมายแม่,รอเชื่อมโยง: พระราชบัญญัติ โรคระบาดสัตว์ พ.ศ. 2558 มาตรา 5 และมาตรา 32,"คำขออนุญาตนำสัตว์หรือซากสัตว์เข้ามาในราชอาณาจักร, คำขออนุญาตนำสัตว์หรือซากสัตว์ออกนอกราชอาณาจักร, คำขออนุญาตนำสัตว์หรือซากสัตว์ผ่านราชอาณาจักร",ราชกิจจานุเบกษา เล่ม 137 ตอนที่ 13 ก หน้า 1,"1) หนังสือรับรองสุขภาพสัตว์, 2) หนังสือรับรองสุขศาสตร์ซากสัตว์",,"ผู้ประกอบกิจการนำเข้า ส่งออก หรือนำผ่านสัตว์หรือซากสัตว์, ผู้รับใบอนุญาตนำเข้า ส่งออก หรือนำผ่านสัตว์หรือซากสัตว์ตามมาตรา 31, บุคคลทั่วไปที่ประสงค์จะนำเข้า ส่งออก หรือนำผ่านสัตว์หรือซากสัตว์","นำเข้า, ส่งออก, นำผ่าน, กักสัตว์, ตรวจโรค, ทำลายเชื้อโรค","สัตว์, ซากสัตว์","โรคระบาดสัตว์, ใบอนุญาต, กักกันสัตว์, ตรวจโรค, ทำลายเชื้อโรค","AA17, AA20, AA2, B3, AQ4, BG2","CC17, CC19, CC20, CC34, BL3, AT8, AQ4, AQ7","1.1 ส่วนที่ 1: พื้นที่ทดเลขในใจ (Context Analysis & Workflow Simulation)0) เขตอำนาจกฎหมาย (Jurisdiction Awareness): พ.ร.บ.โรคระบาดสัตว์ พ.ศ. 2558 (กรมปศุสัตว์) เจตนารมณ์เพื่อป้องกันและควบคุมโรคระบาดผ่านกระบวนการนำเข้า ส่งออก และนำผ่านราชอาณาจักรซึ่งสัตว์หรือซากสัตว์  0.5) Umbrella Term Check: พบคำว่า 'สัตว์หรือซากสัตว์' -> แตกแขนงเป็น: ปศุสัตว์ (วัว หมู ไก่), สัตว์เลี้ยง (สุนัข แมว), สัตว์แปลก/Exotic, และชิ้นส่วนซากสัตว์/เนื้อสัตว์ดิบ (กรองเฉพาะกลุ่มภายใต้เขตอำนาจกรมปศุสัตว์)  1) กลุ่มผู้ถูกบังคับใช้หลักทั้งหมด: ผู้นำเข้า/ส่งออกสัตว์และเนื้อสัตว์, ผู้นำเข้าสัตว์เลี้ยง/สัตว์แปลก -> [AA17, AA20]2) ผู้ให้บริการใน Ecosystem คือใคร:2.1 The Validator: สัตวแพทย์ประจำท่าเข้า/ออก (เจ้าหน้าที่รัฐ) -> [-]2.2 The Facilitator: ผู้รับจัดการขนส่งผ่านแดน/ถ่ายลำ และผู้ประกอบการขนส่งเคลื่อนย้ายสัตว์ -> [AA2, B3]2.3 The Guarantor: -> [-]2.4 The Specialist: ห้องปฏิบัติการตรวจวิเคราะห์และชันสูตรโรคสัตว์ -> [AQ4]2.5 The Mandatory Facility: สถานกักกันสัตว์ และคลังสินค้าห้องเย็นสำหรับพักซากสัตว์ -> [BG2]2.6 The Essential Ecosystem Partner: -> [-]3) ผู้รับผลกระทบแฝง/สืบเนื่อง: ฟาร์มปศุสัตว์ปลายทาง -> [B1]4) สินค้า/บริการที่ถูกควบคุม: สัตว์มีชีวิต ซากสัตว์ ยานพาหนะ และภาชนะห่อหุ้มที่ใช้ขนส่ง  5) ข้อยกเว้น/การผ่อนผัน: อธิบดีมีอำนาจสั่งผ่อนผันเป็นกรณีพิเศษ  1.2 ส่วนที่ 2: สรุปผลรหัสและ Impact Classification[AA17] สัตว์มีชีวิต เนื้อสัตว์ และอาหารสัตว์ : [Direct Duty]1) เกี่ยวอย่างไร: ผู้รับใบอนุญาตนำเข้า ส่งออก ต้องปฏิบัติตามมาตรการป้องกันโรคระบาดสัตว์  2) ต้องทำอะไร: นำสัตว์เข้าออกเฉพาะพื้นที่ตรวจโรค ทำเครื่องหมายประจำตัว และรับผิดชอบค่าใช้จ่ายในการกักกัน (ข้อ 2, 9, 16)  3) ความเสี่ยง: ถูกสั่งทำลายสัตว์หรือซากสัตว์หากพบเชื้อโรค หรือฝ่าฝืนคำสั่งสัตวแพทย์  [AA20] สัตว์เลี้ยงพิเศษ และสัตว์ป่าคุ้มครอง : [Direct Duty]1) เกี่ยวอย่างไร: เป็นกลุ่มผู้นำเข้าสัตว์มีชีวิตเพื่อการพาณิชย์ซึ่งต้องผ่านด่านกักกันสัตว์  2) ต้องทำอะไร: ต้องขออนุญาต ยื่นเอกสาร และมีหนังสือรับรองสุขภาพสัตว์กำกับมาด้วย  3) ความเสี่ยง: ถูกสั่งกักสัตว์ไว้สังเกตอาการนานสูงสุด 60 วันหากมีเหตุสงสัย  [AA2] ตัวแทนออกของและรับจัดการขนส่ง (รวมผ่านแดน/ถ่ายลำ) : [Direct Duty]1) เกี่ยวอย่างไร: เป็นผู้จัดการกระบวนการนำผ่านราชอาณาจักร (Transit) ตั้งแต่ท่าเข้าจนถึงท่าออก  2) ต้องทำอะไร: ห้ามเปิด เปลี่ยน หรือถ่ายสัตว์จากภาชนะหรือยานพาหนะระหว่างนำผ่าน เว้นแต่มีเหตุสุดวิสัยและอยู่ภายใต้การควบคุมของสัตวแพทย์ (ข้อ 23)  3) ความเสี่ยง: ผิดเงื่อนไขการนำผ่านและถูกดำเนินคดีทางกฎหมาย  [B3] โรคระบาดและการเคลื่อนย้ายสัตว์ : [Direct Duty]1) เกี่ยวอย่างไร: ควบคุมผู้ให้บริการยานพาหนะขนส่งสัตว์ระหว่างด่านหรือภายในท่าเข้าออก  2) ต้องทำอะไร: ยานพาหนะต้องถูกตรวจสอบ ทำลายเชื้อโรค และห้ามนำสัตว์ออกจากยานพาหนะก่อนได้รับอนุญาต (ข้อ 11, 15)  3) ความเสี่ยง: ถูกสั่งระงับการเคลื่อนย้ายพาหนะ และต้องรับภาระค่าทำลายเชื้อโรคที่พาหนะ  [AQ4] ห้องปฏิบัติการและชันสูตรโรคสัตว์ : [Service Opportunity]1) เกี่ยวอย่างไร: สัตวแพทย์ประจำท่าอาจจำเป็นต้องเก็บตัวอย่างสัตว์หรือซากสัตว์เพื่อส่งทดสอบโรคระบาด (ข้อ 14)  2) ต้องทำอะไร: เป็นผู้ให้บริการตรวจวิเคราะห์ทางห้องปฏิบัติการเพื่อหาเชื้อโรคระบาด  3) ความเสี่ยง: -[BG2] คลังสินค้าห้องเย็น : [Service Opportunity]1) เกี่ยวอย่างไร: กฎหมายระบุให้มีการกักซากสัตว์ใน ""สถานกักกันหรือที่พักซากสัตว์ที่กรมปศุสัตว์รับรอง"" (ข้อ 14, 17)  2) ต้องทำอะไร: เป็นสถานที่ให้บริการเช่าพื้นที่กักเก็บซากสัตว์/เนื้อสัตว์นำเข้าและส่งออก  3) ความเสี่ยง: -1.3 ส่วนที่ 3: ด่านคัดกรอง (Self-Correction Gate)รหัส [B1] ฟาร์มปศุสัตว์และการเลี้ยงสัตว์ ถูกปัดตกเนื่องจาก: กฎหมายฉบับนี้มุ่งเน้นควบคุมขั้นตอนกระบวนการที่หน้าด่านพรมแดน ท่าเรือ หรือสนามบิน ซึ่งภาระตกกับผู้ที่ถือใบอนุญาตนำเข้า/ส่งออก (AA17, AA20) และผู้ขนส่ง (AA2) โดยตรง ไม่ได้สร้างหน้าที่ใหม่หรือข้อบังคับให้ฟาร์มปศุสัตว์ภายในประเทศต้องปฏิบัติโดยตรง",100%,[ข้อยกเว้น] ห้ามเข้าไปในพื้นที่ตรวจโรคและทำลายเชื้อโรคสำหรับสัตว์หรือซากสัตว์ เว้นแต่ได้รับอนุญาตจากสัตวแพทย์ประจำท่าเข้าหรือสัตวแพทย์ประจำท่าออก<br>[ข้อยกเว้น] ห้ามนำสัตว์หรือซากสัตว์ออกจากยานพาหนะ เว้นแต่สัตวแพทย์ประจำท่าเข้านั้นได้ตรวจและอนุญาตแล้ว<br>[ข้อยกเว้น] ห้ามเปิด เปลี่ยน หรือถ่ายสัตว์หรือซากสัตว์ระหว่างนำผ่านราชอาณาจักร เว้นแต่กรณีเหตุสุดวิสัยซึ่งต้องดำเนินการภายใต้คำสั่งและการควบคุมของสัตวแพทย์ประจำท่าเข้า<br>[ข้อยกเว้น] อาจผ่อนผันการปฏิบัติตามกฎกระทรวงนี้ในเรื่องใดเป็นกรณีพิเศษเฉพาะรายได้ภายใต้เงื่อนไขที่กำหนด โดยไม่ขัดหรือแย้งกับกฎหมายแม่บท
6,100006,กฎกระทรวง กำหนดบริเวณห้ามก่อสร้าง ดัดแปลง หรือเปลี่ยนการใช้อาคารบางชนิดหรือบางประเภท ในพินทีบางส่วนในท้องทีจังหวัดปราจีนบุรี พ.ศ. 2563,https://ratchakitcha.soc.go.th/documents/17120012.pdf,บังคับใช้,,-,-,14,กุมภาพันธ์,2563,14 กุมภาพันธ์ 2563,-,กฎกระทรวง,"พระราชบัญญัติควบคุมอาคาร พ.ศ. 2522 มาตรา 5 (3), พระราชบัญญัติควบคุมอาคาร พ.ศ. 2522 มาตรา 8 (10)","พระราชบัญญัติควบคุมอาคาร พ.ศ. 2522, พระราชบัญญัติควบคุมอาคาร (ฉบับที่ 3) พ.ศ. 2543, กฎกระทรวงกำหนดบริเวณห้ามก่อสร้าง ดัดแปลง หรือเปลี่ยนการใช้อาคารบางชนิดหรือบางประเภท ในพื้นที่บางส่วนในท้องที่ตำบลดงพระราม ตำบลหน้าเมือง ตำบลรอบเมือง ตำบลบางบริบูรณ์ และตำบลท่างาม อำเภอเมืองปราจีนบุรี จังหวัดปราจีนบุรี พ.ศ. 2547, กฎกระทรวงกำหนดบริเวณห้ามก่อสร้าง ดัดแปลง หรือเปลี่ยนการใช้อาคารบางชนิดหรือบางประเภท ในพื้นที่บางส่วนในท้องที่ตำบลเมืองเก่า ตำบลนนทรี ตำบลกบินทร์ ตำบลวังดาล ตำบลนาแขม ตำบลบ้านนา และตำบลบ่อทอง อำเภอกบินทร์บุรี จังหวัดปราจีนบุรี พ.ศ. 2547",กระทรวงมหาดไทย,-,-,ปราจีนบุรี,"กำหนดบริเวณห้ามก่อสร้างอาคารพาณิชยกรรมประเภทค้าปลีกค้าส่งในท้องที่จังหวัดปราจีนบุรีบางส่วน และห้ามดัดแปลงหรือเปลี่ยนการใช้อาคารใด ๆ ให้เป็นอาคารชนิดหรือประเภทที่มีลักษณะต้องห้ามตามที่กำหนด โดยอาคารพาณิชยกรรมประเภทค้าปลีกค้าส่งให้คำนวณพื้นที่ใช้สอยเฉพาะส่วนที่ใช้ประกอบกิจการ ไม่รวมพื้นที่เก็บสินค้า พื้นที่สำนักงาน และพื้นที่ส่วนอื่นภายในอาคาร กำหนดข้อยกเว้นและเงื่อนไขสำหรับอาคารขนาด 300 ตารางเมตรขึ้นไปแต่ไม่เกิน 1,000 ตารางเมตร และอาคารเกิน 1,000 ตารางเมตร เช่น ต้องอยู่ติดถนนสาธารณะตามขนาดที่กำหนด ต้องเว้นระยะจากทางร่วมทางแยก มีที่ว่างและพื้นที่สวนหรือปลูกต้นไม้ตามสัดส่วน มีอัตราส่วนพื้นที่อาคารรวมต่อพื้นที่ตั้งอาคารไม่เกิน 0.5 ต่อ 1 มีระยะห่างด้านหน้า ด้านข้าง และด้านหลังตามที่กำหนด ต้องมีที่จอดรถยนต์ตามอัตรา 1 คันต่อพื้นที่อาคาร 20 ตารางเมตรหรือ 50 ตารางเมตร และที่พักมูลฝอยต้องอยู่ห่างจากเขตที่ดินของผู้อื่นหรือถนนสาธารณะไม่น้อยกว่า 10 เมตร รวมทั้งห่างจากสถานที่ประกอบอาหารและสถานที่เก็บอาหารตามที่กำหนด ทั้งนี้อาคารที่มีอยู่ก่อนวันที่กฎกระทรวงใช้บังคับและอาคารที่ได้รับใบอนุญาตหรือใบรับแจ้งก่อนวันดังกล่าวให้ได้รับยกเว้นไม่ต้องปฏิบัติตาม แต่ห้ามเปลี่ยนแปลงให้ขัดต่อกฎกระทรวงนี้","ผู้ประกอบการที่ประสงค์จะก่อสร้างอาคารพาณิชยกรรมประเภทค้าปลีกค้าส่งในจังหวัดปราจีนบุรี ต้องดำเนินการดังนี้:

ตรวจสอบพื้นที่ก่อสร้าง: ตรวจสอบตำแหน่งที่ตั้งโครงการว่าอยู่ในเขตพื้นที่ห้ามก่อสร้างตามที่ระบุในประกาศหรือไม่ หากอยู่ในเขตห้าม ต้องปฏิบัติให้เป็นไปตามเงื่อนไขที่กฎหมายกำหนดในแต่ละโซนพื้นที่อย่างเคร่งครัด (อ้างอิง ข้อ 3, 4, 5)

การออกแบบและก่อสร้างอาคาร (ขนาด 300 - 1,000 ตร.ม.): หากก่อสร้างในพื้นที่เขตเทศบาลที่กำหนด ต้องจัดให้มีที่ว่างตามสัดส่วนที่กฎหมายระบุ มีระยะถอยร่นด้านหน้าไม่น้อยกว่า 50 เมตร ด้านข้างและด้านหลังไม่น้อยกว่า 15 เมตร และจัดระบบที่จอดรถให้ครบถ้วนในอัตรา 1 คัน ต่อพื้นที่อาคาร 20 ตารางเมตร (อ้างอิง ข้อ 4)

การออกแบบและก่อสร้างอาคาร (เกิน 1,000 ตร.ม.): หากก่อสร้างในพื้นที่ควบคุมตามที่กำหนด ต้องตั้งอยู่ในทำเลที่ห่างจากเขตเทศบาลไม่น้อยกว่า 3 กิโลเมตร ติดถนนสาธารณะเขตทางไม่น้อยกว่า 40 เมตร และมีระบบทางคู่ขนานเชื่อมต่อทางเข้าออก รวมถึงมีที่จอดรถสำหรับ 1,000 ตารางเมตรแรกในอัตรา 1 คัน ต่อ 20 ตารางเมตร และส่วนที่เกิน 1,000 ตารางเมตร ในอัตรา 1 คัน ต่อ 40 ตารางเมตร (อ้างอิง ข้อ 5)

การจัดการที่พักมูลฝอย: จัดวางตำแหน่งที่พักมูลฝอยให้ห่างจากเขตที่ดินผู้อื่นหรือถนนสาธารณะไม่น้อยกว่า 10 เมตร และห่างจากสถานที่ประกอบหรือเก็บอาหารไม่น้อยกว่า 4 เมตร (หรือ 10 เมตร หากความจุเกิน 3 ลูกบาศก์เมตร) (อ้างอิง ข้อ 4, 5)

สิทธิที่ควรทราบ / การติดตามผล:

อาคารที่มีอยู่เดิมก่อนกฎหมายฉบับนี้มีผลบังคับใช้ ให้ได้รับยกเว้นไม่ต้องปฏิบัติตามกฎนี้ แต่ห้ามดัดแปลงหรือเปลี่ยนการใช้ให้ขัดต่อลักษณะต้องห้ามตามประกาศ (อ้างอิง ข้อ 7)
อาคารที่ได้รับใบอนุญาตหรือใบรับแจ้งการก่อสร้างไว้แล้วก่อนวันที่กฎหมายนี้มีผลบังคับใช้ ให้ได้รับยกเว้นการปฏิบัติตาม แต่ห้ามขอเปลี่ยนแปลงการอนุญาตให้ขัดต่อกฎกระทรวงนี้ (อ้างอิง ข้อ 8)",โทษเชื่อมโยงจากกฎหมายแม่,รอเชื่อมโยง: พระราชบัญญัติควบคุมอาคาร พ.ศ. 2522 มาตรา 5 และมาตรา 8,-,ราชกิจจานุเบกษา เล่ม 137 ตอนที่ 13 ก หน้า 8,1) ใบอนุญาตหรือใบรับแจ้งการก่อสร้าง ดัดแปลง หรือเปลี่ยนการใช้ตามกฎหมายว่าด้วยการควบคุมอาคาร,,"ผู้ประกอบการอาคารพาณิชยกรรมประเภทค้าปลีกค้าส่งในจังหวัดปราจีนบุรี, ผู้ขอรับใบอนุญาตก่อสร้าง ดัดแปลง หรือเปลี่ยนการใช้อาคารในจังหวัดปราจีนบุรี","ก่อสร้างอาคาร, ดัดแปลงอาคาร, เปลี่ยนการใช้, ค้าปลีกค้าส่ง, พาณิชยกรรม","อสังหาริมทรัพย์และที่ดิน, บริการก่อสร้าง, บริการค้าปลีกค้าส่ง","ควบคุมอาคาร, ห้ามก่อสร้างอาคาร, ดัดแปลงอาคาร, เปลี่ยนการใช้อาคาร, อาคารพาณิชยกรรมประเภทค้าปลีกค้าส่ง","AB2, AB3, AC1, AC5, CD2",CF3,"ส่วนที่ 1: พื้นที่ทดเลขในใจ (Context Analysis & Workflow Simulation)0) เขตอำนาจกฎหมาย (Jurisdiction Awareness): กฎหมายแม่บทคือ พ.ร.บ.ควบคุมอาคาร พ.ศ. 2522 ควบคุมโดยกระทรวงมหาดไทย เจตนารมณ์หลักคือการบังคับใช้ผังเมือง ควบคุมการก่อสร้างและดัดแปลงอาคารพาณิชยกรรมประเภทค้าปลีกค้าส่งในพื้นที่จังหวัดปราจีนบุรี เพื่อป้องกันอัคคีภัยและการจราจร  0.5) Umbrella Term Check: ไม่มี (กฎหมายระบุเป้าหมายชัดเจนคือ อาคารพาณิชยกรรมประเภทค้าปลีกค้าส่ง)  1) กลุ่มผู้ถูกบังคับใช้หลักทั้งหมด: ธุรกิจห้างสรรพสินค้า ศูนย์การค้าส่ง โมเดิร์นเทรด และนักพัฒนาอสังหาริมทรัพย์ที่ต้องการตั้งอาคารขนาดพื้นที่ตั้งแต่ 300 ตร.ม. ขึ้นไป -> [AB2, AB3, CD2]  2) ผู้ให้บริการใน Ecosystem คือใคร:2.1 The Validator: วิศวกรและสถาปนิกผู้ออกแบบอาคาร -> [AC5]2.2 The Facilitator: -2.3 The Guarantor: -2.4 The Specialist: -2.5 The Mandatory Facility: -2.6 The Essential Ecosystem Partner: ผู้รับเหมาก่อสร้าง -> [AC1]3) ผู้รับผลกระทบแฝง/สืบเนื่อง (Hidden Targets): -4) สินค้า/บริการที่ถูกควบคุม: การก่อสร้าง ดัดแปลง หรือเปลี่ยนการใช้อาคารพาณิชยกรรมค้าปลีกค้าส่ง  5) ข้อยกเว้น/การผ่อนผัน: ตลาดตามกฎหมายสาธารณสุข อาคารจำหน่ายสินค้าชุมชน และอาคารเดิมที่ได้รับอนุญาตก่อนกฎกระทรวงใช้บังคับ  ส่วนที่ 2: สรุปผลรหัสและ Impact Classification[AB3] ห้างสรรพสินค้าและโมเดิร์นเทรด : [Rights & Admin]1) เกี่ยวอย่างไร: ถูกจำกัดสิทธิการก่อสร้างอาคารตั้งแต่ 300 ตร.ม. ขึ้นไปในเขตพื้นที่ควบคุมของ จ.ปราจีนบุรี  2) ต้องทำอะไร: หากอยู่ในเขตผ่อนผัน ต้องหาที่ดินติดถนนสาธารณะ 4 ช่องจราจร และร่นระยะด้านหน้าอาคาร 50-75 เมตร  3) ความเสี่ยง: ไม่สามารถเปิดดำเนินการหรือตั้งสาขาขนาดใหญ่ใหม่ได้[AB2] ผู้ค้าส่งและตัวแทนจำหน่าย : [Rights & Admin]1) เกี่ยวอย่างไร: ข้อห้ามครอบคลุมถึงอาคารค้าส่งสินค้าอุปโภคบริโภคขนาดใหญ่  2) ต้องทำอะไร: รับทราบและปฏิบัติตามเงื่อนไขอัตราส่วนพื้นที่อาคารรวม (FAR) ไม่เกิน 0.8 ต่อ 1  3) ความเสี่ยง: ถูกระงับการก่อสร้างหรือเพิกถอนใบอนุญาตหากฝ่าฝืน[CD2] ผังเมืองและการใช้ประโยชน์ที่ดิน : [Rights & Admin]1) เกี่ยวอย่างไร: เป็นการกำหนดโซนนิ่งและประเมินศักยภาพของที่ดินพาณิชยกรรม  2) ต้องทำอะไร: Developer ต้องเว้นที่ว่าง 70-80% ของที่ดิน และจัดพื้นที่สีเขียวไม่น้อยกว่าร้อยละ 20 ของที่ว่าง  3) ความเสี่ยง: แบบแปลนโครงการก่อสร้างไม่ผ่านการพิจารณาอนุมัติ[AC5] วิศวกรและสถาปนิก : [Service Opportunity]1) เกี่ยวอย่างไร: ต้องใช้ความเชี่ยวชาญเฉพาะทางในการออกแบบโครงสร้างให้ตรงตามกฎหมาย  2) ต้องทำอะไร: คำนวณที่จอดรถ 1 คันต่อพื้นที่ 20-40 ตร.ม. และวางระยะห่างจากศูนย์ราชการหรือศาสนสถาน 500 เมตรหากอาคารสูงเกิน 10 เมตร  3) ความเสี่ยง: ออกแบบผิดพลาดทำให้ผู้ว่าจ้างไม่ได้รับใบอนุญาตก่อสร้าง[AC1] การก่อสร้างอาคาร : [Indirect Impact]1) เกี่ยวอย่างไร: ห้ามทำการก่อสร้างหรือดัดแปลงอาคารให้ผิดจากข้อกำหนด  2) ต้องทำอะไร: งดเว้นการรับเหมาก่อสร้างอาคารค้าปลีก/ค้าส่งที่ขัดต่อแนวร่นหรือเขตห้ามก่อสร้างตามกฎกระทรวงนี้  3) ความเสี่ยง: ถูกพักงานหรือรับโทษระงับการก่อสร้าง[CF3] กฎหมายท้องถิ่น สุขาภิบาล และควบคุมอาคาร : [Direct Duty]1) เกี่ยวอย่างไร: เป็นข้อบังคับมาตรฐานอาคารและระบบสุขาภิบาล  2) ต้องทำอะไร: จัดการที่พักมูลฝอยให้ขนย้ายสะดวก ห่างเขตที่ดินผู้อื่น 10 เมตร และห่างสถานที่ประกอบอาหารไม่น้อยกว่า 4 เมตร  3) ความเสี่ยง: กระทำผิด พ.ร.บ.ควบคุมอาคาร และไม่ได้รับอนุญาตใช้อาคารส่วนที่ 3: ด่านคัดกรอง (Self-Correction Gate)-",100%,[ข้อยกเว้น] ยกเว้นอาคารที่มีอยู่แล้วในบริเวณพื้นที่ที่กำหนดก่อนวันที่กฎกระทรวงใช้บังคับให้ไม่ต้องปฏิบัติตาม แต่ห้ามดัดแปลงหรือเปลี่ยนการใช้อาคารดังกล่าวให้เป็นอาคารชนิดหรือประเภทที่มีลักษณะต้องห้าม (ยังอยู่ในช่วงผ่อนผัน) <br>[ข้อยกเว้น] ยกเว้นอาคารที่ได้รับใบอนุญาตหรือใบรับแจ้งการก่อสร้าง ดัดแปลง หรือเปลี่ยนการใช้ หรือที่ได้รับอนุญาตตามกฎหมายเฉพาะก่อนวันที่กฎกระทรวงใช้บังคับและยังก่อสร้าง ดัดแปลง หรือเปลี่ยนการใช้ไม่แล้วเสร็จให้ไม่ต้องปฏิบัติตาม แต่จะขอเปลี่ยนแปลงการอนุญาตหรือการแจ้งให้เป็นการขัดต่อกฎกระทรวงนี้ไม่ได้ (ยังอยู่ในช่วงผ่อนผัน)
7,100007,กฎกระทรวง กำหนดหินเป็นหินประดับหรือหินอุตสาหกรรม และดินหรือทรายเป็นดินอุตสาหกรรมหรือทรายอุตสาหกรรม พ.ศ. 2563,https://ratchakitcha.soc.go.th/documents/17120013.pdf,บังคับใช้,,-,-,14,กุมภาพันธ์,2563,14 กุมภาพันธ์ 2563,-,กฎกระทรวง,"พระราชบัญญัติแร่ พ.ศ. 2560 มาตรา 4, พระราชบัญญัติแร่ พ.ศ. 2560 มาตรา 5 วรรคสี",-,กระทรวงอุตสาหกรรม,-,-,-,กำหนดให้หินกรวดมน หินกรวดเหลี่ยม หินแกรนิต หินชนวน หินทราเวอร์ทีน หินนาคกระสวย หินไนส์ หินปูน หินทราย และหินบะซอลต์ที่สามารถทำเป็นแผ่นหรือรูปทรงใดเพื่อการประดับหรือตกแต่งได้เป็นหินประดับ กำหนดให้หินตามที่กำหนดซึ่งมีคุณภาพไม่เหมาะสมที่จะทำเป็นหินประดับและหินชนิดอื่นนอกจากหินที่กำหนดเป็นหินอุตสาหกรรม กำหนดให้ดินขาว ดินซีเมนต์ ดินทนไฟ ดินเบา ไดอะทอไมต์หรือไดอะตอมเมเชียสเอิร์ท ดินมาร์ล เว้นแต่ดินมาร์ลที่นำไปผ่านกระบวนการแต่งเป็นดินสอพองเพื่อใช้ประโยชน์ในอุตสาหกรรมพื้นบ้าน ดินเหนียวสี เว้นแต่ดินเหนียวสีที่ใช้เพื่อประโยชน์ในงานหัตถกรรมหรืออุตสาหกรรมพื้นบ้าน และบอลล์เคลย์เป็นดินอุตสาหกรรม และกำหนดให้ทรายแก้วหรือทรายซิลิกาเป็นทรายอุตสาหกรรม,ไม่มีข้อปฏิบัติสำหรับภาคเอกชน เนื่องจากเป็นกฎกระทรวงที่กำหนดนิยามประเภททรัพยากรแร่เท่านั้น,โทษเชื่อมโยงจากกฎหมายแม่,รอเชื่อมโยง: พระราชบัญญัติแร่ พ.ศ. 2560 มาตรา 4 และมาตรา 5,-,ราชกิจจานุเบกษา เล่ม 137 ตอนที่ 13 ก หน้า 14,-,,"ผู้ประกอบการทำเหมืองแร่หิน ดิน และทราย, ผู้ยื่นคำขอประทานบัตรทำเหมืองแร่","กำหนดแร่, จำแนกหิน, จำแนกดิน, จำแนกทราย","แร่, หินประดับ, หินอุตสาหกรรม, ดินอุตสาหกรรม, ทรายอุตสาหกรรม","แร่, หินประดับ, หินอุตสาหกรรม, ดินอุตสาหกรรม, ทรายอุตสาหกรรม","G4, G6, G8, J1, J2",CC17,"ส่วนที่ 1: พื้นที่ทดเลขในใจ (Context Analysis & Workflow Simulation)0) เขตอำนาจกฎหมาย (Jurisdiction Awareness): กระทรวงอุตสาหกรรม โดยอาศัยอำนาจตาม พ.ร.บ. แร่ พ.ศ. 2560 มีเจตนารมณ์เพื่อกำหนดให้หิน ดิน และทรายบางประเภทเป็น ""หินประดับ หรือ หินอุตสาหกรรม"" และ ""ดินอุตสาหกรรม หรือ ทรายอุตสาหกรรม"" เพื่อยกระดับสถานะเข้าสู่กระบวนการบริหารจัดการทรัพยากรแร่  0.5) Umbrella Term Check: พบคำว่า 'หิน', 'ดิน', 'ทราย' -> แตกแขนงเป็น: หินประดับ, หินอุตสาหกรรม, หินกรวดมน, หินแกรนิต, หินปูน, ดินขาว, ดินซีเมนต์, ดินมาร์ล, บอลล์เคลย์, ทรายแก้ว, ทรายซิลิกา  1) กลุ่มผู้ถูกบังคับใช้หลักทั้งหมด (All Primary Direct Targets & Must-Notify Entities): ผู้ประกอบการเหมืองแร่, เหมืองหิน, โรงโม่หิน, บ่อดิน, ท่าทราย ที่ขุดหรือผลิตวัสดุเหล่านี้ ต้องเข้าสู่กระบวนการควบคุมตาม พ.ร.บ. แร่ -> [G4, G6]2) ผู้ให้บริการใน Ecosystem คือใคร:2.1 The Validator (ผู้ตรวจสอบ/รับรองความถูกต้อง): -2.2 The Facilitator (ตัวกลาง/ผู้จัดหาโครงสร้างพื้นฐาน): -2.3 The Guarantor (ผู้รับโอนความเสี่ยง/หลักประกัน): -2.4 The Specialist (ผู้เชี่ยวชาญ/บริการเฉพาะทาง): -2.5 The Mandatory Facility (สถานที่/โครงสร้างพื้นฐานภาคบังคับ): -2.6 The Essential Ecosystem Partner (ผู้มีส่วนร่วม/ธุรกิจอื่นๆ ที่บังคับต้องมี): ผู้รับซื้อหรือขนส่งแร่ (เนื่องจากวัสดุเหล่านี้ถูกนิยามให้เป็นแร่ตามกฎหมาย การซื้อขายและการขนส่งจึงต้องปฏิบัติตาม พ.ร.บ. แร่ ด้วย) -> [G8]3) ผู้รับผลกระทบแฝง/สืบเนื่อง (Hidden Targets): โรงงานแปรรูปหิน, โรงงานเซรามิก, โรงงานปูนซีเมนต์, และโรงงานผลิตภัณฑ์แก้ว ที่ต้องใช้วัตถุดิบเหล่านี้เป็นหลักในการผลิต -> [J1, J2]4) สินค้า/บริการที่ถูกควบคุม: หินประดับ 10 ชนิด, หินอุตสาหกรรม, ดินอุตสาหกรรม 7 ชนิด, ทรายอุตสาหกรรม 2 ชนิด -> [G4, G6]  5) ข้อยกเว้น/การผ่อนผัน: ผู้ผลิตที่ใช้ดินมาร์ลทำดินสอพอง หรือใช้ดินเหนียวสีทำหัตถกรรม/อุตสาหกรรมพื้นบ้าน ได้รับการยกเว้น -> [SUGGEST_NEW]  ส่วนที่ 2: สรุปผลรหัสและ Impact Classification[G4] เหมืองหินและโรงโม่หิน : [Direct Duty]1) เกี่ยวอย่างไร: กฎหมายกำหนดให้หินประดับ (เช่น หินแกรนิต หินปูน) และหินอุตสาหกรรม มีสถานะเข้าข่ายการควบคุม  2) ต้องทำอะไร: ต้องเข้าสู่ระบบกฎหมายแร่ และดำเนินการขออนุญาตสัมปทาน/ประทานบัตรให้ถูกต้อง3) ความเสี่ยง: หากขุดหรือทำเหมืองโดยไม่ได้รับอนุญาตตามกฎหมาย จะมีโทษทางอาญาและถูกสั่งระงับกิจการ[G6] กิจการบ่อดิน ท่าทราย และดินอุตสาหกรรม : [Direct Duty]1) เกี่ยวอย่างไร: กฎหมายกำหนดให้ดินอุตสาหกรรม (เช่น ดินขาว ดินซีเมนต์) และทรายอุตสาหกรรม (ทรายแก้ว ทรายซิลิกา) เป็นแร่ที่ถูกควบคุม  2) ต้องทำอะไร: ต้องดำเนินการขออนุญาตประทานบัตรตามกฎหมายแร่3) ความเสี่ยง: ลักลอบขุดหรือประกอบกิจการโดยไม่มีประทานบัตรถือว่ามีความผิดตามกฎหมาย[G8] การซื้อขายและขนส่งแร่ : [Direct Duty]1) เกี่ยวอย่างไร: เมื่อหิน ดิน และทรายเหล่านี้กลายเป็นแร่ตามกฎหมาย การหมุนเวียนในห่วงโซ่อุปทานจะถูกควบคุม  2) ต้องทำอะไร: การครอบครอง รับซื้อ และขนส่ง ต้องมีใบอนุญาตหรือใบขนแร่กำกับ3) ความเสี่ยง: ลักลอบขนส่งหรือรับซื้อแร่ผิดกฎหมาย มีความเสี่ยงถูกจับกุมและดำเนินคดี[J1] ผลิตภัณฑ์แก้ว เซรามิก และวัสดุอุตสาหกรรม : [Indirect Impact]1) เกี่ยวอย่างไร: เป็นธุรกิจอุตสาหกรรมปลายน้ำที่พึ่งพาทรายแก้ว ทรายซิลิกา ดินขาว เป็นวัตถุดิบหลัก  2) ต้องทำอะไร: รับทราบการเปลี่ยนแปลงสถานะของวัตถุดิบและควรจัดหาวัตถุดิบจากแหล่งสัมปทานที่ถูกต้องตามกฎหมาย3) ความเสี่ยง: อาจกระทบต่อต้นทุนการจัดหาวัตถุดิบ หรือมีความผิดหากรับซื้อแร่ที่ไม่ได้รับอนุญาต[J2] ปูนซีเมนต์ คอนกรีต และหินแปรรูป : [Indirect Impact]1) เกี่ยวอย่างไร: เป็นกลุ่มอุตสาหกรรมที่ใช้หินปูน ดินซีเมนต์ และหินประดับ เป็นวัตถุดิบสำคัญ  2) ต้องทำอะไร: รับทราบข้อบังคับและงดเว้นการรับซื้อวัสดุที่ไม่ได้มาจากเหมืองแร่ที่ถูกกฎหมาย3) ความเสี่ยง: เสี่ยงต่อปัญหาคดีความในห่วงโซ่อุปทานหากใช้วัตถุดิบผิดกฎหมาย[SUGGEST_NEW] อุตสาหกรรมพื้นบ้านและหัตถกรรม : [Exempted]1) เกี่ยวอย่างไร: กฎหมายระบุข้อยกเว้นสำหรับดินมาร์ลที่ทำดินสอพอง และดินเหนียวสีที่ทำหัตถกรรมพื้นบ้าน  2) ต้องทำอะไร: รับทราบว่าได้รับการยกเว้น ไม่ถือเป็นดินอุตสาหกรรม  3) ความเสี่ยง: ไม่มีภาระต้องปฏิบัติตาม พ.ร.บ. แร่ ในกรณีนี้ส่วนที่ 3: ด่านคัดกรอง (Self-Correction Gate)-",100%,[ข้อยกเว้น] ยกเว้นดินมาร์ลที่นำไปผ่านกระบวนการแต่งเป็นดินสอพองเพื่อใช้ประโยชน์ในอุตสาหกรรมพื้นบ้านให้แก่ดินมาร์ล<br>[ข้อยกเว้น] ยกเว้นดินเหนียวสีที่ใช้เพื่อประโยชน์ในงานหัตถกรรมหรืออุตสาหกรรมพื้นบ้านให้แก่ดินเหนียวสี
8,100008,ประกาศคณะกรรมการบริหารศาลยุติธรรม เรื่อง กำหนดให้มีสำนักอำนวยการประจำศาลและสำนักงานประจำศาล (ฉบับที่ 31),https://ratchakitcha.soc.go.th/documents/17120014.pdf,บังคับใช้,,-,-,14,กุมภาพันธ์,2563,1 เมษายน 2563,-,ประกาศ,"พระราชบัญญัติระเบียบบริหารราชการศาลยุติธรรม พ.ศ. 2543 มาตรา 7 วรรคสาม, ประกาศคณะกรรมการบริหารศาลยุติธรรม เรื่อง การแบ่งส่วนราชการภายในและกำหนดอำนาจหน้าที่ของส่วนราชการในสังกัดสำนักงานศาลยุติธรรม พ.ศ. 2559 ข้อ 4 (37)",ประกาศคณะกรรมการบริหารศาลยุติธรรม เรื่อง การแบ่งส่วนราชการภายในและกำหนดอำนาจหน้าที่ของส่วนราชการในสังกัดสำนักงานศาลยุติธรรม พ.ศ. 2559,"สำนักงานศาลยุติธรรม, ประธานศาลฎีกา",-,เชียงดาว,เชียงใหม่,กำหนดให้มีสำนักงานประจำศาลแขวงเชียงดาวเพิ่มเติมเพื่อสนับสนุนและอำนวยความสะดวกให้แก่ศาลยุติธรรม และให้เปิดทำการตั้งแต่วันที่ 1 เมษายน 2563 เป็นต้นไป,ไม่มีข้อปฏิบัติสำหรับภาคเอกชน เนื่องจากเป็นกฎหมายภายในของหน่วยงานรัฐ,🔵 ฟ้า,-,-,ราชกิจจานุเบกษา เล่ม 137 ตอนที่ 13 ก หน้า 17,-,,"ข้าราชการศาลยุติธรรม, บุคลากรที่ปฏิบัติงานในสำนักงานประจำศาลแขวงเชียงดาว",-,-,"สำนักงานประจำศาล, ศาลยุติธรรม, การแบ่งส่วนราชการภายใน",CC4,CC4,ส่วนที่ 1: พื้นที่ทดเลขในใจ (Context Analysis & Workflow Simulation)0) เขตอำนาจกฎหมาย (Jurisdiction Awareness): คณะกรรมการบริหารศาลยุติธรรม (สำนักงานศาลยุติธรรม) ตาม พ.ร.บ. ระเบียบบริหารราชการศาลยุติธรรม พ.ศ. 2543 เจตนารมณ์หลักคือการกำหนดโครงสร้างการบริหารราชการภายใน โดยจัดตั้งสำนักงานประจำศาลเพิ่มเติมเพื่อสนับสนุนและอำนวยความสะดวกให้แก่กระบวนการพิจารณาคดีของศาล  0.5) Umbrella Term Check: ไม่มี1) กลุ่มผู้ถูกบังคับใช้หลักทั้งหมด (All Primary Direct Targets & Must-Notify Entities): เอกสารฉบับนี้เป็นเพียงระเบียบการบริหารงานภายในของหน่วยงานรัฐ (กระบวนการยุติธรรม) ตามกฎข้อ 2.9 จึงพุ่งเป้าไปที่การจัดโครงสร้างขององค์กรและเจ้าหน้าที่ภายในศาลยุติธรรมเท่านั้น -> [CC4]2) ผู้ให้บริการใน Ecosystem คือใคร:2.1 The Validator (ผู้ตรวจสอบ/รับรองความถูกต้อง): -2.2 The Facilitator (ตัวกลาง/ผู้จัดหาโครงสร้างพื้นฐาน): -2.3 The Guarantor (ผู้รับโอนความเสี่ยง/หลักประกัน): -2.4 The Specialist (ผู้เชี่ยวชาญ/บริการเฉพาะทาง): -2.5 The Mandatory Facility (สถานที่/โครงสร้างพื้นฐานภาคบังคับ): -2.6 The Essential Ecosystem Partner (ผู้มีส่วนร่วม/ธุรกิจอื่นๆ ที่บังคับต้องมี): -3) ผู้รับผลกระทบแฝง/สืบเนื่อง (Hidden Targets): -4) สินค้า/บริการที่ถูกควบคุม: -5) ข้อยกเว้น/การผ่อนผัน: -ส่วนที่ 2: สรุปผลรหัสและ Impact Classification[CC4] ศาลยุติธรรม : [Rights & Admin]1) เกี่ยวอย่างไร: เป็นประกาศกำหนดโครงสร้างการบริหารงานภายในเพื่อสนับสนุนและอำนวยความสะดวกแก่ศาลยุติธรรม  2) ต้องทำอะไร: รับทราบการเปิดทำการสำนักงานประจำศาลแขวงเชียงดาว ตั้งแต่วันที่ 1 เมษายน 2563 เป็นต้นไป (เป็นการแจ้งโครงสร้างทางปกครอง ไม่สร้างภาระหน้าที่ใหม่แก่ภาคธุรกิจเอกชน)  3) ความเสี่ยง: เป็นเพียงการแจ้งจัดตั้งหน่วยงานธุรการภายใน ไม่มีบทลงโทษหรือผลผูกพันทางกฎหมายต่อภาคเอกชนโดยตรงส่วนที่ 3: ด่านคัดกรอง (Self-Correction Gate)-,100%,-
12.1,1000012.1,ประกาศคณะกรรมการข้าราชการฝ่ายศาลปกครอง เรื่อง มาตรฐานกำหนดตำแหน่งและการจัดตำแหน่งข้าราชการฝ่ายศาลปกครอง เข้าประเภทตำแหน่ง สายงาน และระดับตำแหน่งตามมาตรฐานกำหนดตำแหน่ง,https://www.ratchakitcha.soc.go.th/DATA/PDF/2561/A/100/T_0009.PDF,บังคับใช้,รอตรวจสอบจากฐานข้อมูล,"ประกาศคณะกรรมการข้าราชการฝ่ายศาลปกครอง ลงวันที่ 26 มีนาคม 2552 เรื่อง มาตรฐานกำหนดตำแหน่งและการจัดตำแหน่งข้าราชการฝ่ายศาลปกครองเข้าประเภทตำแหน่ง สายงาน และระดับตำแหน่งตามมาตรฐานกำหนดตำแหน่ง, ประกาศคณะกรรมการข้าราชการฝ่ายศาลปกครอง ลงวันที่ 6 กันยายน 2554 เรื่อง มาตรฐานกำหนดตำแหน่งและการจัดตำแหน่งข้าราชการฝ่ายศาลปกครองเข้าประเภทตำแหน่ง สายงาน และระดับตำแหน่งตามมาตรฐานกำหนดตำแหน่ง (ฉบับที่ 2) พ.ศ. 2554, ประกาศคณะกรรมการข้าราชการฝ่ายศาลปกครอง ลงวันที่ 1 มิถุนายน 2555 เรื่อง มาตรฐานกำหนดตำแหน่งและการจัดตำแหน่งข้าราชการฝ่ายศาลปกครองเข้าประเภทตำแหน่ง สายงาน และระดับตำแหน่งตามมาตรฐานกำหนดตำแหน่ง (ฉบับที่ 3) พ.ศ. 2555, ประกาศคณะกรรมการข้าราชการฝ่ายศาลปกครอง ลงวันที่ 12 กรกฎาคม 2556 เรื่อง มาตรฐานกำหนดตำแหน่งและการจัดตำแหน่งข้าราชการฝ่ายศาลปกครองเข้าประเภทตำแหน่ง สายงาน และระดับตำแหน่งตามมาตรฐานกำหนดตำแหน่ง (ฉบับที่ 4), ประกาศคณะกรรมการข้าราชการฝ่ายศาลปกครอง ลงวันที่ 7 ตุลาคม 2556 เรื่อง มาตรฐานกำหนดตำแหน่งและการจัดตำแหน่งข้าราชการฝ่ายศาลปกครองเข้าประเภทตำแหน่ง สายงาน และระดับตำแหน่งตามมาตรฐานกำหนดตำแหน่ง (ฉบับที่ 5)",-,28,พฤศจิกายน,2561,3 ธันวาคม 2561,-,ประกาศ,"พระราชบัญญัติจัดตั้งศาลปกครองและวิธีพิจารณาคดีปกครอง พ.ศ. 2542 มาตรา 85, พระราชบัญญัติระเบียบข้าราชการพลเรือน พ.ศ. 2551 มาตรา 45, พระราชบัญญัติระเบียบข้าราชการพลเรือน พ.ศ. 2551 มาตรา 46, พระราชบัญญัติระเบียบข้าราชการพลเรือน พ.ศ. 2551 มาตรา 48","กฎ ก.พ. ว่าด้วยหลักเกณฑ์การจัดประเภทตำแหน่งและระดับตำแหน่ง พ.ศ. 2551, มติ ก.ขป. ในการประชุมครั้งที่ 204-9/2561 เมื่อวันที่ 10 ตุลาคม 2561","สำนักงานศาลปกครอง, ประธานศาลปกครองสูงสุด",-,-,-,ปรับปรุงมาตรฐานกำหนดตำแหน่งและการจัดตำแหน่งข้าราชการฝ่ายศาลปกครองให้สอดคล้องกับลักษณะงานของสำนักงานศาลปกครอง กำหนดให้จัดตำแหน่งตามบัญชีมาตรฐานท้ายประกาศ แบ่งเป็นประเภทบริหาร ประเภทอำนวยการ ประเภทวิชาการ และประเภททั่วไป ครอบคลุมสายงานนักบริหารงานศาลปกครอง พนักงานคดีปกครอง เจ้าหน้าที่บริหารงานศาลปกครอง เจ้าหน้าที่ศาลปกครอง นักวิชาการคอมพิวเตอร์ นักวิชาการตรวจสอบภายใน วิศวกรรมเครื่องกล วิศวกรรมไฟฟ้า วิศวกรรมโยธา สถาปัตยกรรม เจ้าพนักงานธุรการ และนายช่างเทคนิค กำหนดให้ใช้บังคับตั้งแต่วันที่ 3 ธันวาคม 2561 และให้ยกเลิกประกาศเดิม 5 ฉบับ,ไม่มีข้อปฏิบัติสำหรับภาคเอกชน เนื่องจากเป็นกฎหมายภายในของหน่วยงานรัฐ,⚪️ เทา,-,-,ราชกิจจานุเบกษา เล่ม 135 ตอนที่ 100 ก หน้า 9,1) บัญชีมาตรฐานกำหนดตำแหน่งและการจัดตำแหน่งข้าราชการฝ่ายศาลปกครอง,,ข้าราชการฝ่ายศาลปกครอง,-,-,"มาตรฐานกำหนดตำแหน่ง, การจัดตำแหน่งข้าราชการ, ศาลปกครอง, สายงาน, ระดับตำแหน่ง",CC12,CC4,"ส่วนที่ 1: พื้นที่ทดเลขในใจ (Context Analysis & Workflow Simulation)0) เขตอำนาจกฎหมาย (Jurisdiction Awareness): คณะกรรมการข้าราชการฝ่ายศาลปกครอง (ก.ขป.) ออกประกาศเรื่อง ""มาตรฐานกำหนดตำแหน่งและการจัดตำแหน่งข้าราชการฝ่ายศาลปกครอง"" เจตนารมณ์เพื่อปรับปรุงมาตรฐานกำหนดตำแหน่งของข้าราชการภายในศาลปกครองให้เหมาะสมและเป็นมาตรฐานเดียวกัน  0.5) Umbrella Term Check: ไม่มีคำศัพท์แบบร่มใหญ่ที่เกี่ยวข้องกับภาคธุรกิจเอกชน1) กลุ่มผู้ถูกบังคับใช้หลักทั้งหมด (All Primary Direct Targets & Must-Notify Entities): ประกาศฉบับนี้เป็นการจัดโครงสร้างตำแหน่งและการบริหารงานบุคคลสำหรับ ""ข้าราชการฝ่ายศาลปกครอง"" ภายในหน่วยงานศาลปกครองเท่านั้น ตามกฎข้อ 2.9 (Internal Government Exception) ให้ระบุเฉพาะรหัสของหน่วยงานราชการหรือศาลที่เกี่ยวข้อง -> [CC12]2) ผู้ให้บริการใน Ecosystem คือใคร:2.1 The Validator: -2.2 The Facilitator: -2.3 The Guarantor: -2.4 The Specialist: -2.5 The Mandatory Facility: -2.6 The Essential Ecosystem Partner: -3) ผู้รับผลกระทบแฝง/สืบเนื่อง (Hidden Targets): -4) สินค้า/บริการที่ถูกควบคุม: -5) ข้อยกเว้น/การผ่อนผัน: -ส่วนที่ 2: สรุปผลรหัสและ Impact Classification[CC12] ศาลปกครองและคดีปกครอง : [Rights & Admin]1) เกี่ยวอย่างไร: เป็นประกาศปรับปรุงมาตรฐานกำหนดตำแหน่งและการจัดประเภทระดับตำแหน่งของข้าราชการฝ่ายศาลปกครอง  2) ต้องทำอะไร: สำหรับหน่วยงานศาลปกครอง รับทราบและถือปฏิบัติตามโครงสร้างการจัดตำแหน่งใหม่ (เช่น ประเภทบริหาร, อำนวยการ, วิชาการ, ทั่วไป) ตั้งแต่วันที่ 3 ธันวาคม 2561 เป็นต้นไป  3) ความเสี่ยง: เป็นเพียงการบริหารงานบุคคลภายในองค์กร ไม่มีผลกระทบหรือความเสี่ยงทางกฎหมายต่อภาคธุรกิจเอกชนส่วนที่ 3: ด่านคัดกรอง (Self-Correction Gate)-",100%,
13,100013,คำวินิจฉัยของศาลรัฐธรรมนูญ คำวินิจฉัยที่ 1/2563 เรื่อง คำร้องขอให้ศาลรัฐธรรมนูญวินิจฉัยตามรัฐธรรมนูญ มาตรา 49,https://ratchakitcha.soc.go.th/documents/17120019.pdf,บังคับใช้,,-,-,14,กุมภาพันธ์,2563,14 กุมภาพันธ์ 2563,-,คำวินิจฉัยศาลรัฐธรรมนูญ,-,"ประมวลกฎหมายอาญา, พ.ร.บ. ว่าด้วยการกระทำความผิดเกี่ยวกับคอมพิวเตอร์ พ.ศ. 2550",ศาลรัฐธรรมนูญ,-,-,-,ศาลรัฐธรรมนูญรับคำร้องไว้พิจารณาเพราะผู้ร้องได้ใช้สิทธิร้องต่ออัยการสูงสุดแล้ว แต่อัยการสูงสุดมิได้ดำเนินการภายใน 15 วัน จากนั้นศาลวินิจฉัยว่า ข้อเท็จจริงที่อ้างและเอกสารที่ปรากฏยังไม่เพียงพอที่จะฟังได้ว่าผู้ถูกร้องทั้งสี่ใช้สิทธิหรือเสรีภาพเพื่อล้มล้างการปกครองระบอบประชาธิปไตยอันมีพระมหากษัตริย์ทรงเป็นประมุข และการกระทำอื่นใดจะเป็นความผิดตามประมวลกฎหมายอาญาหรือกฎหมายอื่นหรือไม่เป็นอีกส่วนหนึ่งต่างหาก,ไม่มีข้อปฏิบัติสำหรับภาคเอกชน เนื่องจากเป็นคำวินิจฉัยของศาลรัฐธรรมนูญที่มีผลผูกพันหน่วยงานรัฐและผู้เกี่ยวข้องตามรัฐธรรมนูญ,⚪️ เทา,มีโทษทางปกครอง (การเพิกถอนข้อบังคับพรรคการเมือง),การจดทะเบียนจัดตั้งพรรคการเมือง,ราชกิจจานุเบกษา เล่ม 137 ตอนที่ 13 ก หน้า 22,"1) คำขอจดทะเบียนจัดตั้งพรรคการเมือง, 2) ข้อบังคับพรรคการเมือง",,ผู้ดำรงตำแหน่งทางการเมือง,"จดทะเบียนพรรค, ยื่นคำร้อง, วินิจฉัยศาล, แก้ข้อกล่าวหา","พรรคการเมือง, คำวินิจฉัยศาลรัฐธรรมนูญ","การล้มล้างการปกครอง, สิทธิหรือเสรีภาพ, พรรคการเมือง, คำร้องต่ออัยการสูงสุด",CE1,-,ส่วนที่ 1: พื้นที่ทดเลขในใจ (Context Analysis & Workflow Simulation)0) เขตอำนาจกฎหมาย: ศาลรัฐธรรมนูญ / รัฐธรรมนูญแห่งราชอาณาจักรไทย มาตรา 49  0.5) Umbrella Term Check: ไม่มี1) กลุ่มผู้ถูกบังคับใช้หลักทั้งหมด: ศาลรัฐธรรมนูญ และคู่กรณีในคดี (พรรคอนาคตใหม่ และผู้ถูกร้องทั้งสี่) -> [CE1]  2) ผู้ให้บริการใน Ecosystem: -3) ผู้รับผลกระทบแฝง: -4) สินค้า/บริการที่ถูกควบคุม: -5) ข้อยกเว้น/การผ่อนผัน: -ส่วนที่ 2: สรุปผลรหัสและ Impact Classification* [CE1] คำวินิจฉัยศาลรัฐธรรมนูญ : [Rights & Admin]1) เกี่ยวอย่างไร (Why): วินิจฉัยคำร้องตามรัฐธรรมนูญ มาตรา 49 กรณีการใช้สิทธิหรือเสรีภาพล้มล้างการปกครองฯ  2) ต้องทำ/ห้ามทำอะไร (What to do): ปฏิบัติตามบรรทัดฐานและคำวินิจฉัยของศาลรัฐธรรมนูญตามกฎหมายสูงสุด  3) ความเสี่ยง (Consequence): คำวินิจฉัยของศาลรัฐธรรมนูญมีผลผูกพันรัฐสภา คณะรัฐมนตรี ศาล และองค์กรอื่นตามรัฐธรรมนูญ  ส่วนที่ 3: ด่านคัดกรอง (Self-Correction Gate)-,100%,เอกสารยาวแต่ไม่พบใบอนุญาตหรือแบบฟอร์มเลย
14,100014,ระเบียบคณะกรรมการป้องกันและปราบปรามการฟอกเงิน ว่าด้วยการจัดให้มีการฝึกอบรมให้แก่ผู้มีหน้าที่รายงานตามมาตรา 13 และมาตรา 16 พ.ศ. 2563,https://ratchakitcha.soc.go.th/documents/17123237.pdf,บังคับใช้,,ระเบียบคณะกรรมการป้องกันและปราบปรามการฟอกเงิน ว่าด้วยหลักเกณฑ์ วิธีการ และเงื่อนไขในการจัดให้มีการฝึกอบรมเกี่ยวกับการป้องกันและปราบปรามการฟอกเงินและการป้องกันและปราบปรามการสนับสนุนทางการเงินแก่การก่อการร้ายให้แก่ผู้มีหน้าที่รายงานตามมาตรา 13 และมาตรา 16 พ.ศ. 2559,-,13,กุมภาพันธ์,2563,13 เมษายน 2563,-,ระเบียบ,"พระราชบัญญัติป้องกันและปราบปรามการฟอกเงิน พ.ศ. 2542 มาตรา 21/3 วรรคสาม, พระราชบัญญัติป้องกันและปราบปรามการฟอกเงิน พ.ศ. 2542 มาตรา 25 (5)",-,"สำนักงานคณะกรรมการป้องกันและปราบปรามการฟอกเงิน (สำนักงาน ป.ป.ง.), สำนักนายกรัฐมนตรี",-,-,-,กำหนดให้สำนักงานจัดการฝึกอบรมเกี่ยวกับการป้องกันและปราบปรามการฟอกเงิน การป้องกันและปราบปรามการสนับสนุนทางการเงินแก่การก่อการร้าย และการแพร่ขยายอาวุธที่มีอานุภาพทำลายล้างสูงแก่ผู้มีหน้าที่รายงาน ผู้มีหน้าที่รายงานต้องจัดให้เจ้าหน้าที่ที่เกี่ยวข้องกับการจัดทำหรือควบคุมรายงานการทำธุรกรรม การจัดให้ลูกค้าแสดงตน และการตรวจสอบเพื่อทราบข้อเท็จจริงเกี่ยวกับลูกค้าเข้ารับการฝึกอบรมภายใน 30 วันนับแต่เริ่มปฏิบัติงาน และเมื่อมีความจำเป็นหรือมีกฎหมายที่เกี่ยวข้องปรับปรุงแก้ไข สำนักงานอาจประกาศให้เข้ารับการฝึกอบรมเพิ่มเติมได้ หลักสูตรต้องมีเนื้อหาเกี่ยวกับกฎหมายที่เกี่ยวข้อง การประเมินและบริหารความเสี่ยง การจัดทำรายงานการทำธุรกรรม การจัดให้ลูกค้าแสดงตน การตรวจสอบเพื่อทราบข้อเท็จจริงเกี่ยวกับลูกค้า การเก็บรักษาข้อมูล การตรวจสอบรายชื่อบุคคลที่ถูกกำหนด การระงับการดำเนินการกับทรัพย์สิน และการรายงานสำนักงาน รวมระยะเวลาไม่น้อยกว่า 6 ชั่วโมง นิติบุคคลที่ประสงค์จะจัดการฝึกอบรมต้องยื่นความจำนงพร้อมหนังสือแสดงความจำนง หนังสือรับรองการจดทะเบียนนิติบุคคล รายวิชาและชั่วโมงฝึกอบรม หลักฐานคุณสมบัติวิทยากร และรูปแบบการฝึกอบรม โดยสำนักงานแจ้งผลภายใน 60 วันนับแต่ได้รับเอกสารครบถ้วนและถูกต้อง นิติบุคคลที่ได้รับความเห็นชอบต้องส่งแผนการฝึกอบรม ควบคุมการฝึกอบรมให้เป็นไปตามหลักสูตร จัดทดสอบความรู้ความเข้าใจ ออกหลักฐานแก่ผู้ผ่านการฝึกอบรม ส่งรายชื่อให้สำนักงาน และผู้มีหน้าที่รายงานต้องเก็บสำเนาหลักฐานการฝึกอบรมไว้ในสถานที่ประกอบกิจการด้วยวิธีที่ปลอดภัยและสามารถเรียกดูหรือส่งมอบรายละเอียดได้ตามที่สำนักงานร้องขอ,"ผู้มีหน้าที่รายงานตามมาตรา 13 และมาตรา 16 ต้องดำเนินการดังนี้: การจัดฝึกอบรม: ต้องจัดให้เจ้าหน้าที่ที่เกี่ยวข้องกับการจัดทำรายงานธุรกรรม การจัดให้ลูกค้าแสดงตน และการตรวจสอบเพื่อทราบข้อเท็จจริงเกี่ยวกับลูกค้า เข้ารับการฝึกอบรมภายใน 30 วันนับแต่วันเริ่มปฏิบัติงาน (อ้างอิง ข้อ 5) การจัดเก็บหลักฐาน: ต้องเก็บสำเนาหลักฐานการฝึกอบรมไว้ ณ สถานที่ประกอบกิจการด้วยวิธีการที่ปลอดภัยเพื่อให้สามารถเรียกดูหรือส่งมอบได้เมื่อได้รับการร้องขอ (อ้างอิง ข้อ 12) การฝึกอบรมเพิ่มเติม: กรณีที่มีเหตุจำเป็นหรือมีการปรับปรุงกฎหมาย ต้องจัดให้เจ้าหน้าที่เข้ารับการฝึกอบรมเพิ่มเติมตามที่สำนักงานประกาศ (อ้างอิง ข้อ 5) การปฏิบัติตามบทเฉพาะกาล: กรณีเจ้าหน้าที่ปฏิบัติงานอยู่ก่อนวันที่ระเบียบมีผลบังคับใช้และยังไม่เคยผ่านการฝึกอบรม ต้องเข้ารับการฝึกอบรมให้แล้วเสร็จภายใน 240 วันนับแต่วันที่ระเบียบมีผลใช้บังคับ (อ้างอิง ข้อ 14) นิติบุคคลที่ประสงค์จะจัดการฝึกอบรมต้องดำเนินการดังนี้: การขอความเห็นชอบ: ต้องยื่นความจำนงต่อเลขาธิการ พร้อมเอกสารหลักฐานประกอบและสื่อการบรรยาย (อ้างอิง ข้อ 8) การจัดการฝึกอบรม: ต้องควบคุมการฝึกอบรมให้เป็นไปตามหลักสูตรที่ได้รับความเห็นชอบ และมีระยะเวลารวมไม่น้อยกว่า 6 ชั่วโมง (อ้างอิง ข้อ 6, 10) การทดสอบและออกใบรับรอง: ต้องจัดการทดสอบความรู้และออกหลักฐานให้แก่ผู้ผ่านการฝึกอบรม พร้อมทั้งส่งรายชื่อให้สำนักงาน (อ้างอิง ข้อ 11) การส่งแผน: ต้องส่งแผนการฝึกอบรมให้สำนักงานเพื่อประกาศผ่านระบบสารสนเทศ (อ้างอิง ข้อ 9) สิทธิที่ควรทราบ / การติดตามผล: นิติบุคคลที่ยื่นความจำนงมีสิทธิได้รับแจ้งผลการพิจารณาภายใน 60 วันนับแต่วันที่ยื่นเอกสารครบถ้วน (อ้างอิง ข้อ 8)",โทษเชื่อมโยงจากกฎหมายแม่,รอเชื่อมโยง: พระราชบัญญัติป้องกันและปราบปรามการฟอกเงิน พ.ศ. 2542 มาตรา 21/3 และมาตรา 25,ความเห็นชอบให้จัดการฝึกอบรม,ราชกิจจานุเบกษา เล่ม 137 ตอนพิเศษ 34 ง หน้า 1,"1) หนังสือแสดงความจำนง, 2) แผนการฝึกอบรม, 3) หลักฐานการฝึกอบรม",,"ผู้มีหน้าที่รายงานตามมาตรา 13, ผู้มีหน้าที่รายงานตามมาตรา 16 (เช่น สถาบันการเงิน ผู้ประกอบธุรกิจที่เกี่ยวกับทรัพย์สิน หรือธุรกิจที่มีความเสี่ยงด้านการฟอกเงิน), เจ้าหน้าที่ของผู้มีหน้าที่รายงานที่รับผิดชอบการทำรายงาน การตรวจสอบลูกค้า และการควบคุมการปฏิบัติตามกฎหมาย, นิติบุคคลที่ได้รับความเห็นชอบให้จัดการฝึกอบรม","ฝึกอบรม, รายงานธุรกรรม, แสดงตนลูกค้า, ตรวจสอบลูกค้า, ทดสอบความรู้","หลักสูตรการฝึกอบรม, แบบทดสอบความรู้, รายงานการทำธุรกรรม","การป้องกันและปราบปรามการฟอกเงิน, การสนับสนุนทางการเงินแก่การก่อการร้าย, การแพร่ขยายอาวุธที่มีอานุภาพทำลายล้างสูง, ผู้มีหน้าที่รายงาน, การฝึกอบรม","CC20, AK1, AK2, AK3, AK5, AK6, AK7, AK8, AL1, AL2, AL3, AB5, AF2, AF3, AM19","BL1, BL3, AM19, CC20","ส่วนที่ 1: พื้นที่ทดเลขในใจ (Context Analysis & Workflow Simulation)0) เขตอำนาจกฎหมาย: สำนักงานป้องกันและปราบปรามการฟอกเงิน (ปปง.) / พ.ร.บ. ป้องกันและปราบปรามการฟอกเงิน พ.ศ. ๒๕๔๒  0.5) Umbrella Term Check: พบคำว่า ""ผู้มีหน้าที่รายงานตามมาตรา ๑๓ และมาตรา ๑๖"" -> แตกแขนงเป็น: สถาบันการเงิน, ธุรกิจหลักทรัพย์, ประกันภัย, สินเชื่อ, ผู้ให้บริการชำระเงิน, ร้านทองและอัญมณี, นายหน้าอสังหาริมทรัพย์  1) กลุ่มผู้ถูกบังคับใช้หลักทั้งหมด: สถาบันการเงินและผู้ประกอบอาชีพที่ต้องรายงานธุรกรรม (Reporting Entities) ที่บังคับต้องจัดอบรมให้บุคลากร -> [CC20, AK1, AK2, AK3, AK5, AK6, AK7, AK8, AL1, AL2, AL3, AB5, AF2, AF3]2) ผู้ให้บริการใน Ecosystem:2.1 The Validator: สำนักงาน ปปง. (ผู้อนุมัติและตรวจสอบหลักสูตร)  2.2 The Facilitator: -2.3 The Guarantor: -2.4 The Specialist: นิติบุคคลอื่นที่ได้รับความเห็นชอบให้จัดการฝึกอบรม -> [AM19]2.5 The Mandatory Facility: -2.6 The Essential Ecosystem Partner: -3) ผู้รับผลกระทบแฝง/สืบเนื่อง: -4) สินค้า/บริการที่ถูกควบคุม: หลักสูตรการฝึกอบรมด้านการป้องกันและปราบปรามการฟอกเงิน (กำหนดเวลาขั้นต่ำ 6 ชั่วโมง)  5) ข้อยกเว้น/การผ่อนผัน: ผู้ที่เคยผ่านการฝึกอบรมหลักสูตรมาตรฐานก่อนหน้านี้ ให้ถือเป็นผู้ผ่านการฝึกอบรมตามระเบียบนี้  ส่วนที่ 2: สรุปผลรหัสและ Impact Classification* [CC20] การป้องกันและปราบปรามการฟอกเงิน : [Direct Duty]1) เกี่ยวอย่างไร (Why): เป็นระเบียบที่ตั้งค่ามาตรฐานการปฏิบัติงานของ Reporting Entities ภายใต้กฎหมาย ปปง.  2) ต้องทำ/ห้ามทำอะไร (What to do): ต้องจัดให้เจ้าหน้าที่ด้านการรายงานธุรกรรมและตรวจสอบลูกค้า (KYC/CDD) เข้ารับการฝึกอบรมภายใน 30 วันนับแต่เริ่มงาน และต้องเก็บหลักฐานไว้  3) ความเสี่ยง (Consequence): ผิดกฎหมาย ปปง. ว่าด้วยการละเว้นการปฏิบัติตามข้อกำหนด* [AK1, AK2, AK3, AK5, AK6, AK7, AK8, AL1, AL2, AL3, AB5, AF2, AF3] กลุ่มธุรกิจสถาบันการเงิน ประกันภัย และวิชาชีพตามมาตรา 16 : [Direct Duty]1) เกี่ยวอย่างไร (Why): เป็นกลุ่มธุรกิจตามมาตรา 13 และมาตรา 16 ซึ่งตกเป็นเป้าหมายบังคับหลักของระเบียบนี้  2) ต้องทำ/ห้ามทำอะไร (What to do): แผนก HR หรือผู้บริหารต้องส่งพนักงานใหม่ที่ดูแลงานรายงานธุรกรรม เข้ารับการอบรมกับสำนักงาน ปปง. หรือศูนย์อบรมที่ ปปง. รับรอง  3) ความเสี่ยง (Consequence): ฝ่าฝืน เสี่ยงต่อบทลงโทษปรับตาม พ.ร.บ. ป้องกันและปราบปรามการฟอกเงิน* [AM19] ธุรกิจจัดฝึกอบรมและสัมมนาเชิงธุรกิจ : [Service Opportunity]1) เกี่ยวอย่างไร (Why): ระเบียบเปิดช่องให้นิติบุคคลเอกชนสามารถรับจ้างจัดการฝึกอบรมแทน ปปง. ได้  2) ต้องทำ/ห้ามทำอะไร (What to do): ต้องยื่นหนังสือแสดงความจำนง แผนการฝึกอบรม และคุณสมบัติวิทยากรให้สำนักงาน ปปง. เห็นชอบ และออกหลักฐานให้ผู้ผ่านการทดสอบ  3) ความเสี่ยง (Consequence): หากดำเนินการผิดไปจากหลักสูตรที่ได้รับความเห็นชอบ และไม่ปรับปรุง จะถูกเพิกถอนสิทธิ  ส่วนที่ 3: ด่านคัดกรอง (Self-Correction Gate)- รหัสที่ถูกปัดตกเนื่องจากไม่อยู่ในเขตอำนาจกฎหมาย ปปง. (ไม่ใช่ผู้มีหน้าที่รายงานตามมาตรา 13 และ 16): [AK4] โรงรับจำนำ, [AB4] ร้านขายยา, [AB9] ร้านวัสดุก่อสร้าง, [AF1] ผู้พัฒนาและจัดสรรที่ดิน, [BL1] วิจัยและพัฒนา, [BL3] ห้องปฏิบัติการทดสอบ",100%,[บทเฉพาะกาล] ผู้ที่ผ่านการฝึกอบรมหลักสูตรมาตรฐานที่สำนักงานจัดขึ้นตามระเบียบเดิมก่อนวันที่ระเบียบนี้ใช้บังคับ ให้ถือเป็นผู้ผ่านการฝึกอบรมตามระเบียบนี้ <br>[บทเฉพาะกาล] ผู้มีหน้าที่รายงานต้องจัดให้เจ้าหน้าที่ที่ยังไม่เคยเข้ารับการฝึกอบรมแต่ปฏิบัติงานอยู่ก่อนวันที่ระเบียบนี้ใช้บังคับ เข้ารับการฝึกอบรมให้แล้วเสร็จภายใน 240 วันนับแต่วันที่ระเบียบนี้ใช้บังคับ (หมดระยะเวลาผ่อนผันแล้ว)
15,100015,ระเบียบสำนักงานคณะกรรมการอาหารและยา ว่าด้วยการดำเนินการเกียวกับเลขสารบบอาหาร (ฉบับที 3) พ.ศ. 2563,https://ratchakitcha.soc.go.th/documents/17119690.pdf,บังคับใช้,รอตรวจสอบจากฐานข้อมูล,-,ระเบียบสำนักงานคณะกรรมการอาหารและยาว่าด้วยการดำเนินการเกี่ยวกับเลขสารบบอาหาร พ.ศ. 2562 (ข้อ 7),12,กุมภาพันธ์,2563,13 กุมภาพันธ์ 2563,-,ระเบียบ,"พระราชบัญญัติอาหาร พ.ศ. 2522 มาตรา 4, พระราชบัญญัติระเบียบบริหารราชการแผ่นดิน พ.ศ. 2534 มาตรา 32, พระราชบัญญัติระเบียบบริหารราชการแผ่นดิน พ.ศ. 2534 มาตรา 36, ประกาศกระทรวงสาธารณสุข (ฉบับที่ 367) พ.ศ. 2557 ข้อ 7","ประกาศกระทรวงสาธารณสุข (ฉบับที่ 367) พ.ศ. 2557 เรื่อง การแสดงฉลากของอาหารในภาชนะบรรจุ, ระเบียบสำนักงานคณะกรรมการอาหารและยาว่าด้วยการดำเนินการเกี่ยวกับเลขสารบบอาหาร พ.ศ. 2562","สำนักงานคณะกรรมการอาหารและยา (อย.), กระทรวงสาธารณสุข",-,-,-,ปรับปรุงการดำเนินการเกี่ยวกับเลขสารบบอาหารให้ใช้บังคับตั้งแต่วันถัดจากวันประกาศ และกำหนดว่าการแสดงชื่ออาหารเพื่อขอรับเลขสารบบอาหารต้องไม่ใช้ชื่ออาหารที่ผู้อนุญาตหรือผู้ได้รับมอบหมายสั่งยกเลิกเลขสารบบอาหาร หรือชื่ออาหารที่อยู่ระหว่างการดำเนินการยกเลิกเลขสารบบอาหารหรือหลักฐานการได้รับเลขสารบบอาหารตามที่กำหนด,ผู้ยื่นคำขอรับเลขสารบบอาหารต้องตรวจสอบชื่ออาหารไม่ให้ซ้ำกับชื่ออาหารที่ถูกสั่งยกเลิกเลขสารบบอาหาร หรือชื่ออาหารที่อยู่ระหว่างขั้นตอนการยกเลิกเลขสารบบอาหารตามกฎหมายว่าด้วยวิธีปฏิบัติราชการทางปกครอง (อ้างอิง ข้อ 3),โทษเชื่อมโยงจากกฎหมายแม่,รอเชื่อมโยง: พระราชบัญญัติอาหาร พ.ศ. 2522 มาตรา 4,-,ราชกิจจานุเบกษา เล่ม 137 ตอนพิเศษ 33 ง หน้า 1,-,,"ผู้ผลิตอาหาร, ผู้นำเข้าอาหาร, ผู้ขอรับเลขสารบบอาหาร","เลขสารบบอาหาร, แสดงชื่ออาหาร",อาหารในภาชนะบรรจุ,"เลขสารบบอาหาร, การแสดงฉลากอาหาร","D1, D2, D4, D5, E2, E4, CC17",CC30,"0) เขตอำนาจกฎหมาย — สำนักงานคณะกรรมการอาหารและยา (อย.) ภายใต้ พ.ร.บ. อาหาร พ.ศ. 2522 เพื่อควบคุมการแสดงชื่ออาหารในการขอเลขสารบบอาหาร<br>0.5) คำร่มที่พบ — ‹อาหาร› → อาหารแปรรูปทั่วไป [D1] · ผลิตภัณฑ์เสริมอาหาร [D2] · ผลิตภัณฑ์นมและไอศกรีม [D3] · เนื้อสัตว์แปรรูปและอาหารทะเล [D4] · วัตถุเจือปนอาหาร [D5] · น้ำมันพืชและไขมันสัตว์ [D6] · โรงสีข้าวและแปรรูปธัญพืช [D7] · น้ำดื่มและเครื่องดื่ม [E1, E2, E3, E4, E5] · ผลิตภัณฑ์จากกัญชงกัญชา [AT4]<br>1) กลุ่มผู้ถูกบังคับใช้หลัก — ผู้ผลิตอาหารแปรรูป ผู้นำเข้าอาหารแปรรูป และผู้ขอรับเลขสารบบอาหารทุกราย<br>2) ผู้ให้บริการใน ecosystem — 2.1 ผู้ตรวจสอบหรือรับรองความถูกต้อง : ไม่มี · 2.2 ตัวกลางหรือผู้จัดหาโครงสร้างพื้นฐาน : ไม่มี · 2.3 ผู้รับโอนความเสี่ยงหรือหลักประกัน : ไม่มี · 2.4 ผู้เชี่ยวชาญหรือบริการเฉพาะทาง : ที่ปรึกษาด้านการขอ อย. [CC30] · 2.5 สถานที่หรือโครงสร้างพื้นฐานภาคบังคลับ : ไม่มี · 2.6 ผู้มีส่วนร่วมอื่นที่บังคับต้องมี : ไม่มี<br>3) ผู้รับผลกระทบแฝง — ผู้จำหน่ายและผู้ค้าปลีกที่ต้องระมัดระวังในการรับสินค้าที่มีชื่ออาหารเข้าข่ายถูกยกเลิกเลขสารบบ<br>4) สินค้าที่ถูกควบคุม — อาหารทุกประเภทที่ต้องได้รับเลขสารบบอาหาร<br>5) ข้อยกเว้น — ไม่มี<br><br>[D1] [การผลิตอาหารแปรรูปทั่วไป] : [Direct Duty] 1) ต้องปฏิบัติตามกฎการแสดงชื่ออาหารในการยื่นขอเลขสารบบตามข้อ 3 2) ห้ามใช้ชื่ออาหารที่เคยถูกยกเลิกเลขสารบบหรืออยู่ระหว่างการยกเลิก 3) หากฝ่าฝืนอาจถูกปฏิเสธการให้เลขสารบบอาหาร<br>[D2] [ผลิตภัณฑ์เสริมอาหารและโภชนาการ] : [Direct Duty] (เช่นเดียวกับ D1)<br>[D3] [ผลิตภัณฑ์นมและไอศกรีม] : [Direct Duty] (เช่นเดียวกับ D1)<br>[D4] [เนื้อสัตว์แปรรูปและอาหารทะเล] : [Direct Duty] (เช่นเดียวกับ D1)<br>[D5] [วัตถุเจือปนอาหารและส่วนประกอบ] : [Direct Duty] (เช่นเดียวกับ D1)<br>[D6] [น้ำมันพืชและไขมันสัตว์] : [Direct Duty] (เช่นเดียวกับ D1)<br>[D7] [โรงสีข้าวและแปรรูปธัญพืช] : [Direct Duty] (เช่นเดียวกับ D1)<br>[E1] [น้ำดื่มและน้ำแร่บรรจุขวด] : [Direct Duty] (เช่นเดียวกับ D1)<br>[E2] [เครื่องดื่มรสหวาน] : [Direct Duty] (เช่นเดียวกับ D1)<br>[E3] [น้ำผลไม้และน้ำพืชผัก] : [Direct Duty] (เช่นเดียวกับ D1)<br>[E4] [เบียร์ ไวน์] : [Direct Duty] (เช่นเดียวกับ D1)<br>[E5] [สุรากลั่น] : [Direct Duty] (เช่นเดียวกับ D1)<br>[AT4] [ผลิตภัณฑ์อาหารจากกัญชง/กัญชา] : [Direct Duty] (เช่นเดียวกับ D1)<br>[CC30] [สำนักงานคณะกรรมการอาหารและยา] : [Rights & Admin] 1) มีหน้าที่กำกับดูแลการดำเนินการเกี่ยวกับเลขสารบบอาหาร 2) เป็นผู้อนุญาตหรือสั่งยกเลิกเลขสารบบอาหาร 3) หน่วยงานหลักในการบังคับใช้ระเบียบฉบับนี้",100%,
16,100016,พระราชกฤษฎีกา ออกตามความในประมวลรัษฎากร ว่าด้วยการยกเว้นรัษฎากร (ฉบับที่ 691) พ.ศ. 2563,https://ratchakitcha.soc.go.th/documents/17117978.pdf,สิ้นผล,,-,-,7,กุมภาพันธ์,2563,8 กุมภาพันธ์ 2563,31 ธันวาคม 2562,พระราชกฤษฎีกา,ประมวลรัษฎากร มาตรา 3 (1),ประมวลรัษฎากร,"กรมสรรพากร, กระทรวงการคลัง",-,-,-,ยกเว้นภาษีเงินได้สำหรับการบริจาคผ่านระบบบริจาคอิเล็กทรอนิกส์ให้แก่สถานศึกษาที่จัดตั้งขึ้นในประเทศไทยตามสนธิสัญญาหรือความตกลงระหว่างรัฐบาลไทยกับทบวงการชำนัญพิเศษแห่งสหประชาชาติที่กระทำตั้งแต่วันที่ 1 มกราคม พ.ศ. 2562 ถึงวันที่ 31 ธันวาคม พ.ศ. 2562 โดยบุคคลธรรมดาได้รับยกเว้นเป็นจำนวนสองเท่าของเงินที่บริจาคและเมื่อรวมคำนวณแล้วต้องไม่เกินร้อยละสิบของเงินได้พึงประเมินหลังหักค่าใช้จ่ายและหักลดหย่อน ส่วนบริษัทหรือห้างหุ้นส่วนนิติบุคคลได้รับยกเว้นเป็นจำนวนสองเท่าของรายจ่ายที่บริจาคและเมื่อรวมคำนวณแล้วต้องไม่เกินร้อยละสิบของกำไรสุทธิก่อนหักรายจ่ายเพื่อการกุศลสาธารณะหรือเพื่อการสาธารณประโยชน์ และรายจ่ายเพื่อการศึกษาหรือเพื่อการกีฬา นอกจากนี้ยกเว้นภาษีมูลค่าเพิ่ม ภาษีธุรกิจเฉพาะ และอากรแสตมป์สำหรับเงินได้จากการโอนทรัพย์สิน การขายสินค้า หรือการกระทำตราสารอันเนื่องมาจากการบริจาคให้แก่สถานศึกษาดังกล่าว โดยผู้โอนต้องไม่นำต้นทุนของทรัพย์สินหรือสินค้าที่ได้รับยกเว้นภาษีมาหักเป็นค่าใช้จ่ายในการคำนวณภาษีเงินได้ และการได้รับยกเว้นทั้งหมดให้เป็นไปตามหลักเกณฑ์ วิธีการ และเงื่อนไขที่อธิบดีประกาศกำหนด,"บุคคลธรรมดา ต้องดำเนินการดังนี้:

การใช้สิทธิลดหย่อนภาษี: บริจาคผ่านระบบบริจาคอิเล็กทรอนิกส์ให้แก่สถานศึกษาตามสนธิสัญญาหรือความตกลงระหว่างรัฐบาลไทยกับทบวงการชำนัญพิเศษแห่งสหประชาชาติ โดยนำไปหักลดหย่อนได้สองเท่าของจำนวนเงินที่บริจาค แต่เมื่อรวมกับเงินบริจาคประเภทอื่นตามที่กฎหมายกำหนดแล้ว ต้องไม่เกินร้อยละสิบของเงินได้พึงประเมินหลังจากหักค่าใช้จ่ายและค่าลดหย่อน (อ้างอิง ข้อ 3, 4)

บริษัทหรือห้างหุ้นส่วนนิติบุคคล ต้องดำเนินการดังนี้:

การใช้สิทธิลดหย่อนภาษี: บริจาคเงินหรือทรัพย์สินผ่านระบบบริจาคอิเล็กทรอนิกส์ให้แก่สถานศึกษาตามสนธิสัญญาหรือความตกลงระหว่างรัฐบาลไทยกับทบวงการชำนัญพิเศษแห่งสหประชาชาติ โดยนำไปหักลดหย่อนได้สองเท่าของรายจ่ายที่บริจาค แต่เมื่อรวมกับรายจ่ายเพื่อการกุศลหรือสาธารณประโยชน์อื่นตามที่กฎหมายกำหนดแล้ว ต้องไม่เกินร้อยละสิบของกำไรสุทธิก่อนหักรายจ่ายเพื่อการกุศล (อ้างอิง ข้อ 3, 5)
การห้ามนำต้นทุนมาหักภาษี: หากได้รับยกเว้นภาษีมูลค่าเพิ่ม ภาษีธุรกิจเฉพาะ และอากรแสตมป์จากการโอนทรัพย์สินหรือขายสินค้าเพื่อบริจาค ห้ามนำต้นทุนของทรัพย์สินหรือสินค้านั้นมาหักเป็นค่าใช้จ่ายในการคำนวณภาษีเงินได้ (อ้างอิง ข้อ 6)

สิทธิที่ควรทราบ / การติดตามผล:

การตรวจสอบหลักเกณฑ์: ผู้บริจาคต้องปฏิบัติตามหลักเกณฑ์ วิธีการ และเงื่อนไขที่อธิบดีประกาศกำหนด (อ้างอิง ข้อ 3, 6)",🟡 เหลือง,เสียสิทธิประโยชน์ / ผลทางนิติกรรม,-,ราชกิจจานุเบกษา เล่ม 137 ตอนที่ 12 ก หน้า 1,1) ระบบบริจาคอิเล็กทรอนิกส์,,"บุคคลธรรมดาที่บริจาคเงินหรือทรัพย์สินให้แก่สถานศึกษาตามสนธิสัญญา, บริษัทหรือห้างหุ้นส่วนนิติบุคคลที่บริจาคเงินหรือทรัพย์สินให้แก่สถานศึกษาตามสนธิสัญญา, สถานศึกษาที่จัดตั้งขึ้นในประเทศไทยตามสนธิสัญญาหรือความตกลงระหว่างรัฐบาลไทยกับทบวงการชำนัญพิเศษแห่งสหประชาชาติ","บริจาค, โอนทรัพย์สิน, ขายสินค้า, ทำตราสาร, ใช้ระบบบริจาคอิเล็กทรอนิกส์","การศึกษา, ทรัพย์สิน, สินค้า","ยกเว้นภาษีเงินได้, ภาษีมูลค่าเพิ่ม, ภาษีธุรกิจเฉพาะ, อากรแสตมป์, ระบบบริจาคอิเล็กทรอนิกส์",AM6,"BW1, BW2, BW3, BW4, BW5, BW14","1.1 ส่วนที่ 1: พื้นที่ทดเลขในใจ (Context Analysis & Workflow Simulation)0) เขตอำนาจกฎหมาย (Jurisdiction Awareness): กรมสรรพากร กระทรวงการคลัง (ประมวลรัษฎากร) เจตนารมณ์เพื่อสร้างแรงจูงใจทางภาษี โดยยกเว้นภาษี (หักลดหย่อน/รายจ่าย 2 เท่า และยกเว้น VAT/อากรฯ) ให้กับผู้ที่บริจาคเงินหรือทรัพย์สินแก่สถานศึกษาที่ตั้งในไทยตามสนธิสัญญาของสหประชาชาติ ผ่านระบบ e-Donation  0.5) Umbrella Term Check (ด่านบังคับสแกนคำร่มใหญ่):- พบคำว่า 'สถานศึกษา' -> แตกแขนงเป็น: มหาวิทยาลัย (สถาบันอุดมศึกษา), โรงเรียนนานาชาติ, สถาบันวิจัย- พบคำว่า 'บริษัทหรือห้างหุ้นส่วนนิติบุคคล' -> แตกแขนงเป็น: ธุรกิจนิติบุคคลทั่วไปทุกอุตสาหกรรม (ผลักเข้าสู่หมวด Support ตามกฎการคัดแยกเอกสารที่มีผลผูกพันทั่วไป)1) กลุ่มผู้ถูกบังคับใช้หลักทั้งหมด (All Primary Direct Targets & Must-Notify Entities):- สถานศึกษาที่จัดตั้งขึ้นตามสนธิสัญญา UN (ผู้รับบริจาคหลักที่ได้ประโยชน์) -> [AM6]- บริษัทหรือห้างหุ้นส่วนนิติบุคคล / บุคคลธรรมดา (ผู้บริจาคทั่วไป) -> เป็นเป้าหมายหลักที่ได้สิทธิประโยชน์ทางภาษี แต่เนื่องจากเป็นธุรกิจทั่วไป จึงจัดเข้าหมวดสายงานสนับสนุน -> [BW2, BW4, BW14]2) ผู้ให้บริการใน Ecosystem คือใคร:2.1 The Validator: กรมสรรพากร (ผู้ตรวจสอบและรับรองระบบ e-Donation)2.2 The Facilitator: -2.3 The Guarantor: -2.4 The Specialist: นักบัญชี/ผู้สอบบัญชี ที่มีหน้าที่ต้องลงบันทึกรายการรายจ่าย 2 เท่า และตรวจสอบไม่ให้กระทบยอดเกิน 10% ของกำไรสุทธิ -> [BW1]2.5 The Mandatory Facility: ระบบบริจาคอิเล็กทรอนิกส์ (e-Donation)2.6 The Essential Ecosystem Partner: -3) ผู้รับผลกระทบแฝง/สืบเนื่อง (Hidden Targets): -4) สินค้า/บริการที่ถูกควบคุม: -5) ข้อยกเว้น/การผ่อนผัน: ยกเว้นภาษีเงินได้เป็นจำนวน 2 เท่าของเงิน/ทรัพย์สินที่บริจาค และยกเว้นภาษีมูลค่าเพิ่ม ภาษีธุรกิจเฉพาะ อากรแสตมป์ สำหรับการโอนทรัพย์สินหรือขายสินค้าเพื่อบริจาค -> [BW3, BW5]1.2 ส่วนที่ 2: สรุปผลรหัสและ Impact Classification[AM6] มหาวิทยาลัย : [Benefit & Incentive]1) เกี่ยวอย่างไร (Why): เป็นกลุ่มเป้าหมายหลักในฐานะผู้รับบริจาค (สถานศึกษาตามสนธิสัญญา UN) ที่ได้รับการส่งเสริมจากรัฐ (มาตรา 3)  2) ต้องทำ/ห้ามทำอะไร (What to do): ต้องใช้ระบบบริจาคอิเล็กทรอนิกส์ (e-Donation) เพื่อให้ผู้บริจาคได้รับสิทธิประโยชน์ทางภาษี 2 เท่า (มาตรา 3)  3) ความเสี่ยง (Consequence): พลาดโอกาสในการดึงดูดเงินทุนสนับสนุนจากภาคเอกชนหากไม่เข้าร่วมระบบ e-Donation[BW2] ภาษีเงินได้นิติบุคคล : [Benefit & Incentive]1) เกี่ยวอย่างไร (Why): ให้สิทธิบริษัท/นิติบุคคลนำรายจ่ายที่บริจาคมาหักลดหย่อนได้ 2 เท่า (มาตรา 3)  2) ต้องทำ/ห้ามทำอะไร (What to do): บริจาคผ่านระบบ e-Donation ระหว่าง 1 ม.ค. - 31 ธ.ค. 2562 โดยเมื่อรวมคำนวณรายจ่ายแล้วต้องไม่เกินร้อยละ 10 ของกำไรสุทธิ (มาตรา 5)  3) ความเสี่ยง (Consequence): เสียสิทธิหักรายจ่าย 2 เท่าหากบริจาคนอกระบบหรือคำนวณเกินเพดานที่กฎหมายกำหนด[BW4] ภาษีเงินได้บุคคลธรรมดา : [Benefit & Incentive]1) เกี่ยวอย่างไร (Why): ให้สิทธิบุคคลธรรมดานำเงินบริจาคมาหักลดหย่อนได้ 2 เท่า (มาตรา 3)  2) ต้องทำ/ห้ามทำอะไร (What to do): บริจาคผ่าน e-Donation และนำเงินได้ที่ยกเว้นมารวมคำนวณ โดยต้องไม่เกินร้อยละ 10 ของเงินได้พึงประเมินหลังหักค่าใช้จ่ายและค่าลดหย่อนอื่น (มาตรา 4)  3) ความเสี่ยง (Consequence): สูญเสียสิทธิประโยชน์ทางภาษีหากไม่ปฏิบัติตามหลักเกณฑ์[BW14] การยกเว้นรัษฎากร : [Benefit & Incentive]1) เกี่ยวอย่างไร (Why): เป็นมาตรการหลักที่ให้สิทธิยกเว้นภาษีแบบครอบคลุมทั้งเงินได้และภาษีทางอ้อม (มาตรา 3, 6)  2) ต้องทำ/ห้ามทำอะไร (What to do): ใช้เป็นฐานอ้างอิงในการบันทึกข้อยกเว้นภาษีสำหรับการบริจาคให้สถานศึกษาตามสนธิสัญญา UN ระหว่างปี 2562  3) ความเสี่ยง (Consequence): หากทำผิดเงื่อนไขจะไม่ได้รับสิทธิยกเว้น[BW3] ภาษีมูลค่าเพิ่ม : [Exempted]1) เกี่ยวอย่างไร (Why): ยกเว้น VAT สำหรับการโอนทรัพย์สินหรือขายสินค้าเพื่อนำไปบริจาคตาม พ.ร.ฎ. นี้ (มาตรา 6)  2) ต้องทำ/ห้ามทำอะไร (What to do): ผู้โอนต้องไม่นำต้นทุนของทรัพย์สินหรือสินค้าที่ได้รับยกเว้น VAT มาหักเป็นค่าใช้จ่ายซ้ำอีก (มาตรา 6)  3) ความเสี่ยง (Consequence): หากลงบัญชีหักค่าใช้จ่ายซ้ำซ้อน จะถือว่าคำนวณภาษีผิดพลาดและอาจโดนเบี้ยปรับ[BW5] ภาษีธุรกิจเฉพาะและอากรแสตมป์ : [Exempted]1) เกี่ยวอย่างไร (Why): ยกเว้นภาษีธุรกิจเฉพาะและอากรแสตมป์สำหรับการทำตราสารโอนทรัพย์สินเพื่อบริจาค (มาตรา 6)  2) ต้องทำ/ห้ามทำอะไร (What to do): ห้ามนำต้นทุนทรัพย์สินที่ได้รับยกเว้นมาหักเป็นค่าใช้จ่ายในการคำนวณภาษีเงินได้นิติบุคคลซ้ำอีก (มาตรา 6)  3) ความเสี่ยง (Consequence): โดนเบี้ยปรับจากกรมสรรพากรหากตรวจสอบพบการบันทึกค่าใช้จ่ายซ้ำซ้อน[BW1] กฎหมายบัญชีและมาตรฐานการรายงานทางการเงิน : [Indirect Impact]1) เกี่ยวอย่างไร (Why): มีผลกระทบต่อขั้นตอนการบันทึกบัญชีของแผนกบัญชีองค์กรผู้บริจาค (มาตรา 4, 5, 6)  2) ต้องทำ/ห้ามทำอะไร (What to do): ต้องปรับปรุงรายการบัญชีให้สอดคล้อง กระทบยอดรายจ่ายบริจาค 2 เท่าไม่ให้เกิน 10% ของกำไรสุทธิ และหักต้นทุนทรัพย์สินบริจาคออกไม่ให้บันทึกซ้ำซ้อน  3) ความเสี่ยง (Consequence): เสี่ยงต่อการจัดทำงบการเงินและยื่นแบบภาษีผิดพลาดหากบันทึกรายการไม่ตรงตามเงื่อนไขกฎหมาย1.3 ส่วนที่ 3: ด่านคัดกรอง (Self-Correction Gate)- รหัส [CC17] (การบริหารราชการแผ่นดิน) ถูกปัดตกและนำออก เนื่องจากเป็นหน้าที่บังคับของฝั่งกรมสรรพากรในการวางระบบ ไม่ได้สร้างภาระหน้าที่หรือโอกาสทางธุรกิจใหม่ให้กับภาคเอกชนโดยตรง",100%,มีผลบังคับใช้ให้สิทธิประโยชน์สำหรับการบริจาคที่ได้กระทำตั้งแต่วันที่ 1 มกราคม พ.ศ. 2562 ถึงวันที่ 31 ธันวาคม พ.ศ. 2562
17,100017,พระราชกฤษฎีกา ออกตามความในประมวลรัษฎากร ว่าด้วยการยกเว้นรัษฎากร (ฉบับที่ 692) พ.ศ. 2563,https://ratchakitcha.soc.go.th/documents/17117979.pdf,สิ้นผล,,-,-,7,กุมภาพันธ์,2563,8 กุมภาพันธ์ 2563,31 ธันวาคม 2563,พระราชกฤษฎีกา,ประมวลรัษฎากร มาตรา 3 (1),"พระราชบัญญัติแก้ไขเพิ่มเติมประมวลรัษฎากร, พระราชกฤษฎีกาออกตามความในประมวลรัษฎากร ว่าด้วยการยกเว้นรัษฎากร พ.ศ. 2560","กรมสรรพากร, กระทรวงการคลัง",-,-,-,ยกเว้นภาษีเงินได้ให้แก่บริษัทหรือห้างหุ้นส่วนนิติบุคคลที่ตั้งขึ้นตามกฎหมายไทยซึ่งมีสินทรัพย์ถาวรไม่รวมที่ดินเกิน 200 ล้านบาทและมีการจ้างแรงงานเกิน 200 คน เป็นจำนวนสองเท่าของรายจ่ายที่จ่ายไปเพื่อส่งเสริมการดำเนินกิจการของบริษัทหรือห้างหุ้นส่วนนิติบุคคลที่ตั้งขึ้นตามกฎหมายไทยซึ่งมีสินทรัพย์ถาวรไม่รวมที่ดินไม่เกิน 200 ล้านบาทและมีการจ้างแรงงานไม่เกิน 200 คน สำหรับรอบระยะเวลาบัญชีที่เริ่มในหรือหลังวันที่ 1 มกราคม 2562 แต่ไม่เกินวันที่ 31 ธันวาคม 2563 โดยรายจ่ายที่ใช้สิทธิได้ต้องเป็นค่าธรรมเนียมค้ำประกันสินเชื่อให้แก่บรรษัทประกันสินเชื่ออุตสาหกรรมขนาดย่อม หรือเป็นค่าใช้จ่ายเพื่อส่งเสริมการดำเนินกิจการที่สภาอุตสาหกรรมแห่งประเทศไทยหรือสภาหอการค้าแห่งประเทศไทยรับรองในเรื่องการถ่ายทอดความรู้ด้านการบริหาร การตลาด การบัญชี หรือการอื่นที่เกี่ยวข้อง การวิจัยและพัฒนาเทคโนโลยีและนวัตกรรม การเพิ่มประสิทธิภาพในการผลิต ลดต้นทุนการผลิต หรือการเพิ่มกำไร และการส่งเสริมการตลาด ทั้งนี้ต้องไม่มีความสัมพันธ์กันตามลักษณะที่กำหนด และเมื่อรวมรายจ่ายที่ได้รับยกเว้นภาษีเงินได้แล้วต้องไม่เกินร้อยละ 10 ของกำไรสุทธิก่อนหักรายจ่ายเพื่อการกุศลสาธารณะหรือเพื่อการสาธารณประโยชน์ และรายจ่ายเพื่อการศึกษาหรือเพื่อการกีฬา,"บริษัทหรือห้างหุ้นส่วนนิติบุคคลขนาดใหญ่ ต้องดำเนินการดังนี้: 

การใช้สิทธิยกเว้นภาษี: ต้องไม่มีความสัมพันธ์ทางธุรกิจหรือการจัดการกับนิติบุคคลที่เป็นผู้รับการส่งเสริม เช่น การถือหุ้นร่วมกัน การมีอำนาจจัดการในนิติบุคคลเดียวกัน หรือมีกรรมการชุดเดียวกันเกินกึ่งหนึ่ง และต้องนำเงินได้ที่ได้รับยกเว้นมารวมคำนวณกับรายจ่ายประเภทอื่นที่ได้รับยกเว้นสองเท่า โดยยอดรวมทั้งหมดต้องไม่เกินร้อยละสิบของกำไรสุทธิก่อนหักรายจ่ายเพื่อการกุศลสาธารณะ การศึกษา หรือการกีฬา (อ้างอิง มาตรา 3, 4)

สิทธิที่ควรทราบ / การติดตามผล:
การรับรองโครงการ: รายจ่ายเพื่อส่งเสริมกิจการต้องผ่านการรับรองจากสภาอุตสาหกรรมแห่งประเทศไทยหรือสภาหอการค้าแห่งประเทศไทย หรือเป็นค่าธรรมเนียมค้ำประกันสินเชื่อให้แก่บรรษัทประกันสินเชื่ออุตสาหกรรมขนาดย่อม (อ้างอิง มาตรา 3)",🟡 เหลือง,เสียสิทธิประโยชน์ / ผลทางนิติกรรม,-,ราชกิจจานุเบกษา เล่ม 137 ตอนที่ 12 ก หน้า 5,1) ประกาศอธิบดีกรมสรรพากรเรื่องหลักเกณฑ์ วิธีการ และเงื่อนไขการยกเว้นภาษีเงินได้,,"บริษัทหรือห้างหุ้นส่วนนิติบุคคลที่มีสินทรัพย์ถาวรไม่เกินสองร้อยล้านบาทและจ้างแรงงานไม่เกินสองร้อยคน, บริษัทหรือห้างหุ้นส่วนนิติบุคคลที่มีสินทรัพย์ถาวรเกินสองร้อยล้านบาทและจ้างแรงงานเกินสองร้อยคน","ยกเว้นภาษี, ส่งเสริมกิจการ, ค้ำประกันสินเชื่อ, ถ่ายทอดความรู้, วิจัยและพัฒนา, เพิ่มประสิทธิภาพการผลิต, ส่งเสริมการตลาด","บริการทางการเงิน, บริการที่ปรึกษา, การวิจัยและพัฒนา, การตลาด","ยกเว้นภาษีเงินได้, บริษัทหรือห้างหุ้นส่วนนิติบุคคล, กำไรสุทธิ, รายจ่ายเพื่อส่งเสริมการดำเนินกิจการ, ความสัมพันธ์กัน",BX4,"BW2, BW8, BW14, AM19, BL1","1.1 ส่วนที่ 1: พื้นที่ทดเลขในใจ (Context Analysis & Workflow Simulation)0) เขตอำนาจกฎหมาย (Jurisdiction Awareness): กรมสรรพากร กระทรวงการคลัง (ประมวลรัษฎากร) เจตนารมณ์เพื่อสร้างมาตรการภาษี (สิทธิประโยชน์) ส่งเสริมให้ ""บริษัทขนาดใหญ่"" เข้ามาช่วยเหลือและส่งเสริมการดำเนินกิจการของ ""บริษัท SMEs"" ผ่านการจ่ายค่าธรรมเนียมค้ำประกันสินเชื่อหรือสนับสนุนกิจกรรมต่างๆ (เช่น วิจัย ตลาด อบรม) โดยบริษัทใหญ่สามารถนำรายจ่ายเหล่านั้นไปหักลดหย่อนภาษีได้ 2 เท่า  0.5) Umbrella Term Check (ด่านบังคับสแกนคำร่มใหญ่):- พบคำว่า 'บริษัทหรือห้างหุ้นส่วนนิติบุคคล' -> แตกแขนงเป็น: บริษัทขนาดใหญ่ (สินทรัพย์ > 200 ล้าน, ลูกจ้าง > 200 คน) และ บริษัท SMEs (สินทรัพย์ <= 200 ล้าน, ลูกจ้าง <= 200 คน) (เป็นเป้าหมายหลักเชิงนโยบายทั่วไป ผลักไป Support เว้นแต่มีหมวดเฉพาะ)1) กลุ่มผู้ถูกบังคับใช้หลักทั้งหมด (All Primary Direct Targets & Must-Notify Entities):- บริษัทขนาดใหญ่ (ผู้จ่ายเงินสนับสนุนเพื่อแลกสิทธิประโยชน์ทางภาษี) -> [BW2, BW8]- บริษัท SMEs (ผู้รับประโยชน์จากการสนับสนุนค่าธรรมเนียมค้ำประกันหรือการถ่ายทอดความรู้) -> [BX4 (การส่งเสริม SMEs)]2) ผู้ให้บริการใน Ecosystem คือใคร:2.1 The Validator: บรรษัทประกันสินเชื่ออุตสาหกรรมขนาดย่อม (บสย.), สภาอุตสาหกรรมแห่งประเทศไทย, สภาหอการค้าแห่งประเทศไทย (ผู้รับรองรายจ่าย) -> - (ไม่มีรหัส V8 รองรับโดยตรง)2.2 The Facilitator: -2.3 The Guarantor: บรรษัทประกันสินเชื่ออุตสาหกรรมขนาดย่อม (บสย.) -> -2.4 The Specialist: ตามมาตรา 3 กฎหมายระบุว่าให้สิทธิลดหย่อนจากการจัดให้มีการ ""ถ่ายทอดความรู้ (อบรม)"", ""วิจัยและพัฒนา"", ""ส่งเสริมการตลาด"" บังคับแปลงเป็นอาชีพ: ธุรกิจจัดฝึกอบรมและสัมมนาเชิงธุรกิจ [AM19], วิจัยและพัฒนาวิทยาศาสตร์และเทคโนโลยี [BL1]2.5 The Mandatory Facility: -2.6 The Essential Ecosystem Partner: -3) ผู้รับผลกระทบแฝง/สืบเนื่อง (Hidden Targets): -4) สินค้า/บริการที่ถูกควบคุม: -5) ข้อยกเว้น/การผ่อนผัน: ยกเว้นภาษีเงินได้นิติบุคคล 2 เท่าของรายจ่ายที่บริษัทใหญ่จ่ายเพื่อส่งเสริม SMEs (โดยมีเงื่อนไขห้ามเป็นบริษัทในเครือเดียวกัน) -> [BW14]1.2 ส่วนที่ 2: สรุปผลรหัสและ Impact Classification[BX4] การส่งเสริม (SMEs) : [Benefit & Incentive]1) เกี่ยวอย่างไร (Why): เป็นมาตรการของรัฐที่ออกแบบมาเพื่อส่งเสริมขีดความสามารถของ SMEs โดยตรงผ่านการจูงใจบริษัทขนาดใหญ่ (หมายเหตุท้าย พ.ร.ฎ.)  2) ต้องทำ/ห้ามทำอะไร (What to do): รับสิทธิประโยชน์ในการได้รับการสนับสนุนค่าธรรมเนียมค้ำประกันสินเชื่อ หรือการถ่ายทอดความรู้ นวัตกรรม และการตลาด จากบริษัทที่ไม่มีความสัมพันธ์ทางทุนระหว่างกัน (มาตรา 3)  3) ความเสี่ยง (Consequence): พลาดโอกาสในการได้รับการสนับสนุนต้นทุนทางธุรกิจจากบริษัทขนาดใหญ่[BW2] ภาษีเงินได้นิติบุคคล : [Benefit & Incentive]1) เกี่ยวอย่างไร (Why): เป็นสิทธิประโยชน์โดยตรงของบริษัทขนาดใหญ่ (สินทรัพย์/จ้างงาน > 200) (มาตรา 3)  2) ต้องทำ/ห้ามทำอะไร (What to do): นำรายจ่ายที่จ่ายเพื่อส่งเสริม SMEs (เช่น ค่าค้ำประกันสินเชื่อ, ค่าวิจัย, ค่าจัดอบรมที่สภาอุตสาหกรรมฯ รับรอง) ไปหักลดหย่อนภาษีได้ 2 เท่า (มาตรา 3)  3) ความเสี่ยง (Consequence): หากทำผิดเงื่อนไขความสัมพันธ์ของนิติบุคคล หรือจ่ายค่าธรรมเนียมที่ไม่ผ่านการรับรอง จะหมดสิทธินำมาหักภาษี 2 เท่า (มาตรา 3)  [BW8] กฎหมายส่งเสริมการลงทุน : [Benefit & Incentive]1) เกี่ยวอย่างไร (Why): พ.ร.ฎ. ฉบับนี้เป็นหนึ่งในนโยบายส่งเสริมการลงทุนระดับประเทศ เพื่อกระตุ้นเศรษฐกิจและการกระจายรายได้สู่รายย่อย  2) ต้องทำ/ห้ามทำอะไร (What to do): บริษัทสามารถใช้นโยบายนี้ร่วมกับการวางแผนภาษีองค์กรเพื่อสร้างสิทธิประโยชน์สูงสุดระหว่างปีบัญชี 2562-2563 (มาตรา 3)  3) ความเสี่ยง (Consequence): หมดเขตการใช้สิทธิหากดำเนินการล่าช้ากว่ารอบระยะเวลาบัญชีที่กำหนด[BW14] การยกเว้นรัษฎากร : [Benefit & Incentive]1) เกี่ยวอย่างไร (Why): เป็นกฎหมายหลักที่บัญญัติเรื่องการยกเว้นภาษีเงินได้ (มาตรา 3)  2) ต้องทำ/ห้ามทำอะไร (What to do): ใช้เป็นฐานอ้างอิงในการบันทึกรายจ่ายที่ได้รับยกเว้นภาษี 2 เท่า โดยรวมคำนวณแล้วต้องไม่เกินร้อยละ 10 ของกำไรสุทธิ (มาตรา 4)  3) ความเสี่ยง (Consequence): หากบันทึกรายการลดหย่อนเกินเพดาน 10% จะถูกประเมินภาษีย้อนหลัง[AM19] ธุรกิจจัดฝึกอบรมและสัมมนาเชิงธุรกิจ : [Service Opportunity]1) เกี่ยวอย่างไร (Why): กฎหมายระบุให้รายจ่ายจากการ ""จัดให้มีการถ่ายทอดความรู้ด้านการบริหาร การตลาด การบัญชี"" สามารถนำมาหักภาษีได้ 2 เท่า (มาตรา 3 (1))  2) ต้องทำ/ห้ามทำอะไร (What to do): เป็นโอกาสในการนำเสนอบริการจัดฝึกอบรมให้แก่กลุ่มบริษัทขนาดใหญ่ เพื่อนำไปจัดอบรมให้ SMEs ภายใต้การรับรองของสภาอุตสาหกรรมฯ หรือสภาหอการค้าฯ  3) ความเสี่ยง (Consequence): -[BL1] วิจัยและพัฒนาวิทยาศาสตร์และเทคโนโลยี : [Service Opportunity]1) เกี่ยวอย่างไร (Why): กฎหมายระบุให้รายจ่ายจากการ ""จัดให้มีการวิจัยและพัฒนาเทคโนโลยีและนวัตกรรม"" สามารถนำมาหักภาษีได้ 2 เท่า (มาตรา 3 (2))  2) ต้องทำ/ห้ามทำอะไร (What to do): เป็นโอกาสสำหรับสถาบันวิจัยในการรับงานจากบริษัทใหญ่ เพื่อนำผลงานไปพัฒนาระบบให้กับ SMEs  3) ความเสี่ยง (Consequence): -1.3 ส่วนที่ 3: ด่านคัดกรอง (Self-Correction Gate)- รหัสธุรกิจการตลาด (AH4) ถูกพิจารณาและปัดตก เนื่องจากกิจกรรม ""ส่งเสริมการตลาด"" ในกฎหมายนี้ มีนัยยะถึงการที่บริษัทใหญ่ช่วยอุดหนุนหาช่องทางระบายสินค้าให้ SMEs มากกว่าการจ้างเอเจนซี่โฆษณาโดยตรง",100%,[บทเฉพาะกาล] ให้ใช้บังคับตั้งแต่วันถัดจากวันประกาศในราชกิจจานุเบกษา (หมดระยะเวลาผ่อนผันแล้ว)
19,100019,พระราชกฤษฎีกา กำหนดเขตพื้นที่เพื่อการอนุญาตให้ตั้งสถานบริการ ในท้องที่จังหวัดอุบลราชธานี (ฉบับที่ 2) พ.ศ. 2563,https://ratchakitcha.soc.go.th/documents/17117981.pdf,บังคับใช้,,-,พระราชกฤษฎีกากำหนดเขตพื้นที่เพื่อการอนุญาตให้ตั้งสถานบริการในท้องที่จังหวัดอุบลราชธานี พ.ศ. 2523 (มาตรา 3),7,กุมภาพันธ์,2563,8 กุมภาพันธ์ 2563,-,พระราชกฤษฎีกา,พระราชบัญญัติสถานบริการ พ.ศ. 2509 มาตรา 5,กฎหมายว่าด้วยโรงแรม,กระทรวงมหาดไทย,-,"โขงเจียม, น้ำยืน",อุบลราชธานี,กำหนดเขตพื้นที่เพิ่มเติมเพื่อการอนุญาตให้ตั้งสถานบริการในท้องที่จังหวัดอุบลราชธานีเฉพาะ 2 พื้นที่ คือ พื้นที่บริเวณที่ 1 ในอำเภอโขงเจียม และพื้นที่บริเวณที่ 2 ในอำเภอน้ำยืน โดยกำหนดแนวเขตตามจุดและระยะทางที่ระบุไว้ในแผนที่ท้ายพระราชกฤษฎีกา และไม่ใช้บังคับแก่สถานบริการที่ได้รับอนุญาตให้ตั้งก่อนวันที่พระราชกฤษฎีกานี้ใช้บังคับ รวมทั้งสถานบริการที่อยู่ในสถานที่ตั้งโรงแรมตามกฎหมายว่าด้วยโรงแรม,ไม่มีข้อปฏิบัติสำหรับภาคเอกชน เนื่องจากเป็นกฎหมายภายในของหน่วยงานรัฐ,โทษเชื่อมโยงจากกฎหมายแม่,รอเชื่อมโยง: พระราชบัญญัติสถานบริการ พ.ศ. 2509 มาตรา 5,-,ราชกิจจานุเบกษา เล่ม 137 ตอนที่ 12 ก หน้า 17,1) แผนที่ท้ายพระราชกฤษฎีกากำหนดเขตพื้นที่เพื่อการอนุญาตให้ตั้งสถานบริการในท้องที่จังหวัดอุบลราชธานี (ฉบับที่ 2) พ.ศ. 2563,,"ผู้ประกอบกิจการสถานบริการในเขตพื้นที่จังหวัดอุบลราชธานี, ผู้ยื่นคำขออนุญาตตั้งสถานบริการในเขตพื้นที่จังหวัดอุบลราชธานี","ตั้งสถานบริการ, อนุญาตตั้งสถานบริการ","สถานบริการ, พื้นที่โซนนิ่ง","สถานบริการ, เขตพื้นที่อนุญาต, การอนุญาต, โรงแรม","AV1, AV2, AV3, AV4, CD2, AE2[Exempted]",CC17,"STEP 1: พื้นที่ทดเลขในใจ (Context Analysis & Workflow Simulation)1) เขตอำนาจกฎหมาย (Jurisdiction Awareness): กฎหมายแม่บทคือพระราชบัญญัติสถานบริการ พ.ศ. 2509 ภายใต้อำนาจรัฐมนตรีว่าการกระทรวงมหาดไทย  เจตนารมณ์เพื่อกำหนดเขตพื้นที่หรือโซนนิ่งสำหรับการอนุญาตให้ตั้งสถานบริการเพิ่มเติมในท้องที่จังหวัดอุบลราชธานี (อำเภอโขงเจียม และอำเภอน้ำยืน)  1.1) Parent Law Anchoring: อ้างอิงมาตรา 5 แห่งพระราชบัญญัติสถานบริการ พ.ศ. 2509  1.2) Umbrella Term Check (ด่านบังคับสแกนคำร่มใหญ่):- พบคำว่า 'สถานบริการ' -> แตกแขนงเป็น: ผับ/บาร์/สถานบันเทิง, ร้านคาราโอเกะ, กิจการอาบอบนวด, เลาจน์และคลับเมมเบอร์  - พบคำว่า 'โรงแรม' -> แตกแขนงเป็น: โรงแรมมาตรฐาน  - พบคำว่า 'เขตพื้นที่' -> แตกแขนงเป็น: ผังเมืองและการใช้ประโยชน์ที่ดิน  1.3) Jurisdictional Lock: ธุรกิจสถานบริการและโรงแรมอยู่ภายใต้ พ.ร.บ. สถานบริการ และ พ.ร.บ. โรงแรม ตามลำดับ จึงต้องอยู่ภายใต้เขตอำนาจประกาศนี้  2) กลุ่มผู้ถูกบังคับใช้หลักทั้งหมด (All Primary Direct Targets & Must-Notify Entities): ผู้ประกอบการที่ประสงค์จะขออนุญาตตั้งสถานบริการใหม่ในพื้นที่ที่กำหนด -> AV1, AV2, AV3, AV4  3) ผู้ให้บริการใน Ecosystem คือใคร:3.1 The Validator: ไม่มี3.2 The Facilitator: ไม่มี3.3 The Guarantor: ไม่มี3.4 The Specialist: ไม่มี3.5 The Mandatory Facility: พื้นที่/โซนนิ่งผังเมือง -> CD2  3.6 The Essential Ecosystem Partner: ไม่มี4) ผู้รับผลกระทบแฝง/สืบเนื่อง (Hidden Targets): ไม่มี5) สินค้า/บริการที่ถูกควบคุม: ธุรกิจสถานบริการ  6) ข้อยกเว้น/การผ่อนผัน: สถานบริการที่ได้รับอนุญาตให้ตั้งก่อนหน้านี้ และสถานบริการในโรงแรม -> AE2  STEP 2: สรุปผลรหัสและ Impact Classification[AV1] ผับ / บาร์ / สถานบันเทิง : [Rights & Admin]1) เกี่ยวอย่างไร: กฎหมายกำหนดแนวเขตพื้นที่ที่สามารถขออนุญาตตั้งสถานบริการได้ในจังหวัดอุบลราชธานี (มาตรา 3)  2) ต้องทำ/ห้ามทำอะไร: ผู้ประสงค์จะเปิดสถานบริการใหม่ต้องตั้งอยู่ในเขตอันมีปริมณฑลที่กำหนดเท่านั้น (มาตรา 3)  3) ความเสี่ยง: ไม่สามารถขอรับใบอนุญาตให้ตั้งสถานบริการได้หากอยู่นอกพื้นที่ที่กำหนด[AV2] ร้านคาราโอเกะ : [Rights & Admin]1) เกี่ยวอย่างไร: กฎหมายกำหนดแนวเขตพื้นที่สำหรับการอนุญาตตั้งสถานบริการ (มาตรา 3)  2) ต้องทำ/ห้ามทำอะไร: ต้องตรวจสอบว่าสถานที่ตั้งอยู่ในแนวเขตที่กำหนดก่อนขออนุญาต (มาตรา 3)  3) ความเสี่ยง: คำขออนุญาตตั้งสถานบริการจะถูกปฏิเสธ[AV3] กิจการอาบอบนวด : [Rights & Admin]1) เกี่ยวอย่างไร: กฎหมายกำหนดแนวเขตพื้นที่สำหรับการอนุญาตตั้งสถานบริการ (มาตรา 3)  2) ต้องทำ/ห้ามทำอะไร: ต้องตรวจสอบว่าสถานที่ตั้งอยู่ในแนวเขตที่กำหนดก่อนขออนุญาต (มาตรา 3)  3) ความเสี่ยง: คำขออนุญาตตั้งสถานบริการจะถูกปฏิเสธ[AV4] เลาจน์และคลับเมมเบอร์ : [Rights & Admin]1) เกี่ยวอย่างไร: กฎหมายกำหนดแนวเขตพื้นที่สำหรับการอนุญาตตั้งสถานบริการ (มาตรา 3)  2) ต้องทำ/ห้ามทำอะไร: ต้องตรวจสอบว่าสถานที่ตั้งอยู่ในแนวเขตที่กำหนดก่อนขออนุญาต (มาตรา 3)  3) ความเสี่ยง: คำขออนุญาตตั้งสถานบริการจะถูกปฏิเสธ[CD2] ผังเมืองและการใช้ประโยชน์ที่ดิน : [Rights & Admin]1) เกี่ยวอย่างไร: เป็นการกำหนดเขตพื้นที่เพิ่มเติมในอำเภอโขงเจียมและอำเภอน้ำยืน จังหวัดอุบลราชธานี (มาตรา 3)  2) ต้องทำ/ห้ามทำอะไร: นักพัฒนาที่ดินและผู้ให้เช่าที่ดินต้องรับทราบแนวเขตเพื่อประเมินศักยภาพการใช้ที่ดิน (มาตรา 3)  3) ความเสี่ยง: สูญเสียโอกาสทางธุรกิจหรือประเมินการลงทุนผิดพลาด[AE2] โรงแรมมาตรฐาน : [Exempted]1) เกี่ยวอย่างไร: พระราชกฤษฎีกานี้มีบทเฉพาะกาลยกเว้นให้ (มาตรา 4)  2) ต้องทำ/ห้ามทำอะไร: สถานบริการที่อยู่ในสถานที่ตั้งโรงแรมตามกฎหมายว่าด้วยโรงแรมได้รับการยกเว้นไม่ต้องใช้ประกาศฉบับนี้ (มาตรา 4)  3) ความเสี่ยง: ไม่มีSTEP 3: รายงานผลด่านคัดกรอง (Self-Correction Gate)",100%,[ข้อยกเว้น] ไม่ใช้บังคับแก่สถานบริการที่ได้รับอนุญาตให้ตั้งก่อนวันที่พระราชกฤษฎีกานี้ใช้บังคับ และสถานบริการที่อยู่ในสถานที่ตั้งโรงแรมตามกฎหมายว่าด้วยโรงแรม <br>[บทเฉพาะกาล] ให้ใช้บังคับตั้งแต่วันถัดจากวันประกาศในราชกิจจานุเบกษา
21,100021,กฎกระทรวง กำหนดบริเวณห้ามก่อสร้าง ดัดแปลง หรือเปลี่ยนการใช้อาคารบางชนิดหรือบางประเภท ในพื้นทีบางส่วนในท้องทีจังหวัดชุมพร พ.ศ. 2563,https://ratchakitcha.soc.go.th/documents/17117983.pdf,บังคับใช้,,-,-,7,กุมภาพันธ์,2563,7 กุมภาพันธ์ 2563,-,กฎกระทรวง,"พระราชบัญญัติควบคุมอาคาร พ.ศ. 2522 มาตรา 5 (3), พระราชบัญญัติควบคุมอาคาร พ.ศ. 2522 มาตรา 8 (10)",-,กระทรวงมหาดไทย,-,-,ชุมพร,"กำหนดบริเวณห้ามก่อสร้างอาคารพาณิชยกรรมประเภทค้าปลีกค้าส่งในพื้นที่บางส่วนในท้องที่จังหวัดชุมพร และห้ามดัดแปลงหรือเปลี่ยนการใช้อาคารใด ๆ ให้เป็นอาคารชนิดหรือประเภทที่มีลักษณะต้องห้ามในบริเวณดังกล่าว โดยอาคารพาณิชยกรรมประเภทค้าปลีกค้าส่งให้คำนวณพื้นที่ใช้สอยเฉพาะส่วนที่ใช้ประกอบกิจการ ไม่รวมพื้นที่เก็บสินค้า พื้นที่สำนักงาน และพื้นที่ส่วนอื่นภายในอาคาร อาคารที่มีพื้นที่ใช้สอยรวมตั้งแต่ 500 ตารางเมตรขึ้นไปแต่ไม่เกิน 1,000 ตารางเมตร ต้องอยู่ติดถนนสาธารณะที่มีช่องทางจราจรไม่น้อยกว่า 5 ช่องทางหรือมีเขตทางไม่น้อยกว่า 20 เมตร มีแนวศูนย์กลางปากทางเข้าออกห่างจากทางร่วมทางแยกไม่น้อยกว่า 100 เมตร มีที่ว่างไม่น้อยกว่าร้อยละ 60 ของพื้นที่ดิน และมีสวนหรือบริเวณปลูกต้นไม้หรือนันทนาการไม่น้อยกว่าร้อยละ 10 ของที่ว่างดังกล่าว มีอัตราส่วนพื้นที่อาคารต่อพื้นที่ที่ใช้เป็นที่ตั้งอาคารไม่เกิน 1.5 ต่อ 1 มีที่ว่างด้านหน้าไม่น้อยกว่า 35 เมตร ด้านข้างไม่น้อยกว่า 12 เมตร ด้านหลังไม่น้อยกว่า 15 เมตร อาคารที่สูงเกิน 9 เมตรต้องห่างจากศูนย์ราชการหลักของจังหวัดหรืออำเภอ ศาสนสถาน โบราณสถาน โรงพยาบาล และสถานศึกษาไม่น้อยกว่า 200 เมตร มีที่จอดรถยนต์ไม่น้อยกว่า 1 คันต่อพื้นที่อาคาร 20 ตารางเมตร และที่พักมูลฝอยต้องอยู่ห่างจากเขตที่ดินของผู้อื่นหรือถนนสาธารณะไม่น้อยกว่า 10 เมตร และห่างจากสถานที่ประกอบอาหารและสถานที่เก็บอาหารไม่น้อยกว่า 5 เมตร หรือ 10 เมตรเมื่อมีความจุเกิน 3 ลูกบาศก์เมตร อาคารที่มีพื้นที่ใช้สอยเกิน 1,000 ตารางเมตรแต่ไม่เกิน 2,000 ตารางเมตร ต้องอยู่ติดถนนสาธารณะที่มีช่องทางจราจรไม่น้อยกว่า 5 ช่องทางหรือมีเขตทางไม่น้อยกว่า 30 เมตร และมีเงื่อนไขด้านที่ว่าง สัดส่วนพื้นที่อาคาร ระยะร่น ที่จอดรถ และที่พักมูลฝอยตามที่กำหนด ส่วนอาคารที่มีพื้นที่ใช้สอยเกิน 2,000 ตารางเมตรเป็นอาคารที่ห้ามบุคคลใดก่อสร้างในบริเวณดังกล่าว","ผู้ประกอบการก่อสร้างอาคารในจังหวัดชุมพรต้องดำเนินการดังนี้:

การก่อสร้างอาคารพาณิชยกรรมค้าปลีกค้าส่งขนาด 500 ถึง 1,000 ตารางเมตร: ต้องตั้งอยู่ติดถนนสาธารณะที่มีช่องจราจรอย่างน้อย 5 ช่อง หรือเขตทางกว้างไม่น้อยกว่า 20 เมตร ทางเข้าออกต้องห่างจากทางร่วมทางแยกที่มีเขตทางตั้งแต่ 14 เมตรขึ้นไป ไม่น้อยกว่า 100 เมตร มีที่ว่างไม่น้อยกว่าร้อยละ 60 ของที่ดินโดยมีพื้นที่สวนหรือนันทนาการร้อยละ 10 ของที่ว่าง อัตราส่วนพื้นที่อาคารไม่เกิน 1.5 ต่อ 1 เว้นระยะที่ว่างด้านหน้าไม่น้อยกว่า 35 เมตร ด้านข้าง 12 เมตร และด้านหลัง 15 เมตร หากสูงเกิน 10 เมตรต้องห่างจากศูนย์ราชการ ศาสนสถาน โรงพยาบาล หรือสถานศึกษาไม่น้อยกว่า 200 เมตร มีที่จอดรถ 1 คันต่อพื้นที่ 20 ตารางเมตร และจัดการที่พักมูลฝอยตามระยะที่กำหนด (อ้างอิง ข้อ 4)

การก่อสร้างอาคารพาณิชยกรรมค้าปลีกค้าส่งขนาดเกิน 1,000 ถึง 2,000 ตารางเมตร: ต้องตั้งอยู่ติดถนนสาธารณะที่มีช่องจราจรอย่างน้อย 5 ช่อง หรือเขตทางกว้างไม่น้อยกว่า 30 เมตร ทางเข้าออกต้องห่างจากทางร่วมทางแยกที่มีเขตทางตั้งแต่ 14 เมตรขึ้นไป ไม่น้อยกว่า 100 เมตร มีที่ว่างไม่น้อยกว่าร้อยละ 60 ของที่ดินโดยมีพื้นที่สวนหรือนันทนาการร้อยละ 20 ของที่ว่าง อัตราส่วนพื้นที่อาคารไม่เกิน 1.5 ต่อ 1 เว้นระยะที่ว่างด้านหน้าไม่น้อยกว่า 35 เมตร ด้านข้าง 12 เมตร และด้านหลัง 15 เมตร หากสูงเกิน 10 เมตรต้องห่างจากศูนย์ราชการ ศาสนสถาน โรงพยาบาล หรือสถานศึกษาไม่น้อยกว่า 400 เมตร มีที่จอดรถ 1 คันต่อพื้นที่ 20 ตารางเมตร และจัดการที่พักมูลฝอยตามระยะที่กำหนด (อ้างอิง ข้อ 4)",โทษเชื่อมโยงจากกฎหมายแม่,รอเชื่อมโยง: พระราชบัญญัติควบคุมอาคาร พ.ศ. 2522 มาตรา 5 และมาตรา 8,-,ราชกิจจานุเบกษา เล่ม 137 ตอนที่ 12 ก หน้า 24,"1) กฎกระทรวงกำหนดบริเวณห้ามก่อสร้าง ดัดแปลง หรือเปลี่ยนการใช้อาคารบางชนิดหรือบางประเภท ในพื้นที่บางส่วนในท้องที่ตำบลบางน้ำจืด ตำบลปากน้ำ และตำบลบางมะพร้าว อำเภอหลังสวน จังหวัดชุมพร พ.ศ. 2547, 2) กฎกระทรวงกำหนดบริเวณห้ามก่อสร้าง ดัดแปลง หรือเปลี่ยนการใช้อาคารบางชนิดหรือบางประเภท ในพื้นที่บางส่วนในท้องที่ตำบลวังตะกอ ตำบลนาขา ตำบลแหลมทราย ตำบลขันเงิน ตำบลท่ามะพลา ตำบลหลังสวน และตำบลพ้อแดง อำเภอหลังสวน จังหวัดชุมพร พ.ศ. 2547, 3) กฎกระทรวงกำหนดบริเวณห้ามก่อสร้าง ดัดแปลง หรือเปลี่ยนการใช้อาคารบางชนิด หรือบางประเภท ในพื้นที่บางส่วนในท้องที่ตำบลนาชะอัง ตำบลบางลึก ตำบลวังไผ่ ตำบลนาทุ่ง ตำบลท่าตะเภา ตำบลบ้านนา ตำบลตากแดด ตำบลขุนกระทิง ตำบลท่ายาง ตำบลบางหมาก ตำบลปากน้ำ และตำบลหาดทรายรี อำเภอเมืองชุมพร จังหวัดชุมพร พ.ศ. 2552",,"ผู้ประกอบการอาคารพาณิชยกรรมประเภทค้าปลีกค้าส่ง, บุคคลผู้ก่อสร้าง ดัดแปลง หรือเปลี่ยนการใช้อาคารในพื้นที่จังหวัดชุมพร","ก่อสร้างอาคาร, ดัดแปลงอาคาร, เปลี่ยนการใช้, ค้าปลีกค้าส่ง, ควบคุมอาคาร","อสังหาริมทรัพย์และที่ดิน, อาคารพาณิชย์","การควบคุมอาคาร, บริเวณห้ามก่อสร้าง, อาคารพาณิชยกรรมค้าปลีกค้าส่ง, การดัดแปลงอาคาร, การเปลี่ยนการใช้อาคาร","CD2, AB3, AB2, AC5, AC1, AH4[Exempted]","CF3, CD2","STEP 1: พื้นที่ทดเลขในใจ (Context Analysis & Workflow Simulation)1) เขตอำนาจกฎหมาย (Jurisdiction Awareness): กระทรวงมหาดไทย อาศัยอำนาจตาม พ.ร.บ.ควบคุมอาคาร พ.ศ. 2522  1.1) Parent Law Anchoring: กฎหมายนี้อาศัยอำนาจตาม พ.ร.บ.ควบคุมอาคาร มาตรา 5(3) และ 8(10) มุ่งเน้นควบคุมพื้นที่และสเปคการก่อสร้างของอาคารพาณิชยกรรม  1.2) Umbrella Term Check: พบคำว่า 'อาคารพาณิชยกรรมประเภทค้าปลีกค้าส่ง' -> แตกแขนงเป็น: ห้างสรรพสินค้า, ศูนย์ค้าส่งขนาดใหญ่, ซูเปอร์มาร์เก็ต, คอมมูนิตี้มอลล์  1.3) Jurisdictional Lock: การควบคุมผังเมืองและการขออนุญาตก่อสร้าง ดัดแปลง หรือเปลี่ยนการใช้อาคารในเขตท้องที่จังหวัดชุมพร  2) กลุ่มผู้ถูกบังคับใช้หลักทั้งหมด (All Primary Direct Targets & Must-Notify Entities):2.1) Must-Notify Test: กฎหมายกำหนดห้ามก่อสร้างอาคารค้าปลีกค้าส่งขนาดใหญ่ ตั้งแต่ 500 ตารางเมตรขึ้นไปในพื้นที่ห้าม หรือหากสร้างขนาด 500-2,000 ตร.ม. ในพื้นที่ผ่อนผันต้องทำตามข้อกำหนดที่ดิน พื้นที่ว่าง และระยะร่นอย่างเคร่งครัด ดังนั้น เจ้าของที่ดิน/ผู้พัฒนาโครงการ, ผู้ประกอบการค้าปลีกค้าส่ง และผู้ออกแบบ ต้องได้รับการแจ้งเตือนทันที  2.2) Comprehensive Coverage: ครอบคลุมทั้งผู้พัฒนาอสังหาริมทรัพย์เพื่อการพาณิชย์ ธุรกิจโมเดิร์นเทรดค้าปลีกค้าส่ง และสถาปนิก/วิศวกรผู้ออกแบบควบคุมงาน2.3) สรุปเป้าหมายหลัก -> CD2, AB3, AB23) ผู้ให้บริการใน Ecosystem คือใคร:3.1 The Validator: สถาปนิกและที่ปรึกษาควบคุมงานก่อสร้าง -> AC53.2 The Facilitator: นายหน้าซื้อขายที่ดิน -> AF33.3 The Guarantor: ไม่มี3.4 The Specialist: ไม่มี3.5 The Mandatory Facility: ไม่มี3.6 The Essential Ecosystem Partner: ผู้รับเหมาก่อสร้างหลัก -> AC14) ผู้รับผลกระทบแฝง/สืบเนื่อง (Hidden Targets): ไม่มี5) สินค้า/บริการที่ถูกควบคุม: การก่อสร้าง ดัดแปลง อาคารพาณิชยกรรมประเภทค้าปลีกค้าส่ง ที่มีพื้นที่ใช้สอยตั้งแต่ 500 ตารางเมตรขึ้นไป  6) ข้อยกเว้น/การผ่อนผัน: ตลาดตามกฎหมายสาธารณสุข อาคารจำหน่ายสินค้าชุมชน และอาคารเดิมที่มีอยู่ก่อน -> AH4  STEP 2: สรุปผลรหัสและ Impact Classification[CD2] ซื้อที่ดิน, พัฒนาโครงการและผังเมือง : [Direct Duty]1) เกี่ยวอย่างไร: กฎกระทรวงกำหนดพื้นที่ห้ามก่อสร้างและข้อกำหนดโซนนิ่ง (Zoning) ในท้องที่จังหวัดชุมพร  2) ต้องทำอะไร: ในกรณีที่ขอก่อสร้าง ต้องปฏิบัติตามอัตราส่วนพื้นที่อาคารรวม (FAR) ไม่เกิน 1.5 ต่อ 1 อัตราส่วนที่ว่างร้อยละ 60 และต้องมีที่ว่างด้านหน้าอาคารห่างจากเขตถนนไม่น้อยกว่า 35 เมตร  3) ความเสี่ยง: ไม่ได้รับอนุญาตให้ก่อสร้าง หรือดัดแปลงอาคาร[AB3] ห้างสรรพสินค้าและโมเดิร์นเทรด : [Rights & Admin]1) เกี่ยวอย่างไร: ควบคุมการก่อสร้างอาคารเพื่อใช้ขายปลีกสินค้าอุปโภคบริโภคที่ใช้ในชีวิตประจำวัน  2) ต้องทำอะไร: รับทราบข้อจำกัดสิทธิ หากอาคารมีพื้นที่ใช้สอยตั้งแต่ 500 ตร.ม. จะถูกบังคับใช้เงื่อนไขเข้มงวด และห้ามก่อสร้างอาคารที่มีขนาดเกิน 2,000 ตร.ม. โดยเด็ดขาด  3) ความเสี่ยง: สูญเสียโอกาสในการขยายสาขาขนาดใหญ่ในพื้นที่จังหวัดชุมพร[AB2] ค้าส่ง (B2B) และศูนย์กระจายสินค้า : [Rights & Admin]1) เกี่ยวอย่างไร: ควบคุมครอบคลุมถึงอาคารที่ใช้เพื่อการขายส่ง (ค้าส่ง) สินค้าอุปโภคบริโภค  2) ต้องทำอะไร: รับทราบข้อห้ามและเงื่อนไข เช่น อาคารที่สูงเกิน 10 เมตร ต้องมีระยะห่างจากศูนย์ราชการ ศาสนสถาน โรงพยาบาล หรือสถานศึกษา 200-400 เมตร ขึ้นอยู่กับขนาดพื้นที่  3) ความเสี่ยง: การตั้งศูนย์ค้าส่งแห่งใหม่ในพื้นที่ถูกระงับหรือไม่ผ่านการอนุมัติ[AC5] ที่ปรึกษาและออกแบบสถาปัตยกรรม : [Direct Duty]1) เกี่ยวอย่างไร: เป็นผู้รับผิดชอบการออกแบบผังและโครงสร้างอาคารพาณิชยกรรม  2) ต้องทำอะไร: ต้องออกแบบที่จอดรถ (1 คันต่อ 20 ตร.ม.) ระยะร่นด้านข้างและด้านหลัง (12-15 เมตร) รวมถึงออกแบบที่พักมูลฝอยให้อยู่ห่างจากสถานที่ประกอบอาหารไม่น้อยกว่า 4-10 เมตร  3) ความเสี่ยง: แบบแปลนไม่ผ่านการพิจารณาจากเจ้าพนักงานท้องถิ่น[AC1] ผู้รับเหมาก่อสร้างหลัก : [Indirect Impact]1) เกี่ยวอย่างไร: เป็นผู้ดำเนินงานรับจ้างก่อสร้างหรือดัดแปลงอาคารพาณิชยกรรมตามแบบ  2) ต้องทำอะไร: งดเว้นการรับเหมาก่อสร้างหรือดัดแปลงอาคารในลักษณะที่ขัดต่อกฎกระทรวงนี้ หรือก่อสร้างโดยไม่ได้รับใบอนุญาต  3) ความเสี่ยง: อาจถูกพนักงานเจ้าพนักงานสั่งระงับการก่อสร้าง[AH4] ตลาดสดและศูนย์อาหาร : [Exempted]1) เกี่ยวอย่างไร: นิยามของกฎหมายยกเว้นให้ตลาดตามกฎหมายว่าด้วยการสาธารณสุข ไม่ถือเป็นอาคารค้าปลีกค้าส่ง  2) ต้องทำอะไร: ได้รับการยกเว้น ไม่ถูกควบคุมด้วยเงื่อนไขพื้นที่และการก่อสร้างของกฎกระทรวงฉบับนี้  3) ความเสี่ยง: -STEP 3: รายงานผลด่านคัดกรอง (Self-Correction Gate)ปัดตก [AF3] เนื่องจาก เป็นเพียงนายหน้าชี้ช่องซื้อขายที่ดินและไม่ได้เป็นเจ้าของกรรมสิทธิ์ จึงไม่มีหน้าที่โดยตรงในการขออนุญาตก่อสร้างหรือจัดทำผังเมืองตามกฎหมายฉบับนี้ ฝ่าฝืนกฎการตัดจบห่วงโซ่",100%,[ข้อยกเว้น] ยกเว้นอาคารที่มีอยู่แล้วในบริเวณที่กำหนดก่อนวันที่กฎกระทรวงใช้บังคับให้ไม่ต้องปฏิบัติตามกฎกระทรวงนี้ แต่ห้ามดัดแปลงหรือเปลี่ยนการใช้อาคารดังกล่าวให้เป็นอาคารชนิดหรือประเภทที่มีลักษณะต้องห้าม<br>[ข้อยกเว้น] ยกเว้นอาคารที่ได้รับใบอนุญาตหรือใบรับแจ้งการก่อสร้าง ดัดแปลง หรือเปลี่ยนการใช้ หรือได้รับอนุญาตตามกฎหมายเฉพาะก่อนวันที่กฎกระทรวงใช้บังคับและยังไม่แล้วเสร็จให้ไม่ต้องปฏิบัติตามกฎกระทรวงนี้ แต่จะขอเปลี่ยนแปลงการอนุญาตหรือการแจ้งให้ขัดต่อกฎกระทรวงนี้ไม่ได้
67,100067,พระราชกฤษฎีกา ลดภาษีที่ดินและสิ่งปลูกสร้าง พ.ศ. 2563,https://ratchakitcha.soc.go.th/documents/17116089.pdf,บังคับใช้,,-,-,20,มกราคม,2563,1 มกราคม 2563,-,พระราชกฤษฎีกา,พระราชบัญญัติภาษีที่ดินและสิ่งปลูกสร้าง พ.ศ. 2562 มาตรา 55,-,"กระทรวงการคลัง, กระทรวงมหาดไทย",-,-,-,ลดภาษีที่ดินและสิ่งปลูกสร้างลงร้อยละห้าสิบสำหรับที่ดินหรือสิ่งปลูกสร้างที่บุคคลธรรมดาใช้เป็นที่อยู่อาศัยและมีชื่ออยู่ในทะเบียนบ้าน เฉพาะทรัพย์สินที่ได้มาโดยมรดกและจดทะเบียนสิทธิและนิติกรรมก่อนวันที่ 13 มีนาคม 2562 รวมถึงที่ดินตั้งโรงผลิตไฟฟ้า โรงผลิตไฟฟ้า และทรัพย์สินที่ใช้ประโยชน์เกี่ยวเนื่องกับการผลิตไฟฟ้า ตลอดจนที่ดินและสิ่งปลูกสร้างที่ใช้เป็นเขื่อนและพื้นที่เกี่ยวเนื่องกับเขื่อนที่ใช้เพื่อการผลิตไฟฟ้า ลดภาษีลงร้อยละเก้าสิบสำหรับอสังหาริมทรัพย์รอการขายที่สถาบันการเงิน สถาบันการเงินเฉพาะกิจ สถาบันการเงินประชาชน และบริษัทบริหารสินทรัพย์ได้รับมาไม่เกิน 5 ปี ที่ดินหรือสิ่งปลูกสร้างของผู้ประกอบการที่อยู่ระหว่างพัฒนาเป็นโครงการจัดสรรเพื่อที่อยู่อาศัยหรือการอุตสาหกรรม เป็นเวลาไม่เกิน 3 ปีนับแต่ได้รับอนุญาตให้จัดสรร ที่ดินหรือสิ่งปลูกสร้างของผู้ประกอบการที่อยู่ระหว่างพัฒนาเป็นอาคารชุด เป็นเวลาไม่เกิน 3 ปีนับแต่ได้รับอนุญาตก่อสร้าง ที่ดินหรือสิ่งปลูกสร้างของผู้ประกอบการที่อยู่ระหว่างพัฒนาเป็นนิคมอุตสาหกรรม เป็นเวลาไม่เกิน 3 ปีนับแต่ได้รับอนุญาตจัดตั้ง ที่ดินหรือสิ่งปลูกสร้างที่ดำเนินการตามกฎหมายแล้วและผู้ประกอบการที่ได้รับอนุญาตยังไม่ได้ขายเป็นเวลาไม่เกิน 2 ปีนับแต่วันที่ 13 มีนาคม 2562 รวมถึงที่ดินหรือสิ่งปลูกสร้างที่ใช้ในกิจการของสถาบันอุดมศึกษาเอกชน โรงเรียนเอกชน สถานที่ให้บริการแก่ประชาชนเป็นการทั่วไปสำหรับการเล่นกีฬา สวนสัตว์ สวนสนุก ที่จอดรถของการรถไฟฟ้าขนส่งมวลชนแห่งประเทศไทย ที่จอดรถโดยสารสาธารณะในสถานีขนส่งผู้โดยสาร สนามบินที่ใช้เป็นทางวิ่ง ทางขับ และลานจอดอากาศยาน และที่ตั้งของถนนหรือทางยกระดับที่เป็นทางพิเศษหรือทางหลวงสัมปทาน,"ผู้เสียภาษี (บุคคลธรรมดาหรือนิติบุคคล) ต้องดำเนินการตรวจสอบประเภทที่ดินและสิ่งปลูกสร้างของตนเองเพื่อให้ได้รับสิทธิลดหย่อนภาษีตามเงื่อนไขที่กำหนด โดยแบ่งเป็นกลุ่มลดภาษีร้อยละ 50 หรือร้อยละ 90 ตามหลักเกณฑ์ที่ระบุ (อ้างอิง มาตรา 3, 4)",โทษเชื่อมโยงจากกฎหมายแม่,รอเชื่อมโยง: พระราชบัญญัติภาษีที่ดินและสิ่งปลูกสร้าง พ.ศ. 2562 มาตรา 55,-,ราชกิจจานุเบกษา เล่ม 137 ตอนที่ 5 ก หน้า 5,"1) รายการข้อกำหนดจัดตั้งสถาบันอุดมศึกษา, 2) รายการตราสารจัดตั้งโรงเรียน",,"เจ้าของที่อยู่อาศัยที่ได้รับมรดก, ผู้ประกอบการผลิตไฟฟ้า, สถาบันการเงินและบริษัทบริหารสินทรัพย์, ผู้ประกอบการพัฒนาอสังหาริมทรัพย์และนิคมอุตสาหกรรม, สถาบันอุดมศึกษาเอกชนและโรงเรียนเอกชน, ผู้ให้บริการสนามกีฬา สวนสัตว์ และสวนสนุก, ผู้ประกอบการลานจอดรถสาธารณะ, ผู้ประกอบการท่าอากาศยาน, ผู้ให้บริการทางพิเศษและทางหลวงสัมปทาน","ลดภาษี, พัฒนาโครงการ, ใช้อยู่อาศัย, ให้บริการประชาชน, ผลิตไฟฟ้า","ที่ดินและสิ่งปลูกสร้าง, อสังหาริมทรัพย์, พลังงานไฟฟ้า, ระบบขนส่ง, อสังหาริมทรัพย์เพื่อการศึกษา","ภาษีที่ดินและสิ่งปลูกสร้าง, การลดภาษี, อสังหาริมทรัพย์รอการขาย, โครงการจัดสรร, อาคารชุด, นิคมอุตสาหกรรม, ทางพิเศษ","K1, AK1, AK5, AF1, AM3, AM5, AM6, AM11, AU4, B8, BC2, BC5, BD1, BF2, BR3, CB3",BW7,"[Rule Binding - การบูรณาการกฎ]STEP 1: พื้นที่ทดเลขในใจ (Context Analysis & Workflow Simulation)1) เขตอำนาจกฎหมาย (Jurisdiction Awareness): ออกโดยอาศัยอำนาจตาม พ.ร.บ.ภาษีที่ดินและสิ่งปลูกสร้าง พ.ศ. 2562 (กระทรวงการคลัง และกระทรวงมหาดไทย) มีเจตนารมณ์เพื่อลดภาษีที่ดินและสิ่งปลูกสร้างให้กับที่ดินหรือสิ่งปลูกสร้างบางประเภทตามสภาพเศรษฐกิจและสังคม  1.1) Parent Law Anchoring: ผู้รับผลกระทบต้องเป็นผู้มีหน้าที่เสียภาษีที่ดินและสิ่งปลูกสร้างตามกฎหมายแม่  1.2) Umbrella Term Check: พบคำกว้างคือ ""สถาบันการเงิน"" -> แตกเป็น: ธนาคารและสถาบันรับฝากเงิน, บริษัทบริหารสินทรัพย์ / ""โรงเรียนเอกชน"" -> แตกเป็น: โรงเรียนประถม/มัธยม, โรงเรียนนอกระบบ, โรงเรียนสอนศาสนา / ""กีฬา"" -> แตกเป็น: สมาคมกีฬา1.3) Jurisdictional Lock: ผ่านเกณฑ์ เป็นสิทธิประโยชน์ทางภาษีที่รัฐกำหนดให้ผู้ประกอบการเฉพาะกลุ่ม  2) กลุ่มผู้ถูกบังคับใช้หลักทั้งหมด (Primary Direct Targets & Must-Notify Entities): ธุรกิจที่ได้รับการลดหย่อนภาษี ได้แก่- โรงผลิตไฟฟ้า และเขื่อน -> [K1]  - สถาบันการเงินและบริษัทบริหารสินทรัพย์ (มีอสังหาฯ รอการขาย) -> [AK1, AK5]  - ผู้พัฒนาและจัดสรรที่ดิน, อาคารชุด, นิคมอุตสาหกรรม -> [AF1]  - มหาวิทยาลัยเอกชน -> [AM6]  - โรงเรียนเอกชน (ในระบบ, นอกระบบ, สอนศาสนา) -> [AM3, AM5, AM11]  - สมาคมกีฬา -> [CB3]  - สวนสัตว์ที่ได้รับอนุญาต -> [BR3, B8]  - สวนสนุกที่มีเครื่องเล่น -> [AU4]  - ผู้ให้บริการรถไฟฟ้า (รฟม.) และสถานีขนส่งสาธารณะ -> [BC2, BC5]  - สนามบินพาณิชย์ -> [BF2]  - ผู้รับสัมปทานทางหลวงและทางพิเศษ -> [BD1]  3) ผู้ให้บริการใน Ecosystem คือใคร: -4) ผู้รับผลกระทบแฝง/สืบเนื่อง (Hidden Targets): -5) สินค้า/บริการที่ถูกควบคุม: -6) ข้อยกเว้น/การผ่อนผัน: ให้สิทธิลดหย่อนภาษี 50% และ 90% แก่กลุ่มธุรกิจที่ระบุข้างต้น  STEP 2: สรุปผลรหัสและ Impact Classification[K1] การผลิตและส่งจ่ายไฟฟ้า : [Benefit & Incentive]1) เกี่ยวอย่างไร: รัฐลดภาษี 50% ให้กับที่ดินและสิ่งปลูกสร้างที่ใช้เป็นโรงผลิตไฟฟ้าและเขื่อน  2) ต้องทำอะไร: รับทราบสิทธิประโยชน์และตรวจสอบการประเมินภาษีของหน่วยงานรัฐ  3) ความเสี่ยง: เสียโอกาสการลดหย่อนภาษีหากไม่ตรวจสอบการเรียกเก็บ[AK1] ธนาคารและสถาบันรับฝากเงิน : [Benefit & Incentive]1) เกี่ยวอย่างไร: รัฐลดภาษี 90% ให้อสังหาริมทรัพย์รอการขาย (NPA) ที่รับมาไม่เกิน 5 ปี  2) ต้องทำอะไร: รับทราบสิทธิและตรวจสอบการประเมินภาษี  3) ความเสี่ยง: เสียโอกาสการลดหย่อนภาษี[AK5] บริหารสินทรัพย์ด้อยคุณภาพ : [Benefit & Incentive]1) เกี่ยวอย่างไร: รัฐลดภาษี 90% ให้อสังหาริมทรัพย์รอการขายที่รับมาไม่เกิน 5 ปี  2) ต้องทำอะไร: รับทราบสิทธิและตรวจสอบการประเมินภาษี  3) ความเสี่ยง: เสียโอกาสการลดหย่อนภาษี[AF1] ผู้พัฒนาและจัดสรรที่ดิน : [Benefit & Incentive]1) เกี่ยวอย่างไร: รัฐลดภาษี 90% ให้ที่ดินระหว่างพัฒนา (ไม่เกิน 3 ปี) และสร้างเสร็จรอขาย (ไม่เกิน 2 ปี)  2) ต้องทำอะไร: รับทราบสิทธิและตรวจสอบการประเมินภาษี  3) ความเสี่ยง: เสียโอกาสการลดหย่อนภาษี[AM6] มหาวิทยาลัย : [Benefit & Incentive]1) เกี่ยวอย่างไร: รัฐลดภาษี 90% ให้พื้นที่กิจการสถาบันอุดมศึกษาเอกชน  2) ต้องทำอะไร: รับทราบสิทธิและตรวจสอบการประเมินภาษี  3) ความเสี่ยง: เสียโอกาสการลดหย่อนภาษี[AM3] โรงเรียนประถมและมัธยม : [Benefit & Incentive]1) เกี่ยวอย่างไร: รัฐลดภาษี 90% ให้พื้นที่โรงเรียนเอกชนในระบบ  2) ต้องทำอะไร: รับทราบสิทธิและตรวจสอบการประเมินภาษี  3) ความเสี่ยง: เสียโอกาสการลดหย่อนภาษี[AM5] โรงเรียนนอกระบบ : [Benefit & Incentive]1) เกี่ยวอย่างไร: รัฐลดภาษี 90% ให้พื้นที่โรงเรียนนอกระบบ  2) ต้องทำอะไร: รับทราบสิทธิและตรวจสอบการประเมินภาษี  3) ความเสี่ยง: เสียโอกาสการลดหย่อนภาษี[AM11] โรงเรียนเอกชนสอนศาสนาควบคู่วิชาสามัญ : [Benefit & Incentive]1) เกี่ยวอย่างไร: รัฐลดภาษี 90% ให้โรงเรียนสอนศาสนา ตาดีกา ปอเนาะ  2) ต้องทำอะไร: รับทราบสิทธิและตรวจสอบการประเมินภาษี  3) ความเสี่ยง: เสียโอกาสการลดหย่อนภาษี[CB3] สมาคม : [Benefit & Incentive]1) เกี่ยวอย่างไร: รัฐลดภาษี 90% ให้สถานที่สมาคมกีฬา  2) ต้องทำอะไร: รับทราบสิทธิและตรวจสอบการประเมินภาษี  3) ความเสี่ยง: เสียโอกาสการลดหย่อนภาษี[BR3] สวนสัตว์และสวนพฤกษศาสตร์ : [Benefit & Incentive]1) เกี่ยวอย่างไร: รัฐลดภาษี 90% ให้สวนสัตว์ที่ได้รับอนุญาต  2) ต้องทำอะไร: รับทราบสิทธิและตรวจสอบการประเมินภาษี  3) ความเสี่ยง: เสียโอกาสการลดหย่อนภาษี[B8] ปางช้าง สวนสัตว์ และสัตว์พาหนะ : [Benefit & Incentive]1) เกี่ยวอย่างไร: รัฐลดภาษี 90% ให้ผู้ประกอบกิจการสวนสัตว์ที่ได้รับอนุญาตตามกฎหมายคุ้มครองสัตว์ป่า  2) ต้องทำอะไร: รับทราบสิทธิและตรวจสอบการประเมินภาษี  3) ความเสี่ยง: เสียโอกาสการลดหย่อนภาษี[AU4] สวนสนุกและสวนน้ำ : [Benefit & Incentive]1) เกี่ยวอย่างไร: รัฐลดภาษี 90% ให้สวนสนุกที่มีเครื่องเล่นได้รับอนุญาต  2) ต้องทำอะไร: รับทราบสิทธิและตรวจสอบการประเมินภาษี  3) ความเสี่ยง: เสียโอกาสการลดหย่อนภาษี[BC2] การขนส่งทางราง : [Benefit & Incentive]1) เกี่ยวอย่างไร: รัฐลดภาษี 90% ให้ลานจอดรถผู้โดยสารรถไฟฟ้า รฟม.  2) ต้องทำอะไร: รับทราบสิทธิและตรวจสอบการประเมินภาษี  3) ความเสี่ยง: เสียโอกาสการลดหย่อนภาษี[BC5] รถรับจ้างและขนส่งผู้โดยสาร : [Benefit & Incentive]1) เกี่ยวอย่างไร: รัฐลดภาษี 90% ให้ลานจอดรถในสถานีขนส่งผู้โดยสาร  2) ต้องทำอะไร: รับทราบสิทธิและตรวจสอบการประเมินภาษี  3) ความเสี่ยง: เสียโอกาสการลดหย่อนภาษี[BF2] ธุรกิจสนามบินและบริการภาคพื้น : [Benefit & Incentive]1) เกี่ยวอย่างไร: รัฐลดภาษี 90% ให้ทางวิ่ง ทางขับ และลานจอดอากาศยาน  2) ต้องทำอะไร: รับทราบสิทธิและตรวจสอบการประเมินภาษี  3) ความเสี่ยง: เสียโอกาสการลดหย่อนภาษี[BD1] ผู้รับสัมปทานและให้บริการทางพิเศษ : [Benefit & Incentive]1) เกี่ยวอย่างไร: รัฐลดภาษี 90% ให้ที่ตั้งของถนน ทางยกระดับ ทางพิเศษ ทางหลวงสัมปทาน  2) ต้องทำอะไร: รับทราบสิทธิและตรวจสอบการประเมินภาษี  3) ความเสี่ยง: เสียโอกาสการลดหย่อนภาษีSTEP 3: รายงานผลด่านคัดกรอง (Self-Correction Gate)-",100%,[บทเฉพาะกาล] ให้ใช้บังคับตั้งแต่วันที่ 1 มกราคม พ.ศ. 2563 เป็นต้นไป
94,100094,ระเบียบกระทรวงศึกษาธิการ ว่าด้วยการยกเลิกระเบียบกระทรวงศึกษาธิการ ว่าด้วยการไว้ทรงผมของนักเรียน พ.ศ. 2563 พ.ศ. 2566,https://ratchakitcha.soc.go.th/documents/140D023S0000000000500.pdf,บังคับใช้,,ระเบียบกระทรวงศึกษาธิการ ว่าด้วยการไว้ทรงผมของนักเรียน พ.ศ. 2563,-,1,กุมภาพันธ์,2566,2 กุมภาพันธ์ 2566,-,ระเบียบ,"พระราชบัญญัติระเบียบบริหารราชการ กระทรวงศึกษาธิการ พ.ศ. 2546 มาตรา 8, พระราชบัญญัติระเบียบบริหารราชการ กระทรวงศึกษาธิการ พ.ศ. 2546 มาตรา 12",-,กระทรวงศึกษาธิการ,-,-,-,กำหนดให้ใช้บังคับตั้งแต่วันถัดจากวันประกาศในราชกิจจานุเบกษาเป็นต้นไป,ไม่มีข้อปฏิบัติสำหรับภาคเอกชน เนื่องจากเป็นกฎหมายภายในของหน่วยงานรัฐ,⚪️ เทา,-,-,ราชกิจจานุเบกษา เล่ม 140 ตอนพิเศษ 23 ง หน้า 5,-,,"สถานศึกษาในสังกัดกระทรวงศึกษาธิการ, นักเรียน","ยกเลิกระเบียบ, ไว้ทรงผม","นักเรียน, ทรงผม","การยกเลิกระเบียบ, ทรงผมนักเรียน","AM20, AM3, AM9, AM2, AM4, AM11","AM3, AM4, AM6, AM11, CC17","STEP 1: พื้นที่ทดเลขในใจ (Context Analysis & Workflow Simulation)1) เขตอำนาจกฎหมาย (Jurisdiction Awareness): กระทรวงศึกษาธิการ อาศัยอำนาจตาม พ.ร.บ.ระเบียบบริหารราชการกระทรวงศึกษาธิการ พ.ศ. 2546 เพื่อออกระเบียบฉบับนี้  1.1) Parent Law Anchoring: กฎหมายสั่งยกเลิกระเบียบกระทรวงศึกษาธิการ ว่าด้วยการไว้ทรงผมของนักเรียน พ.ศ. 2563 อย่างเป็นทางการ  1.2) Umbrella Term Check: พบคำว่า 'นักเรียน' และโดยนัยคือ 'สถานศึกษา' -> แตกแขนงเป็น: โรงเรียนของรัฐ (AM20), โรงเรียนเอกชนสายสามัญ (AM3), โรงเรียนอนุบาล (AM2), โรงเรียนนานาชาติ (AM4), อาชีวศึกษา (AM9), โรงเรียนเอกชนสอนศาสนา/ทางเลือก (AM11)  1.3) Jurisdictional Lock: มีผลผูกพันกับสถานศึกษาระดับการศึกษาขั้นพื้นฐานและอาชีวศึกษา ที่อยู่ภายใต้การกำกับดูแลของกระทรวงศึกษาธิการ ทั้งภาครัฐและเอกชน2) กลุ่มผู้ถูกบังคับใช้หลักทั้งหมด (All Primary Direct Targets & Must-Notify Entities):2.1) Must-Notify Test: สถานศึกษาทุกระดับภายใต้กระทรวงศึกษาธิการ (ตามที่แตกแขนงในข้อ 1.2) จำเป็นต้องรับทราบการยกเลิกระเบียบส่วนกลางนี้ เพื่อนำไปดำเนินการจัดทำ ปรับปรุง หรือยกเลิกระเบียบภายในของตนเองให้สอดคล้องกับสิทธิและเสรีภาพของนักเรียนตามบริบทของแต่ละสถานศึกษา2.2) Comprehensive Coverage: ครอบคลุมทั้งสถานศึกษาของรัฐ (AM20) และสถานศึกษาเอกชนในระบบทุกรูปแบบ (AM2, AM3, AM4, AM9, AM11)2.3) คำสั่งบังคับ: -> AM20, AM3, AM9, AM2, AM4, AM113) ผู้ให้บริการใน Ecosystem คือใคร:3.1 The Validator: ไม่มี3.2 The Facilitator: ไม่มี3.3 The Guarantor: ไม่มี3.4 The Specialist: ไม่มี3.5 The Mandatory Facility: ไม่มี3.6 The Essential Ecosystem Partner: ไม่มี4) ผู้รับผลกระทบแฝง/สืบเนื่อง (Hidden Targets): ไม่มี5) สินค้า/บริการที่ถูกควบคุม: การกำหนดระเบียบว่าด้วยการไว้ทรงผมของนักเรียน  6) ข้อยกเว้น/การผ่อนผัน: ไม่มีSTEP 2: สรุปผลรหัสและ Impact Classification[AM20] สถานศึกษาของรัฐ : [Rights & Admin]1) เกี่ยวอย่างไร: กระทรวงศึกษาธิการยกเลิกระเบียบกลางว่าด้วยการไว้ทรงผมของนักเรียน  2) ต้องทำอะไร: รับทราบการยกเลิกระเบียบ และบริหารจัดการกำหนดระเบียบทรงผมภายในสถานศึกษาตนเอง  3) ความเสี่ยง: เกิดความสับสนหรือข้อพิพาทกับนักเรียนหากไม่มีการประกาศแนวปฏิบัติที่ชัดเจนมารองรับ[AM3] โรงเรียนประถมและมัธยม : [Rights & Admin]1) เกี่ยวอย่างไร: กฎหมายส่วนกลางที่เคยใช้เป็นเกณฑ์อ้างอิงถูกยกเลิก  2) ต้องทำอะไร: รับทราบการยกเลิก เพื่อกำหนดระเบียบของโรงเรียนเอกชนเองได้อย่างเป็นอิสระมากขึ้น  3) ความเสี่ยง: อาจถูกร้องเรียนหากระเบียบภายในที่ตั้งขึ้นใหม่ละเมิดสิทธิพื้นฐาน[AM9] สถาบันการอาชีวศึกษา : [Rights & Admin]1) เกี่ยวอย่างไร: อยู่ภายใต้สังกัดกระทรวงศึกษาธิการที่เคยต้องอิงระเบียบปี 2563  2) ต้องทำอะไร: รับทราบการยกเลิกระเบียบ และปรับปรุงข้อบังคับของวิทยาลัยเอง  3) ความเสี่ยง: นักศึกษาอาจประท้วงหากวิทยาลัยยังบังคับใช้กฎที่อ้างอิงระเบียบเดิมที่ถูกยกเลิกไปแล้ว[AM2] โรงเรียนอนุบาล : [Rights & Admin]1) เกี่ยวอย่างไร: เป็นสถานศึกษาเอกชนในระบบภายใต้สังกัดกระทรวงศึกษาธิการ2) ต้องทำอะไร: รับทราบการยกเลิกระเบียบ (แม้เด็กเล็กอาจไม่ได้รับผลกระทบมาก แต่ในทางบริหารต้องอัปเดตระเบียบ)  3) ความเสี่ยง: ขาดความทันสมัยในการจัดการระเบียบสถานศึกษา[AM4] โรงเรียนนานาชาติ : [Rights & Admin]1) เกี่ยวอย่างไร: เป็นสถานศึกษาในระบบที่กระทรวงศึกษาธิการกำกับดูแล2) ต้องทำอะไร: รับทราบการปลดล็อคระเบียบกลาง ซึ่งสอดคล้องกับแนวทางอิสระของโรงเรียนนานาชาติอยู่แล้ว  3) ความเสี่ยง: -[AM11] โรงเรียนเอกชนสอนศาสนา : [Rights & Admin]1) เกี่ยวอย่างไร: เป็นสถานศึกษาที่จัดการศึกษาตามหลักสูตรกระทรวงฯ ควบคู่ศาสนา2) ต้องทำอะไร: รับทราบการยกเลิกระเบียบส่วนกลาง เพื่อใช้อำนาจของโรงเรียนในการกำหนดทรงผมที่สอดคล้องกับหลักศาสนาได้อย่างเต็มที่  3) ความเสี่ยง: -STEP 3: รายงานผลด่านคัดกรอง (Self-Correction Gate)-",100%,ยกเลิกระเบียบกระทรวงศึกษาธิการ ว่าด้วยการไว้ทรงผมของนักเรียน พ.ศ. ๒๕๖๓
97,100097,ระเบียบการไฟฟ้านครหลวง ว่าด้วยการให้ใช้มาตรฐานการติดตั้งทางไฟฟ้าสำหรับประเทศไทย พ.ศ. 2564 พ.ศ. 2565,https://ratchakitcha.soc.go.th/documents/17222751.pdf,บังคับใช้,,ระเบียบการไฟฟ้านครหลวง ว่าด้วยการให้ใช้มาตรฐานการติดตั้งทางไฟฟ้าสำหรับประเทศไทย พ.ศ. 2556 พ.ศ. 2557,-,19,กันยายน,2565,17 พฤษภาคม 2565,-,ระเบียบ,ข้อบังคับการไฟฟ้านครหลวง ว่าด้วยการใช้ไฟฟ้าและบริการ พ.ศ. 2535 ข้อ 6,มาตรฐานการติดตั้งทางไฟฟ้าสำหรับประเทศไทย พ.ศ. 2564,"การไฟฟ้านครหลวง (กฟน.), กระทรวงมหาดไทย",-,-,-,กำหนดให้ใช้มาตรฐานการติดตั้งทางไฟฟ้าสำหรับประเทศไทย พ.ศ. 2564: วสท. 022001 - 22 ตั้งแต่วันที่ 17 พฤษภาคม พ.ศ. 2565 เป็นต้นไป และให้เสนอผู้ว่าการหรือผู้ซึ่งผู้ว่าการมอบหมายพิจารณาสั่งการเมื่อมีปัญหาในการปฏิบัติตามมาตรฐานดังกล่าว,"ผู้ใช้ไฟฟ้าหรือผู้เกี่ยวข้อง ต้องดำเนินการติดตั้งระบบไฟฟ้าให้เป็นไปตามมาตรฐาน วสท. 022001-22 โดยหากมีปัญหาในการปฏิบัติงาน ให้ยื่นเรื่องนำเสนอผู้ว่าการหรือผู้ที่ได้รับมอบหมายเพื่อพิจารณาสั่งการ (อ้างอิง ข้อ 3, 4)",โทษเชื่อมโยงจากกฎหมายแม่,รอเชื่อมโยง: ข้อบังคับการไฟฟ้านครหลวง ว่าด้วยการใช้ไฟฟ้าและบริการ พ.ศ. 2535 ข้อ 6,-,ราชกิจจานุเบกษา เล่ม 139 ตอนพิเศษ 221 ง หน้า 2,1) มาตรฐานการติดตั้งทางไฟฟ้าสำหรับประเทศไทย พ.ศ. 2564: วสท. 022001-22,[เอกสารลิขสิทธิ์] ไม่สามารถแสดงไฟล์ต้นฉบับได้,"ผู้รับเหมาติดตั้งระบบไฟฟ้า, ช่างไฟฟ้า, ผู้ใช้ไฟฟ้าในเขตพื้นที่การไฟฟ้านครหลวง","ติดตั้งไฟฟ้า, ใช้มาตรฐาน",ระบบไฟฟ้า,"มาตรฐานการติดตั้งทางไฟฟ้า, การไฟฟ้านครหลวง, การปฏิบัติตามมาตรฐาน","AC1, AC3, AC5, AC6, BB12, K1, L1, L3, T5, U1, U5",CC32,"STEP 1: พื้นที่ทดเลขในใจ (Context Analysis & Workflow Simulation)1) เขตอำนาจกฎหมาย (Jurisdiction Awareness): ระเบียบการไฟฟ้านครหลวง ว่าด้วยการให้ใช้มาตรฐานการติดตั้งทางไฟฟ้าสำหรับประเทศไทย พ.ศ. 2564 พ.ศ. 2565 ออกโดยอาศัยอำนาจตามข้อ 6 แห่งข้อบังคับ กฟน. ว่าด้วยการใช้ไฟฟ้าและบริการ พ.ศ. 2535  1.1) [Parent Law Anchoring]: ข้อบังคับ กฟน. พ.ศ. 2535 กำหนดให้ผู้ขอใช้ไฟฟ้าหรือเชื่อมต่อระบบต้องดำเนินการติดตั้งระบบและอุปกรณ์ไฟฟ้าให้ได้มาตรฐานความปลอดภัยตามที่ กฟน. กำหนด  1.2) Umbrella Term Check: พบคำว่า ""มาตรฐานการติดตั้งทางไฟฟ้า"" -> แตกแขนงเป็น: งานออกแบบระบบไฟฟ้า, งานรับเหมาติดตั้ง, บริการตรวจสอบทดสอบระบบ, อุปกรณ์ประกอบ (สวิตช์, เต้ารับ), สายไฟฟ้าและเคเบิล, ระบบผลิตและเชื่อมต่อพลังงาน1.3) Jurisdictional Lock: บังคับใช้เฉพาะพื้นที่และเขตอำนาจการให้บริการของการไฟฟ้านครหลวง (MEA) เท่านั้น  2) กลุ่มผู้ถูกบังคับใช้หลักทั้งหมด (Primary Direct Targets & Must-Notify Entities):2.1) Must-Notify Test: ธุรกิจรับเหมาติดตั้งระบบไฟฟ้าและโซลาร์เซลล์, วิศวกรผู้ออกแบบ, ที่ปรึกษาพลังงาน, และบริษัทรับเหมาก่อสร้างหลัก หากไม่ใช้มาตรฐาน วสท. 022001-22 งานจะไม่ผ่านการตรวจรับรอง  2.2) Comprehensive Coverage: ครอบคลุมตั้งแต่ผู้รับเหมาหลัก งานระบบ งานพลังงาน จนถึงผู้ผลิตไฟฟ้าเอกชน2.3) เป้าหมายหลัก -> [AC1, AC3, AC5, K1, L1, L3]3) ผู้ให้บริการใน Ecosystem คือใคร:3.1 The Validator: ผู้ให้บริการทดสอบทางเทคนิคและตรวจสอบระบบไฟฟ้า -> [AC6]3.2 The Facilitator: -3.3 The Guarantor: -3.4 The Specialist: -3.5 The Mandatory Facility: -3.6 The Essential Ecosystem Partner: ธุรกิจบำรุงรักษาระบบประกอบอาคารที่ต้องซ่อมแซมระบบเดิม -> [BB12]4) ผู้รับผลกระทบแฝง/สืบเนื่อง (Hidden Targets): ผู้ผลิตและจำหน่ายสายไฟฟ้า อุปกรณ์สวิตช์ ที่ต้องอ้างอิงสเปกตามมาตรฐานใหม่ -> [T5, U1, U5]5) สินค้า/บริการที่ถูกควบคุม: บริการออกแบบและติดตั้งระบบไฟฟ้า, วัสดุอุปกรณ์ระบบไฟฟ้า6) ข้อยกเว้น/การผ่อนผัน: ไม่มีSTEP 2: สรุปผลรหัสและ Impact Classification[AC3] งานระบบและตกแต่งภายใน : [Direct Duty]1) เกี่ยวอย่างไร: ผู้รับเหมางานระบบไฟฟ้าต้องปฏิบัติงานตามมาตรฐานฉบับใหม่  2) ต้องทำอะไร: อ้างอิงและติดตั้งระบบตามมาตรฐาน วสท. 022001-22 แทนฉบับเดิม  3) ความเสี่ยง: งานติดตั้งไม่ผ่านการตรวจและไม่สามารถเชื่อมต่อไฟกับ กฟน. ได้[AC5] วิศวกรและสถาปนิก : [Direct Duty]1) เกี่ยวอย่างไร: วิศวกรผู้ออกแบบและเซ็นรับรองแบบระบบไฟฟ้าต้องใช้มาตรฐานใหม่  2) ต้องทำอะไร: ออกแบบ คำนวณโหลด และจัดทำรายการประกอบแบบตามมาตรฐานปี 2564  3) ความเสี่ยง: แบบไม่ได้รับการอนุมัติจากหน่วยงาน[L1] รับเหมาติดตั้งและดูแลระบบ : [Direct Duty]1) เกี่ยวอย่างไร: ผู้ติดตั้งโซลาร์รูฟท็อปและระบบกักเก็บพลังงานที่ขนานไฟกับ กฟน.  2) ต้องทำอะไร: ปฏิบัติตามเกณฑ์การติดตั้งและมาตรฐานอุปกรณ์ตามฉบับปี 2564  3) ความเสี่ยง: ถูกระงับสิทธิการขนานเครื่องกำเนิดไฟฟ้าเข้าโครงข่าย[AC1] การก่อสร้างอาคาร : [Direct Duty]1) เกี่ยวอย่างไร: ผู้รับเหมาหลักโครงการก่อสร้างอาคารที่มีงานระบบไฟฟ้า  2) ต้องทำอะไร: ควบคุมและส่งมอบงานระบบไฟฟ้าภายในอาคารให้ได้ตามมาตรฐานใหม่  3) ความเสี่ยง: ไม่สามารถขอใช้ไฟฟ้าชั่วคราวหรือถาวรสำหรับอาคารได้[K1] การผลิตและส่งจ่ายไฟฟ้า : [Direct Duty]1) เกี่ยวอย่างไร: ผู้ผลิตไฟฟ้าเอกชนที่มีสถานีไฟฟ้าย่อยเพื่อเชื่อมต่อโครงข่าย กฟน.  2) ต้องทำอะไร: ออกแบบสถานีย่อยและจุดเชื่อมต่อให้เป็นไปตามมาตรฐานใหม่  3) ความเสี่ยง: ไม่ได้รับอนุญาตให้เชื่อมต่อระบบโครงข่าย[L3] ที่ปรึกษาและจัดการพลังงาน : [Direct Duty]1) เกี่ยวอย่างไร: ผู้ให้คำปรึกษาและออกแบบระบบจัดการพลังงานในพื้นที่ กฟน.  2) ต้องทำอะไร: อ้างอิงข้อกำหนดทางเทคนิคตามมาตรฐาน วสท. ปี 2564 ในการวางแผน  3) ความเสี่ยง: โครงการที่ออกแบบไม่สามารถดำเนินการขออนุญาตได้จริง[BB12] การบำรุงรักษาระบบประกอบอาคาร : [Direct Duty]1) เกี่ยวอย่างไร: ผู้รับเหมาดัดแปลงหรือซ่อมบำรุงระบบไฟฟ้าเดิมภายในอาคาร  2) ต้องทำอะไร: ใช้มาตรฐานใหม่เป็นเกณฑ์ในการปรับปรุงหรือเปลี่ยนอุปกรณ์  3) ความเสี่ยง: อาคารไม่ผ่านมาตรฐานความปลอดภัยทางไฟฟ้า[AC6] บริการทดสอบทางเทคนิค : [Service Opportunity]1) เกี่ยวอย่างไร: บริการตรวจสอบและทดสอบระบบไฟฟ้าก่อนส่งมอบ  2) ต้องทำอะไร: ปรับปรุงเกณฑ์และวิธีการทดสอบให้สอดคล้องกับมาตรฐานปี 2564  3) ความเสี่ยง: รายงานผลการทดสอบไม่เป็นที่ยอมรับ[T5] อุปกรณ์สวิตช์ เต้ารับ รางปลั๊กพ่วง : [Indirect Impact]1) เกี่ยวอย่างไร: มาตรฐานฉบับใหม่บังคับสเปกทางเทคนิคของอุปกรณ์ติดตั้ง  2) ต้องทำอะไร: งดเว้นการผลิตหรือขายสินค้าเข้าโครงการหากสเปกไม่ตรงตามมาตรฐาน  3) ความเสี่ยง: สูญเสียโอกาสในการขายสินค้าสำหรับโครงการในเขต กฟน.[U1] สายไฟฟ้ากำลังและสายอาคาร : [Indirect Impact]1) เกี่ยวอย่างไร: มาตรฐานใหม่ปรับปรุงเกณฑ์การทนกระแสและชนิดสายไฟ  2) ต้องทำอะไร: ผลิตและระบุสเปกให้ตรงตามข้อกำหนดเพื่อรักษาส่วนแบ่งตลาด  3) ความเสี่ยง: สินค้าไม่สามารถนำไปติดตั้งในโครงการที่อิงมาตรฐานใหม่ได้[U5] สายไฟฟ้าแรงสูงและสายพิเศษ : [Indirect Impact]1) เกี่ยวอย่างไร: มาตรฐานปรับปรุงวิธีการติดตั้งและระยะห่างสายแรงสูง  2) ต้องทำอะไร: ผลิตสายเคเบิลให้ได้คุณสมบัติตามที่มาตรฐานกำหนด  3) ความเสี่ยง: เสียโอกาสทางการค้าในห่วงโซ่อุปทานSTEP 3: รายงานผลด่านคัดกรอง (Self-Correction Gate)",100%,ยกเลิกระเบียบการไฟฟ้านครหลวง ว่าด้วยการให้ใช้มาตรฐานการติดตั้งทางไฟฟ้าสำหรับประเทศไทย พ.ศ. ๒๕๕๖ พ.ศ. ๒๕๕๗
114,100114,ระเบียบกรมประมง ว่าด้วยการส่งตัวอย่างเพื่อตรวจวิเคราะห์ยังห้องปฏิบัติการ (ฉบับที่ 2) พ.ศ. 2564,https://ratchakitcha.soc.go.th/documents/17198814.pdf,บังคับใช้,,-,"ระเบียบกรมประมง ว่าด้วยการส่งตัวอย่างเพื่อตรวจวิเคราะห์ยังห้องปฏิบัติการ พ.ศ. 2561 (ข้อ 3, ข้อ 5, ข้อ 6, ข้อ 7)",18,กุมภาพันธ์,2565,20 มีนาคม 2565,-,ระเบียบ,พระราชบัญญัติระเบียบบริหารราชการแผ่นดิน พ.ศ. 2534 มาตรา 32,"ระเบียบกรมประมงว่าด้วยการส่งตัวอย่างเพื่อตรวจวิเคราะห์ยังห้องปฏิบัติการ พ.ศ. 2561, ระเบียบกรมประมงว่าด้วยการขึ้นทะเบียนห้องปฏิบัติการเพื่อตรวจรับรองคุณภาพผลิตภัณฑ์สัตว์น้ำ พ.ศ. 2561",กรมประมง (กระทรวงเกษตรและสหกรณ์),-,-,-,กำหนดให้ผู้ประสงค์จะขอรับบริการการสุ่มตัวอย่างแจ้งกำหนดวันนัดสุ่มตัวอย่างผ่านทางโทรศัพท์หรือช่องทางอื่นตามความเหมาะสมต่อเจ้าหน้าที่กรมประมงตามหน่วยงานที่รับผิดชอบในพื้นที่ที่โรงงานตั้งอยู่ และเมื่อกำหนดวันสุ่มตัวอย่างแล้ว ให้ยื่นคำขอรับบริการการสุ่มตัวอย่างพร้อมรายการสินค้าคงคลังต่อเจ้าหน้าที่อย่างน้อย 3 วันทำการแต่ไม่เกิน 5 วันทำการก่อนกำหนดวันสุ่มตัวอย่าง หากพ้นกำหนดให้ถือว่าไม่ประสงค์จะขอรับบริการสุ่มตัวอย่าง เมื่อได้รับคำขอแล้ว เจ้าหน้าที่ต้องแจ้งรายการผลิตภัณฑ์สัตว์น้ำที่ต้องการสุ่มตัวอย่างให้โรงงานทราบเป็นลายลักษณ์อักษรก่อนกำหนดวันสุ่มตัวอย่าง และโรงงานต้องเลือกห้องปฏิบัติการที่ได้รับการขึ้นทะเบียนจากกรมประมง ตรวจสอบรายการวิเคราะห์ตัวอย่างให้เป็นไปตามมาตรฐานผลิตภัณฑ์สัตว์น้ำทั้งทางเคมีและจุลินทรีย์ รวมทั้งตรวจสอบค่า LOQ และค่า LOD ของรายการทดสอบให้สอดคล้องตามมาตรฐานคุณภาพทางเคมี แล้วแจ้งรายการวิเคราะห์ตัวอย่างและห้องปฏิบัติการที่เลือกให้เจ้าหน้าที่ทราบเป็นลายลักษณ์อักษรก่อนกำหนดวันสุ่มตัวอย่าง,"ผู้ประกอบการโรงงานผลิตภัณฑ์สัตว์น้ำ ต้องดำเนินการดังนี้: 

การแจ้งนัดหมาย: ติดต่อเจ้าหน้าที่กรมประมงตามหน่วยงานที่รับผิดชอบในพื้นที่ที่โรงงานตั้งอยู่ทางโทรศัพท์หรือช่องทางที่เหมาะสม เพื่อกำหนดวันสุ่มตัวอย่าง (อ้างอิง ข้อ 4)

การยื่นคำขอ: ยื่นคำขอรับบริการสุ่มตัวอย่างตามแบบ กปม./กตส. 2 พร้อมรายการสินค้าคงคลัง ต่อเจ้าหน้าที่ในพื้นที่ อย่างน้อย 3 วันทำการ แต่ไม่เกิน 5 วันทำการ ก่อนถึงวันนัดหมาย (อ้างอิง ข้อ 5)

การแจ้งห้องปฏิบัติการ: เลือกห้องปฏิบัติการที่ได้รับการขึ้นทะเบียนจากกรมประมงทางเว็บไซต์กองตรวจสอบคุณภาพสินค้าประมง โดยต้องตรวจสอบค่า LOQ และ LOD ให้เป็นไปตามมาตรฐาน และแจ้งรายการวิเคราะห์ตัวอย่างพร้อมชื่อห้องปฏิบัติการที่เลือกให้เจ้าหน้าที่ทราบเป็นลายลักษณ์อักษรก่อนวันสุ่มตัวอย่าง (อ้างอิง ข้อ 7)

สิทธิที่ควรทราบ / การติดตามผล:

การแจ้งรายการสุ่ม: เมื่อยื่นคำขอแล้ว เจ้าหน้าที่จะแจ้งรายการผลิตภัณฑ์สัตว์น้ำที่ต้องการสุ่มตัวอย่างให้โรงงานทราบเป็นลายลักษณ์อักษรก่อนวันสุ่มตัวอย่าง (อ้างอิง ข้อ 6)",โทษเชื่อมโยงจากกฎหมายแม่,รอเชื่อมโยง: พระราชบัญญัติระเบียบบริหารราชการแผ่นดิน พ.ศ. 2534 ไม่ระบุมาตรา,การขึ้นทะเบียนห้องปฏิบัติการเพื่อตรวจรับรองคุณภาพผลิตภัณฑ์สัตว์น้ำ,ราชกิจจานุเบกษา เล่ม 139 ตอนพิเศษ 41 ง หน้า 8,"1) แบบ กปม./กตส. 2, 2) รายการสินค้าคงคลัง, 3) ระเบียบกรมประมง ว่าด้วยการขึ้นทะเบียนห้องปฏิบัติการเพื่อตรวจรับรองคุณภาพผลิตภัณฑ์สัตว์น้ำ พ.ศ. 2561",,"ผู้ประกอบการโรงงานผลิตภัณฑ์สัตว์น้ำ, ผู้ขอรับบริการการสุ่มตัวอย่าง","สุ่มตัวอย่าง, ยื่นคำขอ, เลือกห้องปฏิบัติการ, ตรวจวิเคราะห์ตัวอย่าง, แจ้งรายการวิเคราะห์",ผลิตภัณฑ์สัตว์น้ำ,"ห้องปฏิบัติการทดสอบ, การขึ้นทะเบียนห้องปฏิบัติการ, มาตรฐานผลิตภัณฑ์สัตว์น้ำ, ค่า LOQ, ค่า LOD","D4, B11, AA18, BL3, CC17[Exempted]",BL3,"STEP 1: พื้นที่ทดเลขในใจ (Context Analysis & Workflow Simulation)1) เขตอำนาจกฎหมาย (Jurisdiction Awareness): กรมประมง อาศัยอำนาจตาม พ.ร.บ.ระเบียบบริหารราชการแผ่นดิน พ.ศ. 2534 ออกระเบียบเกี่ยวกับการส่งตัวอย่างเพื่อตรวจวิเคราะห์ยังห้องปฏิบัติการ (ฉบับที่ 2) พ.ศ. 2564  1.1) Parent Law Anchoring: กฎหมายฉบับนี้เป็นการแก้ไขเพิ่มเติมขั้นตอนการยื่นคำขอรับบริการสุ่มตัวอย่าง จากระเบียบกรมประมง ว่าด้วยการส่งตัวอย่างเพื่อตรวจวิเคราะห์ยังห้องปฏิบัติการ พ.ศ. 2561  1.2) Umbrella Term Check: พบคำว่า 'โรงงาน', 'ผลิตภัณฑ์สัตว์น้ำ', 'ห้องปฏิบัติการ' -> แตกแขนงเป็น: โรงงานแปรรูปอาหารทะเล (D4), โรงคัดบรรจุ/ธุรกิจแพปลา (B11), ผู้ส่งออกสัตว์น้ำและผลิตภัณฑ์ประมง (AA18), ห้องปฏิบัติการทดสอบที่ขึ้นทะเบียน (BL3)  1.3) Jurisdictional Lock: มีผลบังคับใช้กับผู้ประกอบการโรงงานผลิตภัณฑ์สัตว์น้ำ และห้องปฏิบัติการที่ขึ้นทะเบียนกับกรมประมง  2) กลุ่มผู้ถูกบังคับใช้หลักทั้งหมด (All Primary Direct Targets & Must-Notify Entities):2.1) Must-Notify Test: โรงงานแปรรูปอาหารทะเล/ผู้ส่งออกผลิตภัณฑ์ประมง ที่ต้องการส่งตัวอย่างตรวจวิเคราะห์กับกรมประมง ต้องรู้ขั้นตอนใหม่ (ต้องยื่นคำขอล่วงหน้า 3-5 วันทำการ, ตรวจสอบค่า LOQ/LOD) หากไม่รู้จะไม่ได้รับการสุ่มตัวอย่าง  2.2) Comprehensive Coverage: ครอบคลุมผู้ผลิตผลิตภัณฑ์สัตว์น้ำ อาหารทะเลแปรรูป (D4), ผู้ประกอบการแพปลา/โรงคัดบรรจุเพื่อการส่งออก (B11), ผู้ส่งออกอาหารทะเล (AA18)2.3) สรุปเป้าหมายหลัก -> D4, B11, AA183) ผู้ให้บริการใน Ecosystem คือใคร:3.1 The Validator: ห้องปฏิบัติการทดสอบเอกชนที่ได้รับการขึ้นทะเบียนจากกรมประมง (เพื่อตรวจรับรองคุณภาพผลิตภัณฑ์สัตว์น้ำ) -> BL3  3.2 The Facilitator: ไม่มี3.3 The Guarantor: ไม่มี3.4 The Specialist: ไม่มี3.5 The Mandatory Facility: ไม่มี3.6 The Essential Ecosystem Partner: ไม่มี4) ผู้รับผลกระทบแฝง/สืบเนื่อง (Hidden Targets): ไม่มี5) สินค้า/บริการที่ถูกควบคุม: การขอรับบริการสุ่มตัวอย่างผลิตภัณฑ์สัตว์น้ำเพื่อตรวจวิเคราะห์คุณภาพผลิตภัณฑ์ทางเคมีและจุลินทรีย์  6) ข้อยกเว้น/การผ่อนผัน: ไม่มีSTEP 2: สรุปผลรหัสและ Impact Classification[D4] การผลิตเนื้อสัตว์แปรรูปและอาหารทะเล : [Direct Duty]1) เกี่ยวอย่างไร: เป็นโรงงานผลิตภัณฑ์สัตว์น้ำที่ต้องขอรับบริการสุ่มตัวอย่างจากเจ้าหน้าที่กรมประมง  2) ต้องทำอะไร: ต้องยื่นแบบ กปม./กตส. 2 ล่วงหน้า 3-5 วันทำการก่อนวันสุ่มตัวอย่าง และต้องตรวจสอบค่า LOQ และ LOD ของรายการทดสอบที่จะส่งตรวจกับห้องปฏิบัติการให้สอดคล้องตามมาตรฐาน  3) ความเสี่ยง: หากยื่นคำขอเกินเวลา จะถือว่าไม่ประสงค์ขอรับบริการสุ่มตัวอย่าง ทำให้สินค้าไม่ได้รับการตรวจรับรอง  [B11] ผู้ส่งออกและกองเรืออุตสาหกรรม (ธุรกิจแพปลา, โรงคัดบรรจุ) : [Direct Duty]1) เกี่ยวอย่างไร: ธุรกิจโรงคัดบรรจุสัตว์น้ำเพื่อการส่งออกที่มีสถานที่ตั้งตามภูมิภาคต่างๆ ต้องยื่นขอรับบริการสุ่มตัวอย่างผลิตภัณฑ์  2) ต้องทำอะไร: ต้องแจ้งวันนัดสุ่มและยื่นคำขอตามแบบฟอร์ม กปม./กตส. 2 พร้อมบัญชีสินค้าคงคลัง ล่วงหน้าอย่างน้อย 3 วันทำการ (แต่ไม่เกิน 5 วัน) ตามศูนย์วิจัยกรมประมงที่รับผิดชอบในพื้นที่ตั้งของโรงงาน  3) ความเสี่ยง: การขอตรวจวิเคราะห์ถูกยกเลิก ส่งผลให้ไม่สามารถออกใบรับรองสินค้าเพื่อส่งออกได้[AA18] สัตว์น้ำ ผลิตภัณฑ์ประมง และปลาสวยงาม : [Direct Duty]1) เกี่ยวอย่างไร: ผู้ส่งออกผลิตภัณฑ์ประมง (อาหารทะเล) ที่ต้องนำสินค้ามาสุ่มตัวอย่างส่งห้องปฏิบัติการ  2) ต้องทำอะไร: ปฏิบัติตามระเบียบขั้นตอนใหม่ในการยื่นคำขอสุ่มตัวอย่าง และต้องเป็นผู้เลือกห้องปฏิบัติการที่ได้รับการขึ้นทะเบียนจากกรมประมงด้วยตนเอง  3) ความเสี่ยง: สินค้าส่งออกล่าช้าเนื่องจากไม่สามารถดำเนินการสุ่มตัวอย่างได้ทันตามกำหนด[BL3] ห้องปฏิบัติการทดสอบและสอบเทียบ : [Service Opportunity]1) เกี่ยวอย่างไร: เป็น ""ห้องปฏิบัติการ"" ที่โรงงานเลือกเพื่อใช้สำหรับตรวจวิเคราะห์ผลิตภัณฑ์สัตว์น้ำทางเคมีและจุลินทรีย์  2) ต้องทำอะไร: รักษาสถานะการขึ้นทะเบียนตามระเบียบกรมประมงฯ และสามารถระบุค่า LOQ (Limit of Quantification) และค่า LOD (Limit of Detection) ให้ลูกค้าตรวจสอบได้  3) ความเสี่ยง: เสียโอกาสการรับงานทดสอบจากโรงงานหากไม่ได้รับการขึ้นทะเบียน[CC17] การบริหารราชการแผ่นดิน : [Exempted]1) เกี่ยวอย่างไร: กฎหมายนี้เป็นระเบียบภายในที่กำหนดขั้นตอนปฏิบัติงานของหน่วยงานกรมประมงเอง (ตาม พ.ร.บ. ระเบียบบริหารราชการแผ่นดิน)  2) ต้องทำอะไร: ข้าราชการกรมประมงต้องปฏิบัติตามขั้นตอนรับคำขอสุ่มตัวอย่างตามระเบียบนี้ (ส่วนของเอกชนให้ดูรหัสอื่น)  3) ความเสี่ยง: -STEP 3: รายงานผลด่านคัดกรอง (Self-Correction Gate)-",100%,"ยกเลิกและแก้ไขเพิ่มเติมข้อความในข้อ 3(1), 5, 6 และ 7 ของระเบียบกรมประมง ว่าด้วยการส่งตัวอย่างเพื่อตรวจวิเคราะห์ยังห้องปฏิบัติการ พ.ศ. 2561"
121,100121,กฎกระทรวง กำหนดค่าธรรมเนียมและยกเว้นค่าธรรมเนียมใบอนุญาตทางนิวเคลียร์และรังสี พ.ศ. 2564,https://ratchakitcha.soc.go.th/documents/17195732.pdf,บังคับใช้,,-,-,25,มกราคม,2565,25 มกราคม 2565,-,กฎกระทรวง,พระราชบัญญัติพลังงานนิวเคลียร์เพื่อสันติ พ.ศ. 2559 มาตรา 5 วรรคสอง,พระราชบัญญัติพลังงานนิวเคลียร์เพื่อสันติ (ฉบับที่ 2) พ.ศ. 2562,กระทรวงการอุดมศึกษา วิทยาศาสตร์ วิจัยและนวัตกรรม,-,-,-,"กำหนดค่าธรรมเนียมใบอนุญาตเกี่ยวกับวัสดุกัมมันตรังสี เครื่องกำเนิดรังสี วัสดุนิวเคลียร์ สถานประกอบการทางนิวเคลียร์ การจัดการกากกัมมันตรังสี และใบอนุญาตที่เกี่ยวข้อง พร้อมกำหนดอัตราใบแทนใบอนุญาต การต่ออายุใบอนุญาต การโอนใบอนุญาต และการแก้ไขเปลี่ยนแปลงรายการในใบอนุญาต โดยวัสดุกัมมันตรังสีคิดตามประเภทและช่วงค่ากัมมันตภาพตั้งแต่ 100 บาท ถึง 25,000 บาท ใบอนุญาตผลิตวัสดุกัมมันตรังสี 10,000 บาท ใบอนุญาตทำเครื่องกำเนิดรังสี 50,000 บาท ใบอนุญาตเกี่ยวกับวัสดุนิวเคลียร์และสถานประกอบการทางนิวเคลียร์กำหนดหลายอัตราตั้งแต่ 500 บาท ถึง 10,000,000 บาท และใบอนุญาตเกี่ยวกับการจัดการกากกัมมันตรังสีตั้งแต่ 100 บาท ถึง 1,000,000 บาท พร้อมยกเว้นค่าธรรมเนียมบางกรณีแก่ผู้รับใบอนุญาตสำหรับวัสดุหรือเครื่องกำเนิดรังสีที่ส่งออกไปนอกราชอาณาจักรเพื่อการสาธิต ใช้งานชั่วคราว ซ่อมแซม ปรับปรุง สอบเทียบ หรือปรับเทียบและนำกลับเข้ามาภายหลังตลอดอายุใบอนุญาต รวมทั้งยกเว้นค่าธรรมเนียมแก่สภากาชาดไทยและหน่วยงานของรัฐแต่ไม่รวมรัฐวิสาหกิจ","ผู้ประกอบการต้องดำเนินการดังนี้:

ชำระค่าธรรมเนียมใบอนุญาต: ชำระค่าธรรมเนียมตามประเภทและขนาดของกิจการ (เช่น วัสดุกัมมันตรังสี เครื่องกำเนิดรังสี วัสดุนิวเคลียร์ หรือสถานประกอบการทางนิวเคลียร์) ก่อนหรือในขั้นตอนการยื่นคำขอรับใบอนุญาต

การยื่นคำขอหลายประเภทพร้อมกัน: คำนวณค่าธรรมเนียมจากผลรวมของค่ากัมมันตภาพของวัสดุกัมมันตรังสีประเภทที่มีความเป็นอันตรายสูงที่สุด

การต่ออายุใบอนุญาต: ยื่นคำขอต่ออายุโดยชำระค่าธรรมเนียมเท่ากับค่าธรรมเนียมสำหรับใบอนุญาตแต่ละประเภทที่ถือครองอยู่

การขอใบแทนหรือแก้ไขใบอนุญาต: ยื่นคำขอพร้อมชำระค่าธรรมเนียมใบแทนฉบับละ 200 - 500 บาท หรือค่าแก้ไขรายการฉบับละ 100 บาท ตามแต่กรณี

สิทธิที่ควรทราบ / การติดตามผล:

สิทธิการยกเว้นค่าธรรมเนียม: สภากาชาดไทยและหน่วยงานของรัฐ (ไม่รวมรัฐวิสาหกิจ) ได้รับการยกเว้นค่าธรรมเนียมตามที่กฎหมายกำหนด

สิทธิยกเว้นค่าธรรมเนียมกรณีเฉพาะ: ผู้รับใบอนุญาตนำเข้า ครอบครอง หรือใช้งานวัสดุกัมมันตรังสีและเครื่องกำเนิดรังสี ได้รับการยกเว้นค่าธรรมเนียมการนำเข้าและส่งออก สำหรับกรณีส่งออกไปต่างประเทศเพื่อซ่อมแซม สอบเทียบ หรือใช้งานชั่วคราวแล้วนำกลับเข้ามา ตลอดอายุใบอนุญาตครอบครอง",โทษเชื่อมโยงจากกฎหมายแม่,รอเชื่อมโยง: พระราชบัญญัติพลังงานนิวเคลียร์เพื่อสันติ พ.ศ. 2559 มาตรา 5,"ใบอนุญาตผลิตวัสดุกัมมันตรังสี, ใบอนุญาตมีไว้ในครอบครองหรือใช้วัสดุกัมมันตรังสี, ใบอนุญาตนำเข้าวัสดุกัมมันตรังสี, ใบอนุญาตส่งออกวัสดุกัมมันตรังสี, ใบอนุญาตนำผ่านวัสดุกัมมันตรังสี, ใบอนุญาตทำเครื่องกำเนิดรังสี, ใบอนุญาตมีไว้ในครอบครองหรือใช้เครื่องกำเนิดรังสี, ใบอนุญาตนำเข้าเครื่องกำเนิดรังสี, ใบอนุญาตส่งออกเครื่องกำเนิดรังสี, ใบอนุญาตมีไว้ในครอบครองหรือใช้อุปกรณ์ที่ใช้ประกอบเป็นเครื่องกำเนิดรังสี, ใบอนุญาตนำเข้าอุปกรณ์ที่ใช้ประกอบเป็นเครื่องกำเนิดรังสี, ใบอนุญาตส่งออกอุปกรณ์ที่ใช้ประกอบเป็นเครื่องกำเนิดรังสี, ใบอนุญาตมีไว้ในครอบครองหรือใช้วัสดุนิวเคลียร์, ใบอนุญาตนำเข้าวัสดุนิวเคลียร์, ใบอนุญาตส่งออกวัสดุนิวเคลียร์, ใบอนุญาตนำผ่านวัสดุนิวเคลียร์, ใบอนุญาตให้ใช้พื้นที่เพื่อตั้งสถานประกอบการทางนิวเคลียร์, ใบอนุญาตก่อสร้างสถานประกอบการทางนิวเคลียร์, ใบอนุญาตดำเนินการสถานประกอบการทางนิวเคลียร์, ใบอนุญาตเลิกดำเนินการสถานประกอบการทางนิวเคลียร์, ใบอนุญาตเจ้าหน้าที่ความปลอดภัยทางรังสี, ใบอนุญาตเจ้าหน้าที่ดำเนินการทางเทคนิคเกี่ยวกับวัสดุนิวเคลียร์, ใบอนุญาตเจ้าหน้าที่ปฏิบัติงานเดินเครื่องปฏิกรณ์นิวเคลียร์, ใบอนุญาตให้ใช้พื้นที่เพื่อตั้งสถานที่ให้บริการจัดการกากกัมมันตรังสี, ใบอนุญาตก่อสร้างสถานที่ให้บริการจัดการกากกัมมันตรังสี, ใบอนุญาตดำเนินการให้บริการจัดการกากกัมมันตรังสี, ใบอนุญาตเลิกดำเนินการให้บริการจัดการกากกัมมันตรังสี, ใบแทนใบอนุญาต",ราชกิจจานุเบกษา เล่ม 139 ตอนที่ 7 ก หน้า 4,-,ศึกษาเพิ่มเติมจาก คู่มือประชาชน https://www.oap.go.th/2024/01/29/%E0%B8%84%E0%B8%B9%E0%B9%88%E0%B8%A1%E0%B8%B7%E0%B8%AD%E0%B8%9B%E0%B8%A3%E0%B8%B0%E0%B8%8A%E0%B8%B2%E0%B8%8A%E0%B8%99/,"ผู้ประกอบการที่เกี่ยวข้องกับวัสดุกัมมันตรังสี, ผู้ขอรับใบอนุญาตเกี่ยวกับวัสดุกัมมันตรังสี, ผู้ประกอบการที่เกี่ยวข้องกับเครื่องกำเนิดรังสี, ผู้ขอรับใบอนุญาตเกี่ยวกับเครื่องกำเนิดรังสี, ผู้ประกอบการที่เกี่ยวข้องกับวัสดุนิวเคลียร์, ผู้ขอรับใบอนุญาตเกี่ยวกับวัสดุนิวเคลียร์, ผู้ประกอบกิจการจัดการกากกัมมันตรังสี, ผู้ขอรับใบอนุญาตจัดการกากกัมมันตรังสี, สภากาชาดไทย, หน่วยงานของรัฐ","ผลิตวัสดุกัมมันตรังสี, นำเข้าวัสดุกัมมันตรังสี, ส่งออกวัสดุกัมมันตรังสี, นำผ่านวัสดุกัมมันตรังสี, ครอบครองรังสี, จัดการกากกัมมันตรังสี","วัสดุกัมมันตรังสี, เครื่องกำเนิดรังสี, วัสดุนิวเคลียร์, กากกัมมันตรังสี","ค่าธรรมเนียมใบอนุญาต, ยกเว้นค่าธรรมเนียม, พลังงานนิวเคลียร์เพื่อสันติ, วัสดุกัมมันตรังสี, เครื่องกำเนิดรังสี, วัสดุนิวเคลียร์, กากกัมมันตรังสี","K4, AA24, AN1, AN4, AN5, AN10, AQ1, AQ3, AZ3, K1, AA2, Q5, AN13, CB4",-,"ส่วนที่ 1: พื้นที่ทดเลขในใจ (Context Analysis & Workflow Simulation)
0) เขตอำนาจกฎหมาย (Jurisdiction Awareness): กฎกระทรวงออกโดยกระทรวงการอุดมศึกษา วิทยาศาสตร์ วิจัยและนวัตกรรม ตาม พ.ร.บ. พลังงานนิวเคลียร์เพื่อสันติ พ.ศ. 2559 เจตนารมณ์หลักคือเพื่อกำหนดอัตราค่าธรรมเนียมใบอนุญาตต่างๆ ที่เกี่ยวข้องกับพลังงานนิวเคลียร์ รังสี กากกัมมันตรังสี เจ้าหน้าที่ประจำสถานประกอบการ รวมถึงกำหนดเงื่อนไขและกลุ่มที่ได้รับการยกเว้นค่าธรรมเนียม



0.5) Umbrella Term Check (ด่านบังคับสแกนคำร่มใหญ่):


- พบคำว่า 'วัสดุกัมมันตรังสี' -> แตกแขนงเป็น: สารรังสีทางการแพทย์ (Isotopes), วัสดุรังสีเพื่ออุตสาหกรรม, วัสดุรังสีเพื่อการทดสอบวิจัย


- พบคำว่า 'เครื่องกำเนิดรังสี' -> แตกแขนงเป็น: เครื่องเอกซเรย์ในโรงพยาบาล/คลินิก, เครื่องเอกซเรย์ทันตกรรม, เครื่องเอกซเรย์รักษาสัตว์, เครื่องสแกนอุตสาหกรรม, เครื่องมือแพทย์ที่ผลิตรังสี


- พบคำว่า 'สถานประกอบการทางนิวเคลียร์' -> แตกแขนงเป็น: โรงไฟฟ้านิวเคลียร์, ศูนย์วิจัยนิวเคลียร์, สถานจัดการกากกัมมันตรังสี



1) กลุ่มผู้ถูกบังคับใช้หลักทั้งหมด (All Primary Direct Targets & Must-Notify Entities):


- ผู้ผลิต นำเข้า ส่งออก ครอบครอง หรือใช้วัสดุกัมมันตรังสีและเครื่องกำเนิดรังสี -> K4, AA24


- สถานพยาบาล คลินิก และสัตวแพทย์ที่มีเครื่องเอกซเรย์หรือสารรังสีวินิจฉัย -> AN1, AN4, AN5, AN10, AQ1, AQ3


- สถานที่ให้บริการจัดการกากกัมมันตรังสี -> AZ3, K4


- ผู้ประกอบการผลิตไฟฟ้าและสถานประกอบการทางนิวเคลียร์ -> K1


- ผู้ทำเครื่องกำเนิดรังสีทางการแพทย์/อุตสาหกรรม (ได้สิทธิยกเว้น) -> Q5



2) ผู้ให้บริการใน Ecosystem คือใคร:


2.1 The Validator: -


2.2 The Facilitator: ตัวแทนออกของ/ชิปปิ้ง ที่รับจัดการพิธีการศุลกากรเกี่ยวกับการนำผ่าน (Transit) วัสดุกัมมันตรังสีและนิวเคลียร์ -> AA2


2.3 The Guarantor: -


2.4 The Specialist: เจ้าหน้าที่ความปลอดภัยทางรังสี (RSO) และเจ้าหน้าที่เทคนิคนิวเคลียร์ -> K4


2.5 The Mandatory Facility: -


2.6 The Essential Ecosystem Partner: -



3) ผู้รับผลกระทบแฝง/สืบเนื่อง (Hidden Targets):


- สภากาชาดไทยและหน่วยงานสาธารณสุขของรัฐ (ได้รับสิทธิยกเว้นค่าธรรมเนียม) -> AN13, CB4



4) สินค้า/บริการที่ถูกควบคุม:


วัสดุกัมมันตรังสี, เครื่องกำเนิดรังสี, วัสดุนิวเคลียร์, สถานประกอบการนิวเคลียร์, กากกัมมันตรังสี



5) ข้อยกเว้น/การผ่อนผัน:


- ยกเว้นค่าธรรมเนียมครอบครอง/ใช้ สำหรับการนำเข้าส่งออกชั่วคราวเพื่อสาธิต ซ่อมแซม สอบเทียบ


- ยกเว้นค่าธรรมเนียมครอบครองให้แก่ผู้ผลิตที่ทำเครื่องกำเนิดรังสีเอง


- ยกเว้นค่าธรรมเนียมทั้งหมดให้หน่วยงานของรัฐและสภากาชาดไทย (ไม่รวมรัฐวิสาหกิจ)



---



ส่วนที่ 2: สรุปผลรหัสและ Impact Classification



[K4] เทคโนโลยีนิวเคลียร์และรังสี : [Direct Duty]


1) ทำไม: กฎหมายระบุให้ผู้ครอบครอง ใช้งาน หรือเจ้าหน้าที่เทคนิคเฉพาะทางรังสี (RSO) ต้องมีใบอนุญาต (ข้อ 1-5)


2) ต้องทำอะไร: ชำระค่าธรรมเนียมการขอใบอนุญาต ต่ออายุ หรือโอนใบอนุญาตตามระดับกัมมันตภาพหรือประเภทที่กำหนด


3) ความเสี่ยง: ไม่สามารถดำเนินกิจการหรือปฏิบัติงานด้านรังสีได้หากไม่ชำระค่าธรรมเนียม



[AA24] เครื่องกำเนิดรังสีและวัสดุนิวเคลียร์ : [Direct Duty]


1) ทำไม: เป็นผู้นำเข้าหรือส่งออกสินค้าวัสดุกัมมันตรังสี เครื่องกำเนิดรังสี และวัสดุนิวเคลียร์


2) ต้องทำอะไร: ชำระค่าธรรมเนียมใบอนุญาตนำเข้า/ส่งออก หรือใช้สิทธิยกเว้นหากนำเข้าชั่วคราวเพื่อซ่อมแซม/สอบเทียบ (ข้อ 1, 2)


3) ความเสี่ยง: ดำเนินการค้าระหว่างประเทศไม่ได้หากหลีกเลี่ยงการขออนุญาตและเสียค่าธรรมเนียม



[AN1] โรงพยาบาลและคลินิกเวชกรรม : [Direct Duty]


1) ทำไม: สถานพยาบาลมีการใช้งานเครื่องเอกซเรย์หรือสารกัมมันตรังสีทางการแพทย์


2) ต้องทำอะไร: ชำระค่าธรรมเนียมใบอนุญาตมีไว้ในครอบครองหรือใช้เครื่องกำเนิดรังสี/วัสดุกัมมันตรังสี


3) ความเสี่ยง: ละเมิดกฎหมายควบคุมการใช้รังสีหากไม่ได้รับใบอนุญาต



[AN4] เทคนิคการแพทย์และแล็บ : [Direct Duty]


1) ทำไม: ห้องปฏิบัติการทางการแพทย์บางแห่งใช้งานสารรังสีในการตรวจวิเคราะห์


2) ต้องทำอะไร: ชำระค่าธรรมเนียมครอบครองและใช้วัสดุกัมมันตรังสีตามอัตราที่กำหนด


3) ความเสี่ยง: ไม่สามารถดำเนินงานวิเคราะห์ทางห้องปฏิบัติการด้วยสารรังสีได้



[AN5] ทันตกรรม : [Direct Duty]


1) ทำไม: คลินิกทันตกรรมมีการใช้งานเครื่องเอกซเรย์ช่องปากอย่างแพร่หลาย


2) ต้องทำอะไร: ชำระค่าธรรมเนียมสำหรับการครอบครองและใช้งานเครื่องกำเนิดรังสี


3) ความเสี่ยง: ดำเนินงานคลินิกไม่ได้ตามมาตรฐานรังสี



[AN10] รังสีเทคนิคและศูนย์ภาพวินิจฉัย : [Direct Duty]


1) ทำไม: ธุรกิจหลักต้องพึ่งพาเครื่องมือภาพวินิจฉัยรังสี (CT Scan, X-Ray)


2) ต้องทำอะไร: เตรียมงบประมาณและชำระค่าธรรมเนียมใบอนุญาตมีไว้ในครอบครองและใช้เครื่องกำเนิดรังสี


3) ความเสี่ยง: ถูกสั่งระงับการให้บริการภาพถ่ายรังสีหากใบอนุญาตไม่ถูกต้อง



[AQ1] โรงพยาบาลและคลินิกสัตว์เล็ก : [Direct Duty]


1) ทำไม: ใช้งานเครื่องเอกซเรย์สำหรับการวินิจฉัยและรักษาสัตว์


2) ต้องทำอะไร: ชำระค่าธรรมเนียมใบอนุญาตมีไว้ในครอบครองหรือใช้เครื่องกำเนิดรังสี


3) ความเสี่ยง: ละเมิดกฎหมายควบคุมเครื่องกำเนิดรังสีของสถานพยาบาลสัตว์



[AQ3] สัตวแพทย์สัตว์ใหญ่และปศุสัตว์ : [Direct Duty]


1) ทำไม: ใช้งานเครื่องเอกซเรย์แบบพกพาหรือประจำที่ในการรักษาสัตว์ใหญ่


2) ต้องทำอะไร: ชำระค่าธรรมเนียมใบอนุญาตครอบครองหรือใช้งานเครื่องกำเนิดรังสี


3) ความเสี่ยง: ละเมิดกฎหมายการครอบครองรังสี



[AZ3] กิจกรรมบำบัดและฟื้นฟูสภาพแวดล้อม : [Direct Duty]


1) ทำไม: ประกอบกิจการที่เป็นสถานที่ให้บริการจัดการกากกัมมันตรังสี (ข้อ 6)


2) ต้องทำอะไร: ชำระค่าธรรมเนียมใบอนุญาตให้ใช้พื้นที่ ก่อสร้าง ดำเนินการ หรือเลิกดำเนินการ หลักล้านบาทตามประเภท


3) ความเสี่ยง: ไม่สามารถประกอบกิจการกำจัดกากกัมมันตรังสีได้ตามกฎหมาย



[K1] การผลิตและส่งจ่ายไฟฟ้า : [Direct Duty]


1) ทำไม: หากมีการลงทุนก่อสร้างสถานประกอบการทางนิวเคลียร์และเครื่องปฏิกรณ์เพื่อผลิตไฟฟ้า


2) ต้องทำอะไร: ต้องเตรียมงบประมาณสำหรับชำระค่าธรรมเนียมใบอนุญาตก่อสร้างและดำเนินการตามอัตราเมกะวัตต์ (ข้อ 4)


3) ความเสี่ยง: เป็นต้นทุนภาคบังคับที่ต้องชำระในการตั้งโรงไฟฟ้า



[AA2] ตัวแทนออกของและรับจัดการขนส่ง (รวมผ่านแดน/ถ่ายลำ) : [Direct Duty]


1) ทำไม: ให้บริการดำเนินการพิธีการทางศุลกากรสำหรับสินค้านิวเคลียร์และรังสี รวมถึงการ ""นำผ่าน"" (Transit) (ข้อ 1)


2) ต้องทำอะไร: ยื่นขอใบอนุญาตนำผ่านและชำระค่าธรรมเนียมนำผ่านวัสดุกัมมันตรังสี/นิวเคลียร์ข้ามแดน


3) ความเสี่ยง: สินค้าถูกระงับการนำผ่านแดนหากไม่มีการดำเนินการขอใบอนุญาต



[Q5] ครุภัณฑ์และเครื่องจักรทางการแพทย์ : [Exempted]


1) ทำไม: กฎหมายให้สิทธิยกเว้นแก่ผู้รับใบอนุญาตทำเครื่องกำเนิดรังสีสำหรับการครอบครองเครื่องที่ตนผลิต (ข้อ 2)


2) ต้องทำอะไร: ดำเนินการใช้สิทธิยกเว้นค่าธรรมเนียมใบอนุญาตครอบครองสำหรับเครื่องมือแพทย์/เอกซเรย์ที่เพิ่งผลิตเสร็จ


3) ความเสี่ยง: เสียต้นทุนค่าธรรมเนียมโดยไม่จำเป็นหากไม่ใช้สิทธิ



[AN13] โรงพยาบาลของรัฐและหน่วยบริการสาธารณสุขภาครัฐ : [Exempted]


1) ทำไม: กฎหมายระบุชัดเจนให้หน่วยงานของรัฐได้รับการยกเว้นค่าธรรมเนียม (ข้อ 7)


2) ต้องทำอะไร: รับทราบและแจ้งใช้สิทธิยกเว้นค่าธรรมเนียมใบอนุญาตรังสีทั้งหมดในหน่วยงาน


3) ความเสี่ยง: ตัดงบประมาณแผ่นดินซ้ำซ้อนโดยไม่จำเป็น



[CB4] มูลนิธิ : [Exempted]


1) ทำไม: กฎหมายยกเว้นค่าธรรมเนียมโดยตรงให้แก่สภากาชาดไทย (มูลนิธิสาธารณกุศล) (ข้อ 7)


2) ต้องทำอะไร: ใช้สิทธิรับการยกเว้นค่าธรรมเนียมใบอนุญาตต่างๆ ในสถานพยาบาลหรือหน่วยงานที่เกี่ยวข้อง


3) ความเสี่ยง: ไม่ได้รับสิทธิประโยชน์ทางกฎหมายตามที่กำหนดไว้



---



ส่วนที่ 3: ด่านคัดกรอง (Self-Correction Gate)


-",100%,[ข้อยกเว้น] ยกเว้นค่าธรรมเนียมแก่ผู้รับใบอนุญาตสำหรับวัสดุกัมมันตรังสีและเครื่องกำเนิดรังสีที่ส่งออกไปนอกราชอาณาจักรเพื่อการสาธิต ใช้งานชั่วคราว ซ่อมแซม ปรับปรุง สอบเทียบ หรือปรับเทียบ และนำเข้าภายหลัง ตลอดอายุใบอนุญาตที่เกี่ยวข้อง<br>[ข้อยกเว้น] ยกเว้นค่าธรรมเนียมแก่สภากาชาดไทยและหน่วยงานของรัฐแต่ไม่รวมถึงรัฐวิสาหกิจ
134,100134,ระเบียบคณะกรรมการกำกับกิจการพลังงาน ว่าด้วยการกำหนดมาตรฐานความปลอดภัย สิ่งแวดล้อม และการจัดการสิ่งปฏิกูลของโรงไฟฟ้า พ.ศ. 2564,https://ratchakitcha.soc.go.th/documents/17193908.pdf,บังคับใช้,,-,-,13,มกราคม,2565,14 มกราคม 2565,-,ระเบียบ,"พระราชบัญญัติการประกอบกิจการพลังงาน พ.ศ. 2550 มาตรา 50, พระราชบัญญัติการประกอบกิจการพลังงาน พ.ศ. 2550 มาตรา 51 วรรคสอง (2), พระราชบัญญัติการประกอบกิจการพลังงาน พ.ศ. 2550 มาตรา 53, พระราชบัญญัติการประกอบกิจการพลังงาน พ.ศ. 2550 มาตรา 72, พระราชบัญญัติการประกอบกิจการพลังงาน พ.ศ. 2550 มาตรา 73, พระราชบัญญัติการประกอบกิจการพลังงาน พ.ศ. 2550 มาตรา 75","กฎหมายว่าด้วยความปลอดภัย อาชีวอนามัย และสภาพแวดล้อมในการทำงาน, กฎหมายว่าด้วยโรงงาน, กฎหมายว่าด้วยเขตพัฒนาพิเศษภาคตะวันออก, กฎหมายว่าด้วยการนิคมอุตสาหกรรมแห่งประเทศไทย, กฎหมายว่าด้วยส่งเสริมและรักษาคุณภาพสิ่งแวดล้อมแห่งชาติ","สำนักงานคณะกรรมการกำกับกิจการพลังงาน (กกพ.), กระทรวงพลังงาน",-,-,-,กำหนดมาตรฐานความปลอดภัย สิ่งแวดล้อม และการจัดการสิ่งปฏิกูลของโรงไฟฟ้าให้ผู้รับใบอนุญาตต้องบริหาร จัดการ และดำเนินการด้านความปลอดภัย อาชีวอนามัย และสภาพแวดล้อมในการทำงานตามมาตรฐานที่เกี่ยวข้อง ต้องตรวจทดสอบหม้อน้ำและรับรองความปลอดภัยหลังติดตั้งและอย่างน้อยปีละ 1 ครั้ง พร้อมจัดทำรายงานส่งภายใน 30 วันนับแต่เสร็จสิ้นการตรวจสอบ ต้องจัดทำรายงานแผนป้องกันอุบัติภัยและแผนฉุกเฉิน รายงานอาชีวอนามัยและความปลอดภัยส่งภายในเดือนธันวาคมของทุกปี และต้องควบคุมการปล่อยทิ้งอากาศเสีย น้ำทิ้ง เสียงรบกวน และการจัดการสิ่งปฏิกูลให้เป็นไปตามมาตรฐานที่กำหนด โดยกรณีที่มีกฎหมายหรือมาตรฐานอื่นที่เข้มงวดกว่าให้ใช้มาตรฐานที่เข้มงวดกว่าเป็นสำคัญ,"ผู้รับใบอนุญาตผลิตไฟฟ้า ต้องดำเนินการดังนี้:

การจัดการด้านความปลอดภัย: จัดการด้านความปลอดภัย อาชีวอนามัย และสภาพแวดล้อมในการทำงานตามกฎหมายที่เกี่ยวข้อง (อ้างอิง ข้อ 7)
การตรวจทดสอบหม้อน้ำ: ตรวจทดสอบและรับรองความปลอดภัยหม้อน้ำโดยวิศวกรอย่างน้อยปีละ 1 ครั้ง และส่งรายงานให้สำนักงาน กกพ. ภายใน 30 วันนับแต่วันที่เสร็จสิ้นการตรวจสอบ (อ้างอิง ข้อ 8)
การป้องกันอัคคีภัย: ติดตั้งระบบดับเพลิงอัตโนมัติหากมีพื้นที่จัดเก็บวัตถุติดไฟต่อเนื่องตั้งแต่ 1,000 ตร.ม. หรือวัตถุไวไฟตั้งแต่ 14 ตร.ม. พร้อมปิดกั้นช่องเปิดด้วยวัสดุทนไฟอย่างน้อย 2 ชั่วโมง และกั้นแยกพื้นที่จัดเก็บวัตถุไวไฟด้วยวัสดุที่มีอัตราการทนไฟไม่น้อยกว่า 1 ชั่วโมง รวมถึงปิดหุ้มโครงเหล็กของอาคารด้วยวัสดุทนไฟ (อ้างอิง ข้อ 9)
การจัดทำรายงานความปลอดภัย: จัดทำรายงานแผนป้องกันอุบัติภัยและแผนฉุกเฉิน รายงานอาชีวอนามัยและความปลอดภัย โดยรายงานอาชีวอนามัยต้องส่งภายในเดือนธันวาคมของทุกปี (อ้างอิง ข้อ 10, 11)
การจัดการสิ่งแวดล้อม: บำบัดอากาศเสียให้เป็นไปตามมาตรฐานควบคุมการปล่อยทิ้งตามกฎหมายสิ่งแวดล้อม และติดตั้งเครื่องมือตรวจวัดคุณภาพอากาศจากปล่องแบบอัตโนมัติสำหรับโรงไฟฟ้าตามที่กำหนด (อ้างอิง ข้อ 14, 20)

สิทธิที่ควรทราบ / การติดตามผล:

การอุทธรณ์และวินิจฉัย: หากมีปัญหาการปฏิบัติตามระเบียบ กกพ. เป็นผู้มีอำนาจวินิจฉัยชี้ขาด ซึ่งคำวินิจฉัยให้ถือเป็นที่สุด (อ้างอิง ข้อ 5)
วิธีการส่งรายงาน: สามารถส่งผ่านระบบสารสนเทศของสำนักงาน กกพ. หรือส่งโดยตรง/ไปรษณีย์ตอบรับ หรือวิธีการอื่นตามที่สำนักงาน กกพ. กำหนด (อ้างอิง ข้อ 44)",🟠 ส้ม,โทษทางปกครอง / โทษทางแพ่ง,ใบอนุญาตผลิตไฟฟ้า,ราชกิจจานุเบกษา เล่ม 139 ตอนพิเศษ 9 ง หน้า 1,"1) รายงานรับรองความปลอดภัยในการใช้งานหม้อน้ำ, 2) รายงานแผนป้องกันอุบัติภัยและแผนฉุกเฉิน, 3) รายงานอาชีวอนามัยและความปลอดภัย, 4) รายงานการตรวจวัดค่ามาตรฐานสิ่งแวดล้อม, 5) รายงานการจัดการสิ่งปฏิกูลหรือวัสดุที่ไม่ใช้แล้ว",,"ผู้รับใบอนุญาตผลิตไฟฟ้า, ผู้ประกอบกิจการโรงไฟฟ้า","ผลิตไฟฟ้า, ตรวจหม้อน้ำ, ป้องกันอัคคีภัย, จัดการอุบัติภัย, จัดการสิ่งปฏิกูล, ควบคุมมลพิษ, รายงานต่อ กกพ.","ไฟฟ้า, พลังงาน","มาตรฐานความปลอดภัยโรงไฟฟ้า, มาตรฐานสิ่งแวดล้อมโรงไฟฟ้า, การจัดการสิ่งปฏิกูล, ใบอนุญาตผลิตไฟฟ้า, อาชีวอนามัยและความปลอดภัย, การปล่อยอากาศเสีย, ก๊าซเรือนกระจก","K1, AC5, AY3, AZ6, BA1, BA4","BA4, BA1, BL3, AZ2","STEP 1: พื้นที่ทดเลขในใจ (Context Analysis & Workflow Simulation)1) เขตอำนาจกฎหมาย (Jurisdiction Awareness): ระเบียบคณะกรรมการกำกับกิจการพลังงาน ว่าด้วยการกำหนดมาตรฐานความปลอดภัย สิ่งแวดล้อม และการจัดการสิ่งปฏิกูลของโรงไฟฟ้า พ.ศ. 2564  1.1) [Parent Law Anchoring]: อาศัยอำนาจตาม พ.ร.บ.การประกอบกิจการพลังงาน พ.ศ. 2550 โดยเชื่อมโยงมาตรฐานกับกฎหมายโรงงานและกฎหมายสิ่งแวดล้อมแห่งชาติ  1.2) Umbrella Term Check: พบคำว่า ""สิ่งปฏิกูลหรือวัสดุที่ไม่ใช้แล้ว"" -> แตกแขนงเป็น: ของเสียอันตราย (กากอุตสาหกรรม), ของเสียไม่อันตราย / ""พลังงานความร้อน"" -> แตกเป็น: โรงไฟฟ้าถ่านหิน, ก๊าซธรรมชาติ, ขยะมูลฝอย1.3) Jurisdictional Lock: บังคับใช้เฉพาะผู้ประกอบการที่ได้รับใบอนุญาตผลิตไฟฟ้าจาก กกพ. รวมถึงกลไกการรับรองและจัดการมลพิษที่เชื่อมโยงกับโรงไฟฟ้าเหล่านี้  2) กลุ่มผู้ถูกบังคับใช้หลักทั้งหมด (Primary Direct Targets & Must-Notify Entities):2.1) Must-Notify Test: ธุรกิจโรงไฟฟ้าทุกประเภท ทั้งพลังงานหลักและพลังงานทดแทน ต้องดำเนินการควบคุมความปลอดภัย (เช่น หม้อน้ำ) ดูแลสิ่งแวดล้อม และกำจัดของเสีย หากไม่ทำตามอาจถูกเพิกถอนใบอนุญาต  2.2) Comprehensive Coverage: ครอบคลุมผู้ผลิตไฟฟ้า  2.3) เป้าหมายหลัก -> [K1]3) ผู้ให้บริการใน Ecosystem คือใคร:3.1 The Validator: วิศวกรตรวจทดสอบหม้อน้ำ, ผู้ให้บริการทดสอบคุณภาพอากาศ/น้ำทิ้ง -> [AC5, BA1]3.2 The Facilitator: ผู้ให้บริการรวบรวมและขนส่งของเสียอันตรายตามระบบใบกำกับ -> [AY3]3.3 The Guarantor: -3.4 The Specialist: บริษัทที่ปรึกษาด้านสิ่งแวดล้อม, วิศวกรควบคุมและอำนวยการใช้หม้อน้ำ -> [BA4, AC5]3.5 The Mandatory Facility: -3.6 The Essential Ecosystem Partner: ผู้บำบัดและกำจัดสิ่งปฏิกูลหรือวัสดุที่ไม่ใช้แล้ว (หลุมฝังกลบ/รีไซเคิล) -> [AZ6]4) ผู้รับผลกระทบแฝง/สืบเนื่อง (Hidden Targets): -5) สินค้า/บริการที่ถูกควบคุม: กิจการผลิตไฟฟ้า, บริการที่ปรึกษาด้านสิ่งแวดล้อม -> [K1, BA4]6) ข้อยกเว้น/การผ่อนผัน: สิ่งปฏิกูลที่ไม่ใช่ของเสียอันตรายจากสำนักงาน, กากกัมมันตรังสี, ขยะมูลฝอยตามกฎหมายสาธารณสุข ได้รับยกเว้นไม่ต้องใช้เกณฑ์ตามหมวด 3 นี้  STEP 2: สรุปผลรหัสและ Impact Classification[K1] การผลิตและส่งจ่ายไฟฟ้า : [Direct Duty]1) เกี่ยวอย่างไร: ผู้รับใบอนุญาตต้องปฏิบัติตามมาตรฐานความปลอดภัย สิ่งแวดล้อม และจัดการของเสีย (ข้อ 7-30)  2) ต้องทำอะไร: ติดตั้งระบบระงับอัคคีภัย ทดสอบหม้อน้ำ ตรวจวัดมลพิษ และจ้างผู้จัดการสิ่งปฏิกูลตามกฎหมาย  3) ความเสี่ยง: ถูกพักใช้หรือเพิกถอนใบอนุญาตประกอบกิจการ (ข้อ 30)  [AC5] วิศวกรและสถาปนิก : [Service Opportunity]1) เกี่ยวอย่างไร: โรงไฟฟ้าต้องจัดให้มีวิศวกรตรวจทดสอบ/ควบคุมหม้อน้ำ และวิศวกรรับรองแบบฝังกลบขยะ (ข้อ 8, 34, 42)  2) ต้องทำอะไร: ให้บริการตรวจสอบ จัดทำรายงานความปลอดภัย และเซ็นรับรองแบบแปลน  3) ความเสี่ยง: เสียโอกาสการรับงานจากกลุ่มอุตสาหกรรมโรงไฟฟ้า[AZ6] การกำจัดขยะและหลุมฝังกลบ : [Service Opportunity]1) เกี่ยวอย่างไร: โรงไฟฟ้าต้องส่งของเสียให้ผู้บำบัดและกำจัดสิ่งปฏิกูลตามกฎหมายโรงงาน (ข้อ 33)  2) ต้องทำอะไร: จัดทำข้อตกลงหรือสัญญาการรับกำจัดของเสียอันตรายและไม่อันตรายจากโรงไฟฟ้า  3) ความเสี่ยง: เสียโอกาสรับงานบำบัดมลพิษจากโรงไฟฟ้า[AY3] บริการรวบรวมและขนส่งขยะอันตราย : [Service Opportunity]1) เกี่ยวอย่างไร: การนำของเสียอันตรายออกนอกโรงไฟฟ้าต้องจัดทำและส่งสำเนาใบกำกับการขนส่ง (ข้อ 33)  2) ต้องทำอะไร: ให้บริการขนส่งของเสียอันตรายตามระบบใบกำกับการขนส่งของกรมโรงงานอุตสาหกรรม  3) ความเสี่ยง: เสียโอกาสรับงานขนส่งกากอุตสาหกรรม[BA1] ตรวจวัดคุณภาพสิ่งแวดล้อม : [Service Opportunity]1) เกี่ยวอย่างไร: บังคับให้โรงไฟฟ้าต้องตรวจวัดอากาศเสีย น้ำทิ้ง และระดับเสียงรบกวน (ข้อ 16, 25, 28)  2) ต้องทำอะไร: ให้บริการรับจ้างตรวจวัดค่ามาตรฐานสิ่งแวดล้อมและจัดทำรายงานตามรอบที่ กกพ. กำหนด  3) ความเสี่ยง: เสียโอกาสทางธุรกิจในตลาดตรวจวัดสิ่งแวดล้อม[BA4] การจัดการสิ่งแวดล้อมและความปลอดภัยในโรงงาน : [Service Opportunity]1) เกี่ยวอย่างไร: โรงไฟฟ้าบางขนาดต้องมีบุคลากรด้านสิ่งแวดล้อม ผู้จัดการ หรือบริษัทที่ปรึกษาดูแลระบบมลพิษ (ข้อ 38-39)  2) ต้องทำอะไร: รับจ้างขึ้นทะเบียนเป็นผู้ควบคุมระบบบำบัดมลพิษอากาศหรือกากอุตสาหกรรมให้แก่โรงไฟฟ้า  3) ความเสี่ยง: เสียโอกาสในการขายบริการที่ปรึกษาเฉพาะทางSTEP 3: รายงานผลด่านคัดกรอง (Self-Correction Gate)-",100%,[บทเฉพาะกาล] ผู้รับใบอนุญาตที่ได้รับใบอนุญาตก่อนวันที่ระเบียบนี้มีผลใช้บังคับต้องนำส่งรายงานผลการตรวจทดสอบหม้อน้ำประจำปีล่าสุดภายใน 15 วัน และต้องแจ้งข้อมูลรายชื่อบุคลากรประจำโรงไฟฟ้าภายใน 15 วัน (หมดระยะเวลาผ่อนผันแล้ว)
135,100135,ระเบียบกรมเจ้าท่า ว่าด้วยหลักเกณฑ์และวิธีการในการอนุญาตให้บุคคลซึ่งสั่ง หรือนำของเข้ามาจากต่างประเทศบรรทุกของนั้นโดยเรืออื่นที่มิใช่เรือไทย พ.ศ. 2564,https://ratchakitcha.soc.go.th/documents/17194046.pdf,บังคับใช้,,ระเบียบสำนักงานคณะกรรมการส่งเสริมการพาณิชยนาวี เรื่อง หลักเกณฑ์และวิธีการในการอนุญาตให้บุคคลซึ่งสั่งหรือนำของเข้ามาจากต่างประเทศบรรทุกของนั้นโดยเรืออื่นที่มิใช่เรือไทย ลงวันที่ 16 พฤษภาคม 2529,-,12,มกราคม,2565,12 มกราคม 2565,-,ระเบียบ,พระราชบัญญัติส่งเสริมการพาณิชยนาวี พ.ศ. 2521 มาตรา 19,พระราชบัญญัติวิธีปฏิบัติราชการทางปกครอง พ.ศ. 2539,"กรมเจ้าท่า (จท.), กระทรวงคมนาคม",-,-,-,กำหนดหลักเกณฑ์และวิธีการขอหนังสืออนุญาตบรรทุกของที่สั่งหรือนำเข้ามาจากต่างประเทศโดยเรืออื่นที่มิใช่เรือไทย ให้ยื่นคำขอไม่น้อยกว่าสิบวันก่อนวันที่ของนั้นจะบรรทุกลงเรือ ตามแบบฟอร์ม กกพ.01 พร้อมสำเนาใบสั่งซื้อ สำเนาเลตเตอร์ออฟเครดิต สำเนาสัญญาซื้อขายหรือหลักฐานการได้มาซึ่งของนั้น กำหนดวันที่ของนั้นมาถึงท่าและพร้อมที่จะบรรทุกลงเรือได้ และหลักฐานแสดงเหตุผลความจำเป็นที่ไม่อาจจัดให้บรรทุกโดยเรือไทยได้ หากยื่นไม่ทันต้องยื่นเอกสารแสดงเหตุผลความจำเป็นประกอบและยื่นที่กรมเจ้าท่าไม่น้อยกว่าสามวันทำการ กรมเจ้าท่าจะแจ้งผลทางจดหมายอิเล็กทรอนิกส์หรือโทรศัพท์ภายในห้าวันนับแต่ได้รับคำขอ และหากอนุญาตจะออกหนังสืออนุญาตตามแบบฟอร์ม กกพ.02 โดยหนังสืออนุญาตใช้ได้ตามระยะเวลา เมืองท่า และรายการสินค้าที่กำหนด และใช้ได้เฉพาะรายที่ได้รับอนุญาต หากไม่บรรทุกภายในเวลาที่ได้รับอนุญาตต้องยื่นคำขอใหม่ เมื่อของที่ได้รับอนุญาตมาถึงประเทศไทยแล้วให้แจ้งกรมเจ้าท่าทันทีที่ได้รับใบขนขาเข้าพร้อมแบบแสดงรายการภาษีสรรพสามิตและภาษีมูลค่าเพิ่มตามแบบฟอร์ม กกพ.04,"ผู้สั่งหรือนำเข้าสินค้าหรือผู้รับจัดการขนส่ง ต้องดำเนินการดังนี้:

ยื่นคำขออนุญาต: ยื่นคำขอตามแบบฟอร์มที่กำหนดต่อกรมเจ้าท่าล่วงหน้าไม่น้อยกว่า 10 วันก่อนวันที่สินค้าพร้อมบรรทุกลงเรือ (อ้างอิง ข้อ 2)

กรณีเร่งด่วนหรือเกินกำหนด: ยื่นคำขอพร้อมเอกสารแสดงเหตุผลความจำเป็นต่อกรมเจ้าท่าล่วงหน้าไม่น้อยกว่า 3 วันทำการ (อ้างอิง ข้อ 2)

การรายงานสินค้า: แจ้งการมาถึงของสินค้าให้กรมเจ้าท่าทราบทันทีที่ได้รับใบขนขาเข้า พร้อมเอกสารประกอบการแจ้งตามที่กำหนด (อ้างอิง ข้อ 8)

สิทธิที่ควรทราบ / การติดตามผล:

การได้รับแจ้งผล: กรมเจ้าท่าจะแจ้งผลการพิจารณาทางจดหมายอิเล็กทรอนิกส์หรือโทรศัพท์ภายใน 5 วันนับจากวันที่ได้รับคำขอ (อ้างอิง ข้อ 5)

สิทธิอนุญาตโดยผลของกฎหมาย: กรณีถูกปฏิเสธโดยอ้างว่ามีเรือไทยว่าง แต่หากเรือไทยนั้นไม่บรรทุกสินค้าภายใน 72 ชั่วโมงหลังครบกำหนด หรือไม่สามารถออกหนังสือรับรองได้ภายใน 72 ชั่วโมง จะถือว่าได้รับอนุญาตให้บรรทุกโดยเรืออื่นโดยอัตโนมัติ (อ้างอิง ข้อ 5 (2.1), 5(2.2))

การอุทธรณ์: สามารถยื่นอุทธรณ์คำสั่งไม่อนุญาตต่อเจ้าหน้าที่ผู้ทำคำสั่งภายใน 15 วัน นับแต่วันที่ได้รับแจ้งคำสั่ง (อ้างอิง หมายเหตุท้ายภาคผนวก 3)",โทษเชื่อมโยงจากกฎหมายแม่,รอเชื่อมโยง: พระราชบัญญัติส่งเสริมการพาณิชยนาวี พ.ศ. 2521 มาตรา 19,หนังสืออนุญาตบรรทุกของโดยเรืออื่นที่มิใช่เรือไทย,ราชกิจจานุเบกษา เล่ม 139 ตอนพิเศษ 8 ง หน้า 1,"1) แบบฟอร์ม กกพ.01 คำขอรับหนังสืออนุญาตบรรทุกของหรือนำเข้ามาจากต่างประเทศโดยเรืออื่นที่มิใช่เรือไทย, 2) แบบฟอร์ม กกพ.02 หนังสืออนุญาตให้บรรทุกของที่สั่งหรือนำเข้ามาจากต่างประเทศโดยเรืออื่นที่มิใช่เรือไทย, 3) แบบฟอร์ม กกพ.03 หนังสือแจ้งการไม่อนุญาตให้บรรทุกของโดยเรืออื่นที่มิใช่เรือไทย, 4) แบบฟอร์ม กกพ.04 หนังสือแจ้งการมาถึงของของที่ได้รับอนุญาตให้บรรทุกโดยเรืออื่นที่มิใช่เรือไทย",,"บุคคลที่สั่งหรือนำของเข้ามาจากต่างประเทศ, ผู้รับจัดการขนส่งหรือบุคคลอื่นที่กระทำการแทนส่วนราชการหรือรัฐวิสาหกิจในการสั่งหรือนำของเข้า, บริษัทเรือไทย","นำเข้า, บรรทุกสินค้า, ขออนุญาต, ขนส่งทางทะเล, แจ้งมาถึงสินค้า",สินค้าอุตสาหกรรม,"การส่งเสริมการพาณิชยนาวี, อนุญาตบรรทุกโดยเรืออื่น, เรือไทย, หนังสืออนุญาต, การนำเข้าสินค้า","BY1, AA1, AA2, BE1, BE5",BW11,"STEP 1: พื้นที่ทดเลขในใจ (Context Analysis & Workflow Simulation)1) เขตอำนาจกฎหมาย (Jurisdiction Awareness): ระเบียบกรมเจ้าท่า ว่าด้วยหลักเกณฑ์และวิธีการในการอนุญาตให้บุคคลซึ่งสั่งหรือนำของเข้ามาจากต่างประเทศบรรทุกของนั้นโดยเรืออื่นที่มิใช่เรือไทย พ.ศ. 2564 ออกตามความใน พ.ร.บ.ส่งเสริมการพาณิชยนาวี พ.ศ. 2521  1.1) Parent Law Anchoring: กฎหมายนี้เป็นเรื่องพาณิชยนาวีและการนำเข้าสินค้าของรัฐ  1.2) Umbrella Term Check: 'ของนำเข้า', 'เรือบรรทุก'  1.3) Jurisdictional Lock: อำนาจกรมเจ้าท่าในการอนุญาตใช้เรือต่างชาติ  2) กลุ่มผู้ถูกบังคับใช้หลักทั้งหมด (All Primary Direct Targets & Must-Notify Entities):2.1) Must-Notify Test: กฎหมายนี้บังคับให้ ""ผู้นำเข้า"" (ที่เป็นคู่สัญญากับรัฐ) หรือ ""ตัวแทน/ผู้รับจัดการขนส่ง"" (ชิปปิ้ง) ต้องยื่นขออนุญาต (กกพ.01) ต่อกรมเจ้าท่า ดังนั้นต้องมีการแจ้งเตือนผู้มีหน้าที่เหล่านี้  2.2) Comprehensive Coverage: ครอบคลุม ผู้นำเข้า, ตัวแทนออกของ (ชิปปิ้ง/Freight Forwarder), สายเดินเรือไทย2.3) คำสั่งบังคับ: -> BY1, AA1, AA2, BE13) ผู้ให้บริการใน Ecosystem คือใคร:3.1 The Validator: กรมเจ้าท่า (ผ่านกระบวนการอนุญาต)  3.2 The Facilitator: ท่าเรือ (BE3) - เป็นเพียงสถานที่เทียบเรือและขนถ่ายสินค้า  3.3 The Guarantor: ไม่มี3.4 The Specialist: ไม่มี3.5 The Mandatory Facility: โกดัง/คลังสินค้า (BG1, BG6) - ไม่เกี่ยวกับการยื่นขออนุญาตกรมเจ้าท่าโดยตรง3.6 The Essential Ecosystem Partner: ไม่มี4) วิเคราะห์รหัสที่ผู้ใช้สอบถาม (BE5, BE3, BG1, BG6, CC17, BW11):- BE5 (กฎหมายและระเบียบกรมเจ้าท่า): เกี่ยวข้องแน่นอน เนื่องจากเป็นระเบียบที่ออกโดยกรมเจ้าท่าโดยตรงเพื่อกำกับดูแลการขนส่งทางน้ำตาม พ.ร.บ.ส่งเสริมการพาณิชยนาวี  - BE3 (ท่าเทียบเรือและคลังสินค้าทางน้ำ): ในระเบียบมีกล่าวถึง 'เมืองท่า' และ 'ท่าเรือ' แต่ท่าเรือไม่ได้มีหน้าที่ยื่นขออนุญาตใช้เรือต่างชาติ ผู้มีหน้าที่คือ 'ผู้นำเข้า' หรือ 'ชิปปิ้ง' ท่าเรือจึงไม่ได้รับผลกระทบทางหน้าที่โดยตรงจากระเบียบนี้ (ปัดตกเข้า Self-Correction Gate)  - BG1 (คลังสินค้าทั่วไป) / BG6 (Fulfillment): ไม่เกี่ยวข้องโดยตรงกับการขออนุญาตบรรทุกสินค้าโดยเรือต่างชาติตามระเบียบกรมเจ้าท่าฉบับนี้ (ปัดตก)- CC17 (การบริหารราชการแผ่นดิน): แม้จะเป็นระเบียบราชการ แต่วัตถุประสงค์หลักคือการพาณิชยนาวีและการนำเข้าสินค้า (Specific Applicability) ไม่ได้ปรับปรุงโครงสร้างการบริหารราชการแผ่นดินในภาพรวม (ปัดตก)- BW11 (กฎหมายศุลกากร / ตัวแทนออกของ): เกี่ยวข้องในฐานะ Support Compliance เนื่องจากในข้อ 8 ของระเบียบระบุว่า เมื่อของมาถึงไทย ผู้ได้รับอนุญาตต้องแจ้งกรมเจ้าท่าพร้อมแนบ ""ใบขนขาเข้าและแบบแสดงรายการภาษีจากกรมศุลกากร"" ดังนั้นตัวแทนออกของ/ชิปปิ้งที่ทำพิธีการศุลกากรจะต้องรู้เพื่อนำเอกสารเหล่านี้ไปยื่นต่อกรมเจ้าท่าให้ครบวงจร  STEP 2: สรุปผลรหัสและ Impact Classification[BY1] คู่ค้าประมูลงานภาครัฐ : [Direct Duty]1) เกี่ยวอย่างไร: เป็นผู้สั่งหรือนำเข้าของที่เป็นคู่สัญญากับหน่วยงานรัฐ  2) ต้องทำอะไร: ต้องจัดให้บรรทุกของโดยเรือไทย หรือหากจำเป็นต้องใช้เรือต่างชาติ ต้องยื่นคำขอ (กกพ.01) ต่อกรมเจ้าท่าล่วงหน้าไม่น้อยกว่า 10 วัน  3) ความเสี่ยง: ไม่ได้รับอนุญาตให้นำเข้า โดนปรับหรือผิดสัญญา[AA2] ชิปปิ้ง, Freight Forwarder : [Direct Duty]1) เกี่ยวอย่างไร: ผู้รับจัดการขนส่งหรือบุคคลอื่นซึ่งรับมอบหมายให้ดำเนินการนำเข้าแทนหน่วยงานรัฐ  2) ต้องทำอะไร: ต้องเป็นผู้ยื่นคำขออนุญาตแทนส่วนราชการหรือรัฐวิสาหกิจ  3) ความเสี่ยง: ไม่สามารถเคลียร์สินค้าหรือบรรทุกของลงเรือได้[BE1] เรือขนส่งสินค้า : [Rights & Admin]1) เกี่ยวอย่างไร: บริษัทเรือไทยมีสิทธิได้รับความคุ้มครอง  2) ต้องทำอะไร: หากมีเรือและระวางว่าง ต้องแจ้งกรมเจ้าท่าและออกหนังสือรับรองให้ผู้ส่งของภายใน 72 ชั่วโมง ว่าสามารถรับบรรทุกได้ทัน  3) ความเสี่ยง: สูญเสียโอกาสรับขนส่งสินค้าหากเพิกเฉย[BE5] กฎหมายและระเบียบกรมเจ้าท่า : [Direct Duty]1) เกี่ยวอย่างไร: เป็นระเบียบที่ออกโดยกรมเจ้าท่าเพื่อกำกับดูแลกิจการพาณิชยนาวี  2) ต้องทำอะไร: ผู้เกี่ยวข้องกับการขนส่งทางน้ำระหว่างประเทศต้องอ้างอิงหลักเกณฑ์นี้เพื่อปฏิบัติให้ถูกต้องตามกฎหมาย  3) ความเสี่ยง: ฝ่าฝืน พ.ร.บ.ส่งเสริมการพาณิชยนาวีSTEP 3: รายงานผลด่านคัดกรอง (Self-Correction Gate)ปัดตก [BE3] ท่าเรือไม่ได้มีหน้าที่หรือภาระผูกพันตามระเบียบนี้โดยตรง หน้าที่ตกอยู่ที่ผู้นำเข้า/ชิปปิ้ง / ปัดตก [BG1, BG6] คลังสินค้าไม่เกี่ยวข้องกับขั้นตอนการขอใช้เรือต่างชาติ / ปัดตก [CC17] เป็นระเบียบเฉพาะทางด้านพาณิชยนาวี ไม่ใช่กฎหมายโครงสร้างรัฐ",100%,[บทเฉพาะกาล] ให้ยื่นคำขอรับหนังสืออนุญาตไม่น้อยกว่าสิบวันก่อนวันที่ของนั้นจะบรรทุกลงเรือ (อ้างอิง ข้อ 2)
136,100136,ระเบียบคณะกรรมการกิจการกระจายเสียง กิจการโทรทัศน์ และกิจการโทรคมนาคมแห่งชาติ ว่าด้วยการใช้เครื่องหมายราชการของสำนักงาน กสทช. พ.ศ. 2564,https://ratchakitcha.soc.go.th/documents/17193571.pdf,บังคับใช้,,-,-,11,มกราคม,2565,12 มกราคม 2565,-,ระเบียบ,"พระราชบัญญัติองค์กรจัดสรรคลื่นความถี่ และกำกับการประกอบกิจการวิทยุกระจายเสียง วิทยุโทรทัศน์ และกิจการโทรคมนาคม พ.ศ. 2553 มาตรา 27 (19), พระราชบัญญัติองค์กรจัดสรรคลื่นความถี่และกำกับการประกอบกิจการวิทยุกระจายเสียง วิทยุโทรทัศน์ และกิจการโทรคมนาคม พ.ศ. 2553 มาตรา 58",-,"สำนักงานคณะกรรมการกิจการกระจายเสียง กิจการโทรทัศน์ และกิจการโทรคมนาคมแห่งชาติ (สำนักงาน กสทช.), ประธานกรรมการกิจการกระจายเสียง กิจการโทรทัศน์ และกิจการโทรคมนาคมแห่งชาติ",-,-,-,กำหนดหลักเกณฑ์การใช้เครื่องหมายราชการของสำนักงาน กสทช. ให้ใช้เฉพาะในกิจการของ กสทช. และสำนักงาน กสทช. เว้นแต่จะได้รับอนุญาตจากประธาน กสทช. โดยต้องคำนึงถึงความเหมาะสม ความเรียบร้อย และความสมควรในการใช้ การติดหรือการประดับ รวมทั้งไม่ก่อให้เกิดความเสียหายแก่สำนักงาน กสทช. และไม่ใช้เพื่อประโยชน์ในทางการค้าหากำไร,"บุคคลทั่วไปหรือหน่วยงานภายนอก ต้องดำเนินการดังนี้:

การขอใช้เครื่องหมายราชการ: ยื่นเรื่องขออนุญาตจากประธาน กสทช. ก่อนการใช้งานในกรณีที่ไม่ใช่กิจการของ กสทช. หรือสำนักงาน กสทช. โดยต้องคำนึงถึงความเหมาะสม ความเรียบร้อย และไม่ใช้เพื่อประโยชน์ทางการค้าหากำไร (อ้างอิง ข้อ 3)",โทษเชื่อมโยงจากกฎหมายแม่,รอเชื่อมโยง: พระราชบัญญัติองค์กรจัดสรรคลื่นความถี่และกำกับการประกอบกิจการวิทยุกระจายเสียง วิทยุโทรทัศน์ และกิจการโทรคมนาคม พ.ศ. 2553 มาตรา 27 (19) และมาตรา 58,-,ราชกิจจานุเบกษา เล่ม 139 ตอนพิเศษ 7 ง หน้า 1,-,,"บุคลากรสำนักงาน กสทช., ผู้ได้รับอนุญาตให้ใช้เครื่องหมายราชการของสำนักงาน กสทช.",ใช้เครื่องหมายราชการ,-,"เครื่องหมายราชการ, สำนักงาน กสทช.",CC30,CC30,"STEP 1: พื้นที่ทดเลขในใจ (Context Analysis & Workflow Simulation)1) เขตอำนาจกฎหมาย (Jurisdiction Awareness): ระเบียบคณะกรรมการกิจการกระจายเสียง กิจการโทรทัศน์ และกิจการโทรคมนาคมแห่งชาติ ว่าด้วยการใช้เครื่องหมายราชการของสำนักงาน กสทช. พ.ศ. 2564  1.1) [Parent Law Anchoring]: อาศัยอำนาจตาม พ.ร.บ.องค์กรจัดสรรคลื่นความถี่ฯ มาตรา 27 (19) และมาตรา 58  1.2) Umbrella Term Check: ไม่มีคำกว้างที่เกี่ยวข้องกับภาคธุรกิจเอกชน1.3) Jurisdictional Lock: เข้ากฎ [Rule 2.9 Internal Government Exception] อย่างเด็ดขาด เพราะเป็นระเบียบควบคุมการใช้ ""เครื่องหมายราชการ"" ซึ่งเป็นทรัพย์สินและสัญลักษณ์เฉพาะของหน่วยงานรัฐ (สำนักงาน กสทช.) เท่านั้น ห้ามลากโยงไปหากิจการกระจายเสียง หรือโทรคมนาคมที่เป็นภาคเอกชนโดยเด็ดขาด  2) กลุ่มผู้ถูกบังคับใช้หลักทั้งหมด (Primary Direct Targets & Must-Notify Entities):2.1) Must-Notify Test: สำนักงาน กสทช. และประธาน กสทช. ในฐานะผู้มีอำนาจอนุญาตและกำกับดูแลการใช้เครื่องหมาย  2.2) Comprehensive Coverage: ครอบคลุมเฉพาะกิจการของ กสทช. และสำนักงาน กสทช.  2.3) เป้าหมายหลัก -> [CC30]3) ผู้ให้บริการใน Ecosystem คือใคร:- ห้ามวิเคราะห์ตามกฎ 2.9 เนื่องจากเป็นระเบียบภายใน4) ผู้รับผลกระทบแฝง (Hidden Targets): ไม่มี5) สินค้า/บริการที่ถูกควบคุม: การใช้เครื่องหมายราชการของสำนักงาน กสทช.6) ข้อยกเว้น/การผ่อนผัน: การใช้ในกิจการอื่นที่ได้รับอนุญาตจากประธาน กสทช.  STEP 2: สรุปผลรหัสและ Impact Classification[CC30] สำนักงาน กสทช. : [Direct Duty]1) เกี่ยวอย่างไร: เป็นหน่วยงานเจ้าของระเบียบที่ต้องควบคุมการใช้เครื่องหมายราชการของตนเอง (ข้อ 1-3)  2) ต้องทำ/ห้ามทำอะไร: ควบคุมมิให้มีการนำเครื่องหมายไปใช้เพื่อการค้าหากำไร หรือก่อให้เกิดความเสียหายแก่สำนักงาน (ข้อ 3)  3) ความเสี่ยง: เครื่องหมายราชการถูกนำไปใช้อย่างไม่ถูกต้องหรือละเมิดระเบียบSTEP 3: รายงานผลด่านคัดกรอง (Self-Correction Gate)ปัดตก [S3] อุปกรณ์สื่อสารและโทรคมนาคม, [AA23] เครื่องมือสื่อสารและอุปกรณ์โทรคมนาคม, [AI3] โทรทัศน์, [AI4] วิทยุ, [BI2] โทรคมนาคมพื้นฐานและโครงข่าย เนื่องจาก เกิดจากการจินตนาการโยงข้ามเรื่องไปเอง (Hallucination) เพียงเพราะเห็นชื่อ กสทช. โดยละเมิดกฎ [Rule 2.9 Internal Government Exception] อย่างเด็ดขาด เพราะระเบียบนี้ไม่ได้ควบคุมการประกอบกิจการกระจายเสียงหรือโทรคมนาคมเลยปัดตก [BF3] โดรนและอากาศยานไร้คนขับ เนื่องจาก ละเมิดกฎ 2.9 เช่นเดียวกัน ไม่มีความเกี่ยวข้องทางกฎหมายใดๆ ในระเบียบฉบับนี้ปัดตก [CC27] ธงชาติและสัญลักษณ์ เนื่องจาก เครื่องหมายราชการของ กสทช. เป็นสัญลักษณ์เฉพาะหน่วยงาน (CC30) ไม่ใช่สัญลักษณ์ระดับชาติหรือธงชาติตามขอบเขตของหมวด CC27",100%,
