ลำดับ,ชื่อไฟล์ ,ชื่อกฎหมาย,ลิงค์PDF,สถานะกฎหมาย,ถูกยกเลิกโดยกฎหมายชื่อ,ยกเลิกกฎหมายอื่นทั้งฉบับ,แก้ไข/ยกเลิกบางส่วนของกฎหมายอื่น,วันที่ประกาศ,เดือนที่ประกาศ,ปีที่ประกาศ,วันทีมีผลใช้บังคับ,วันที่สิ้นผล,ประเภทกฎหมาย,กฎหมายแม่,หน่วยงานกำกับ,องค์กรปกครองส่วนท้องถิ่น,อำเภอ,จังหวัด,คำอธิบายและสรุปสาระสำคัญ,คำแนะนำสิ่งที่ต้องทำ ,ระดับวามเสี่ยง ,บทลงโทษ,ใบอนุญาต,ข้อมูลแหล่งที่มา,คู่มือ แบบฟอร์ม เอกสารที่แนะนำ ,ลิงค์เอกสารที่แนะนำ,กลุ่มเป้าหมาย,Activity_Tag,Product_Group_Tag,Legal_Keyword_Tag,กฎหมายเฉพาะธุรกิจ (Core Business Laws),กฎหมายสนับสนุนและกฎหมายทั่วไปที่ต้องปฏิบัติตาม (Support & General Compliance),AI ให้เหตุผล,ระดับความมั่นใจ,หมายเหตุ
1,100001,ระเบียบผู้ตรวจการแผ่นดิน ว่าด้วยค่าใช้จ่ายในการเดินทางไปปฏิบัติงาน พ.ศ. ๒๕๖๓,https://ratchakitcha.soc.go.th/documents/17120921.pdf,บังคับใช้,,"(๑) ระเบียบผู้ตรวจการแผ่นดินว่าด้วยการจ่ายค่าใช้จ่ายเดินทางไปปฏิบัติงานของเจ้าหน้าที่
พ.ศ. ๒๕๕๘
(๒) ระเบียบผู้ตรวจการแผ่นดินว่าด้วยการจ่ายค่าใช้จ่ายเดินทางไปปฏิบัติงานของเจ้าหน้าที่
แก้ไขเพิ่มเติม (ฉบับที่ ๒) พ.ศ. ๒๕๕๙",,21,กุมภาพันธ์,2563,22 กุมภาพันธ์ 2563,-,ระเบียบ,"พระราชบัญญัติประกอบรัฐธรรมนูญว่าด้วยผู้ตรวจการแผ่นดิน พ.ศ. ๒๕๖๐ มาตรา ๒๔, พระราชบัญญัติประกอบรัฐธรรมนูญว่าด้วยผู้ตรวจการแผ่นดิน พ.ศ. ๒๕๖๐ มาตรา ๔๒","สำนักงานผู้ตรวจการแผ่นดิน, องค์กรอิสระ",-,-,-,กำหนดหลักเกณฑ์ อัตราค่าเบี้ยเลี้ยง ค่าเช่าที่พัก ค่าพาหนะ และค่าใช้จ่ายอื่นๆ สำหรับการเดินทางไปปฏิบัติงานทั้งในประเทศและต่างประเทศของประธานผู้ตรวจการแผ่นดิน เลขาธิการ เจ้าหน้าที่ และผู้ช่วยปฏิบัติงาน,บุคลากรของสำนักงานที่เดินทางไปปฏิบัติงานต้องดำเนินการขออนุมัติการเดินทางล่วงหน้า และเบิกจ่ายค่าเดินทางให้เป็นไปตามอัตราที่กำหนดในบัญชีท้ายระเบียบ โดยใช้แบบรายงานการเดินทางตามรูปแบบและขั้นตอนที่เลขาธิการกำหนด,🔵 ฟ้า,-,ไม่มี,ราชกิจจาฯ เล่ม ๑๓๗ ตอนที่ ๑๔ ก,แบบรายงานการเดินทางเพื่อขอเบิกจ่ายค่าใช้จ่ายในการเดินทางไปปฏิบัติงาน,,"ประธานผู้ตรวจการแผ่นดิน, ผู้ตรวจการแผ่นดิน, เลขาธิการ, เจ้าหน้าที่สำนักงานผู้ตรวจการแผ่นดิน, ผู้ช่วยปฏิบัติงาน","เดินทางไปปฏิบัติงาน, เบิกค่าใช้จ่าย",-,"ค่าเบี้ยเลี้ยงเดินทาง, ค่าเช่าที่พัก, ค่าพาหนะ, สำนักงานผู้ตรวจการแผ่นดิน",-,CC9,เหตุผล: เป็นระเบียบที่ใช้บังคับเกี่ยวกับการปฏิบัติงานและสวัสดิการการเบิกจ่ายค่าเดินทางของบุคลากรภายในสำนักงานผู้ตรวจการแผ่นดินโดยเฉพาะ (CC9 ผู้ตรวจการแผ่นดิน,100%,
2,100002,คำพิพากษาของศาลฎีกาแผนกคดีอาญาของผู้ดำรงตำแหน่งทางการเมือง เรื่อง ขอให้ทรัพย์สินตกเป็นของแผ่นดิน [คดีหมายเลขดำที่ อม. ๗๗/๒๕๖๑ คดีหมายเลขแดงที่ อม. ๒๓๘/๒๕๖๒ ,https://ratchakitcha.soc.go.th/documents/17120922.pdf,บังคับใช้,,,,21,กุมภาพันธ์,2563,21 กุมภาพันธ์ 2563,-,คำพิพากษาของศาลฎีกาแผนกคดีอาญา,,ศาลฎีกาแผนกคดีอาญาของผู้ดำรงตำแหน่งทางการเมือง,-,-,-,"คำพิพากษาศาลฎีกาแผนกคดีอาญาของผู้ดำรงตำแหน่งทางการเมืองพิจารณาคดีการขอให้ทรัพย์สินตกเป็นของแผ่นดิน 

- ศาลสั่งให้ทรัพย์สินที่เพิ่มขึ้นผิดปกติของผู้ดำรงตำแหน่งทางการเมือง รวมมูลค่า 42,816,226.64 บาท ตกเป็นของแผ่นดิน 

- สาเหตุเนื่องจากผู้ถูกกล่าวหาไม่สามารถพิสูจน์หรือแสดงแหล่งที่มาของเงินฝาก ที่ดิน และทรัพย์สินอื่นๆ ว่าได้มาโดยสุจริตตามสมควร 

- คณะกรรมการ ป.ป.ช. มีอำนาจตรวจสอบธุรกรรมทางการเงินและการได้มาซึ่งทรัพย์สิน หากมีพฤติการณ์สงสัยว่าเป็นการเพิ่มขึ้นผิดปกติจากการเปรียบเทียบบัญชีเมื่อเข้ารับตำแหน่งและพ้นจากตำแหน่ง","ผู้ดำรงตำแหน่งทางการเมืองต้องยื่นบัญชีแสดงรายการทรัพย์สินและหนี้สินพร้อมเอกสารประกอบต่อคณะกรรมการ ป.ป.ช. เมื่อเข้ารับตำแหน่ง พ้นจากตำแหน่ง และพ้นจากตำแหน่งครบ 1 ปี 

- ต้องจัดเก็บพยานหลักฐานและเอกสารแสดงที่มาของรายได้ การกู้ยืมเงิน สัญญาจ้างทำของ หรือการซื้อขายทรัพย์สินให้ชัดเจน 

- ผู้ถูกกล่าวหามีภาระการพิสูจน์ต่อศาลว่าทรัพย์สินที่เพิ่มขึ้นไม่ได้เกิดจากการร่ำรวยผิดปกติ",⚪️ เทา,-,ไม่มี,ราชกิจจานุเบกษา เล่ม 137 ตอนที่ 14 ก หน้า 15,"1) คู่มือการยื่นบัญชีแสดงรายการทรัพย์สินและหนี้สินของเจ้าพนักงานของรัฐ (ป.ป.ช.)

2) พ.ร.บ.ประกอบรัฐธรรมนูญว่าด้วยการป้องกันและปราบปรามการทุจริต พ.ศ. 2542

3) แบบฟอร์มบัญชีแสดงรายการทรัพย์สินและหนี้สิน",,"ผู้ดำรงตำแหน่งทางการเมือง 

- สมาชิกสภาผู้แทนราษฎร (ส.ส.)","ยื่นบัญชีแสดงรายการทรัพย์สิน, ตรวจสอบทรัพย์สิน, ไต่สวน, อายัดทรัพย์สิน, ยึดทรัพย์สิน, ขอให้ทรัพย์สินตกเป็นของแผ่นดิน","เงินฝากธนาคาร, ที่ดิน, บ้าน, สิ่งปลูกสร้าง, รถยนต์","พ.ร.บ.ประกอบรัฐธรรมนูญว่าด้วยการป้องกันและปราบปรามการทุจริต, ศาลฎีกาแผนกคดีอาญาของผู้ดำรงตำแหน่งทางการเมือง, ทรัพย์สินเพิ่มขึ้นผิดปกติ, ร่ำรวยผิดปกติ, ภาระการพิสูจน์, ตกเป็นของแผ่นดิน",-,"CC29, CC1",1) ผู้ถูกบังคับใช้หลัก: ผู้ดำรงตำแหน่งทางการเมือง (ส.ส.) 2) ผู้มีส่วนได้เสียแฝง: ไม่มีธุรกิจที่ถูกบังคับโดยตรง 3) ผลกระทบทางกฎหมาย: ทรัพย์สินที่เพิ่มขึ้นผิดปกติต้องตกเป็นของแผ่นดิน 4) สินค้า/บริการที่ควบคุม: ทรัพย์สินส่วนบุคคล (เงินฝาก ที่ดิน รถยนต์) 5) ข้อยกเว้น: การคืนทรัพย์สินให้แก่บุคคลภายนอกผู้เป็นเจ้าของกรรมสิทธิ์โดยสุจริตตามธรรมดาการค้า (เช่น บริษัทลีสซิ่ง) สำหรับ CC29: เป็นอำนาจพิจารณาคดีความร่ำรวยผิดปกติของศาลฎีกาแผนกคดีอาญานักการเมือง สำหรับ CC1: เป็นอำนาจหน้าที่ของคณะกรรมการ ป.ป.ช. ในการตรวจสอบบัญชีทรัพย์สินและชี้มูลความผิด,100%, -
3,100003,ระเบียบ ว่าด้วยหลักเกณฑ์และวิธีการสรรหาประธานกรรมการและกรรมการผู้ทรงคุณวุฒิในคณะกรรมการคุ้มครองข้อมูลส่วนบุคคล พ.ศ. ๒๕๖๓,https://ratchakitcha.soc.go.th/documents/17120908.pdf,บังคับใช้,,,,20,กุมภาพันธ์,2563,21 กุมภาพันธ์ 2563,-,ระเบียบ,พระราชบัญญัติคุ้มครองข้อมูลส่วนบุคคล พ.ศ. 2562 มาตรา 9,"สำนักงานคณะกรรมการคุ้มครองข้อมูลส่วนบุคคล (PDPC / สคส.), กระทรวงดิจิทัลเพื่อเศรษฐกิจและสังคม",-,-,-,"ระเบียบนี้กำหนดหลักเกณฑ์และวิธีการสรรหาบุคคลเพื่อเสนอคณะรัฐมนตรีแต่งตั้งเป็นประธานกรรมการและกรรมการผู้ทรงคุณวุฒิในคณะกรรมการคุ้มครองข้อมูลส่วนบุคคล 

- การสรรหาต้องดำเนินการให้แล้วเสร็จภายใน 60 วันนับแต่วันที่มีคณะกรรมการสรรหาครบถ้วน และสามารถขยายได้อีกไม่เกิน 60 วันหากจำเป็น","สำนักงานคณะกรรมการคุ้มครองข้อมูลส่วนบุคคลต้องเปิดรับสมัครบุคคลเข้ารับการคัดเลือกเป็นระยะเวลา 21 วัน 

- ต้องรับสมัครประธานกรรมการไม่น้อยกว่า 3 รายชื่อ และกรรมการผู้ทรงคุณวุฒิไม่น้อยกว่า 2 เท่าของจำนวนที่ต้องการ 

- หากผู้สมัครไม่ครบตามจำนวน สำนักงานสามารถเสนอบัญชีรายชื่อบุคคลเพิ่มเติมและตรวจสอบคุณสมบัติให้แล้วเสร็จภายใน 14 วัน",⚪️ เทา,-,ไม่มี,ราชกิจจาฯ เล่ม 137 ตอนพิเศษ 40 ง,-,,"สำนักงานคณะกรรมการคุ้มครองข้อมูลส่วนบุคคล 

- คณะกรรมการสรรหาประธานกรรมการและกรรมการผู้ทรงคุณวุฒิ 

- บุคคลที่ประสงค์จะเข้ารับการคัดเลือกเป็นกรรมการในคณะกรรมการคุ้มครองข้อมูลส่วนบุคคล","สรรหา, รับสมัคร, คัดเลือก, เสนอชื่อ, แต่งตั้ง","ประธานกรรมการ, กรรมการผู้ทรงคุณวุฒิ, คณะกรรมการคุ้มครองข้อมูลส่วนบุคคล","พระราชบัญญัติคุ้มครองข้อมูลส่วนบุคคล, คณะกรรมการสรรหา, คุณสมบัติและลักษณะต้องห้าม",-,"BK4, CC17",1) ผู้ถูกบังคับใช้หลัก: สำนักงานคณะกรรมการคุ้มครองข้อมูลส่วนบุคคลและคณะกรรมการสรรหา (หน่วยงานรัฐ) 2) ผู้มีส่วนได้เสียแฝง: ไม่มีภาคธุรกิจที่ถูกบังคับโดยตรง 3) ผลกระทบทางกฎหมาย: เป็นการกำหนดขั้นตอนภายในเพื่อสรรหาคณะกรรมการกำกับดูแล พ.ร.บ. คุ้มครองข้อมูลส่วนบุคคล 4) สินค้า/บริการที่ควบคุม: - 5) ข้อยกเว้น: - ระเบียบนี้ไม่ได้บังคับใช้ธุรกิจเอกชน จึงไม่มี Core Business แต่อยู่ในหมวดโครงสร้างการบริหารราชการแผ่นดิน (CC17) เพื่อขับเคลื่อนกฎหมายข้อมูลส่วนบุคคลและธรรมาภิบาลข้อมูล (BK4),100%, -
4,100004,ระเบียบกระทรวงการคลัง ว่าด้วยการประเมินผลการปฏิบัติงานของที่ปรึกษาอิสระและที่ปรึกษานิติบุคคล พ.ศ. ๒๕๖๓,https://ratchakitcha.soc.go.th/documents/17120520.pdf,บังคับใช้,,,,18,กุมภาพันธ์,2563,19 กุมภาพันธ์ 2563,-,ระเบียบ,"กฎกระทรวงกำหนดหลักเกณฑ์ วิธีการ และเงื่อนไขการขึ้นทะเบียนที่ปรึกษา พ.ศ. 2560 ข้อ 17, ระเบียบกระทรวงการคลังว่าด้วยการจัดซื้อจัดจ้างและการบริหารพัสดุภาครัฐ พ.ศ. 2560 ข้อ 190","กระทรวงการคลัง, สำนักงานบริหารหนี้สาธารณะ กระทรวงการคลัง",-,-,-,กำหนดหลักเกณฑ์ให้มีการประเมินผลการปฏิบัติงานของที่ปรึกษาอิสระและที่ปรึกษานิติบุคคลในโครงการที่รับจ้างหน่วยงานของรัฐดำเนินการแล้วเสร็จ เพื่อให้การดำเนินงานจ้างที่ปรึกษามีประสิทธิภาพ โดยมีการแต่งตั้งคณะกรรมการประเมินผลฯ เพื่อจัดทำเกณฑ์ ประเมินผล และกำหนดการปรับลดระดับที่ปรึกษา,ผู้ประกอบการที่ขึ้นทะเบียนเป็นที่ปรึกษาอิสระหรือที่ปรึกษานิติบุคคล ต้องปฏิบัติงานโครงการจ้างที่ปรึกษาของหน่วยงานรัฐให้มีประสิทธิภาพและประสิทธิผลตามที่กำหนด เนื่องจากผลงานจะถูกประเมินเมื่อโครงการแล้วเสร็จ ซึ่งหากผลการปฏิบัติงานไม่ผ่านเกณฑ์อาจถูกปรับลดระดับการเป็นที่ปรึกษาเป็นระยะเวลาไม่เกิน 2 ปี ทั้งนี้ หากถูกปรับลดระดับสามารถใช้สิทธิขออุทธรณ์ได้,⚪️ เทา,-,ไม่มี,ราชกิจจานุเบกษา เล่ม ๑๓๗ ตอนพิเศษ ๓๗ ง หน้า ๑,หลักเกณฑ์และวิธีการประเมินผลการปฏิบัติงานของที่ปรึกษาอิสระและที่ปรึกษานิติบุคคล,,ที่ปรึกษาอิสระและที่ปรึกษานิติบุคคล,"ประเมินผลการปฏิบัติงาน, จ้างที่ปรึกษา, ขึ้นทะเบียนที่ปรึกษา, ปรับลดระดับ","บริการที่ปรึกษา, งานจ้างที่ปรึกษาภาครัฐ","ระเบียบกระทรวงการคลัง, ที่ปรึกษาอิสระ, ที่ปรึกษานิติบุคคล, คณะกรรมการประเมินผลการปฏิบัติงาน, สำนักงานบริหารหนี้สาธารณะ, การจัดซื้อจัดจ้างและการบริหารพัสดุภาครัฐ",BY1,CC24,"กฎหมายฉบับนี้กำหนดให้มีคณะกรรมการประเมินผลการปฏิบัติงานของ ""ที่ปรึกษาอิสระ"" และ ""ที่ปรึกษานิติบุคคล"" (Direct Target) เพื่อใช้ประโยชน์ในการดำเนินงานจ้างที่ปรึกษาของหน่วยงานของรัฐ หากผลการประเมินไม่ผ่านเกณฑ์อาจถูกปรับลดระดับการเป็นที่ปรึกษาเป็นระยะเวลาไม่เกินสองปี ซึ่งกระทบต่อสถานะผู้ประกอบการเอกชนที่เป็นคู่ค้าและรับงานประมูลของภาครัฐโดยตรง จึงจัดเข้าหมวด BY1 (การจัดซื้อจัดจ้างภาครัฐและเอกชนคู่ค้า) สำหรับกฎหมายสนับสนุนจัดเข้าหมวด CC24 (วินัยการเงินการคลังภาครัฐ) เนื่องจากเป็นระเบียบกระทรวงการคลังที่อาศัยอำนาจตามระเบียบฯ ว่าด้วยการจัดซื้อจัดจ้างและการบริหารพัสดุภาครัฐ พ.ศ. 2560 เพื่อควบคุมประสิทธิภาพการใช้จ่ายงบประมาณของรัฐ",100%,-
5,100005,กฎกระทรวงการนําเข้า ส่งออก หรือนําผ่านราชอาณาจักรซึ่งสัตว์หรือซากสัตว์ พ.ศ. ๒๕๖๓,https://ratchakitcha.soc.go.th/documents/17120011.pdf,บังคับใช้,,,,14,กุมภาพันธ์,2563,13 มิถุนายน 2563,-,กฎกระทรวง,"พระราชบัญญัติโรคระบาดสัตว์ พ.ศ. 2558 มาตรา 5, พระราชบัญญัติโรคระบาดสัตว์ พ.ศ. 2558 มาตรา 32","กระทรวงเกษตรและสหกรณ์, กรมปศุสัตว์",-,-,-,กำหนดหลักเกณฑ์ วิธีการ และเงื่อนไขการนำเข้า ส่งออก หรือนำผ่านราชอาณาจักรซึ่งสัตว์หรือซากสัตว์ เพื่อป้องกันและควบคุมโรคระบาด โดยให้อำนาจสัตวแพทย์ประจำท่าตรวจสอบ กักกัน และทำลายเชื้อโรค,ผู้ประกอบการต้องยื่นคำขออนุญาตก่อนดำเนินการ นำสัตว์เข้า-ออกเฉพาะท่าที่กำหนด และต้องปฏิบัติตามคำสั่งกักกัน ตรวจโรค หรือทำลายเชื้อโรคของสัตวแพทย์ประจำท่าอย่างเคร่งครัด โดยรับผิดชอบค่าใช้จ่ายที่เกิดขึ้นระหว่างกักกันเอง,🔴 แดง,รอเชื่อมโยง: พระราชบัญญัติ โรคระบาดสัตว์ พ.ศ. 2558,"ใบอนุญาตนำสัตว์หรือซากสัตว์เข้ามาในราชอาณาจักร, ใบอนุญาตนำสัตว์หรือซากสัตว์ออกนอกราชอาณาจักร, ใบอนุญาตนำสัตว์หรือซากสัตว์ผ่านราชอาณาจักร",ราชกิจจานุเบกษา เล่ม ๑๓๗ ตอนที่ ๑๓ ก หน้า ๑,"1) คู่มือการปฏิบัติงานการนำเข้า ส่งออก หรือนำผ่านราชอาณาจักรซึ่งสัตว์และซากสัตว์ กรมปศุสัตว์

2) หนังสือรับรองสุขภาพสัตว์หรือหนังสือรับรองสุขศาสตร์ซากสัตว์ฉบับภาษาอังกฤษ 

3) คำขออนุญาตนำสัตว์หรือซากสัตว์เข้ามาในราชอาณาจักร ส่งออก หรือนำผ่านราชอาณาจักร",,ผู้รับใบอนุญาต หรือผู้ประสงค์จะนำเข้า ส่งออก หรือนำผ่านราชอาณาจักรซึ่งสัตว์หรือซากสัตว์,"นำเข้า, ส่งออก, นำผ่านราชอาณาจักร, กักกัน, ตรวจโรค, ทำลายเชื้อโรค, ทำเครื่องหมายประจำตัวสัตว์","สัตว์, ซากสัตว์","โรคระบาดสัตว์, ท่าเข้า, ท่าออก, พื้นที่ตรวจโรค, สถานกักกันสัตว์, ใบอนุญาตนำเข้า","AA17, AA2, B3","BW11, BC3, BL2",เหตุผล: 1) ผู้ถูกบังคับใช้หลักคือ ผู้นำเข้า ส่งออก และนำผ่านสัตว์หรือซากสัตว์ (AA17) ต้องยื่นขออนุญาตและนำสินค้าผ่านพื้นที่ตรวจโรค 2) ผู้ให้บริการสนับสนุนแฝงคือ ตัวแทนรับจัดการขนส่งและผ่านแดน (AA2) รวมถึงผู้ประกอบการขนส่ง (BC3) ซึ่งถูกบังคับห้ามเปิดหรือเปลี่ยนถ่ายสัตว์ระหว่างนำผ่านโดยเด็ดขาด (ข้อ 23) และห้องปฏิบัติการที่อาจรับตรวจวิเคราะห์เชื้อโรคระบาด (BL2) (ข้อ 14) 3) ผู้ได้รับผลกระทบสืบเนื่องคือ ผู้ประกอบการที่เกี่ยวข้องกับการควบคุมโรคระบาดสัตว์ (B3) และกระบวนการตรวจปล่อยสินค้าข้ามพรมแดนที่ต้องทำร่วมกับพิธีการศุลกากร (BW11) 4) สินค้าที่ถูกควบคุมคือ สัตว์ ซากสัตว์ ภาชนะ และยานพาหนะ 5) ข้อยกเว้นคือ อธิบดีมีอำนาจสั่งผ่อนผันการปฏิบัติตามกฎกระทรวงนี้เป็นกรณีพิเศษเฉพาะรายได้ (ข้อ 8),100%,
6,100006,กฎกระทรวงกำหนดบริเวณห้ามก่อสร้าง ดัดแปลง หรือเปลี่ยนการใช้อาคารบางชนิดหรือบางประเภท ในพื้นที่บางส่วนในท้องที่จังหวัดปราจีนบุรี พ.ศ. ๒๕๖๓,https://ratchakitcha.soc.go.th/documents/17120012.pdf,บังคับใช้,,,,14,กุมภาพันธ์,2563,14 กุมภาพันธ์ 2563,-,กฎกระทรวง,"พระราชบัญญัติควบคุมอาคาร พ.ศ. 2522 มาตรา 5, พระราชบัญญัติควบคุมอาคาร พ.ศ. 2522 มาตรา 8",กระทรวงมหาดไทย,-,-,ปราจีนบุรี,กำหนดบริเวณห้ามก่อสร้าง ดัดแปลง หรือเปลี่ยนการใช้อาคารพาณิชยกรรมประเภทค้าปลีกค้าส่งที่มีพื้นที่ใช้สอยตั้งแต่ 300 ตารางเมตรขึ้นไป ในพื้นที่บางส่วนของจังหวัดปราจีนบุรี เพื่อประโยชน์ในการป้องกันอัคคีภัย รักษาสิ่งแวดล้อม และผังเมือง โดยกำหนดเงื่อนไขข้อยกเว้นการก่อสร้างตามขนาดพื้นที่อาคาร ความกว้างถนนสาธารณะ และระยะร่นที่ต้องปฏิบัติตาม,"ผู้ประกอบการที่ต้องการก่อสร้าง ดัดแปลง หรือเปลี่ยนการใช้อาคารเพื่อประกอบกิจการค้าปลีกค้าส่งขนาด 300 ตารางเมตรขึ้นไปในจังหวัดปราจีนบุรี ต้องตรวจสอบว่าทำเลที่ตั้งอยู่ในเขตห้ามก่อสร้างหรือไม่ และหากอยู่ในเขตที่อนุญาตให้สร้างได้ตามข้อยกเว้น จะต้องออกแบบอาคารให้เป็นไปตามเงื่อนไขอย่างเคร่งครัด เช่น ต้องมีที่ว่างไม่น้อยกว่าร้อยละ 70-80, ติดถนนสาธารณะตามขนาดที่กำหนด และมีที่จอดรถตามเกณฑ์",โทษเชื่อมโยงจากกฎหมายแม่,รอเชื่อมโยง: พระราชบัญญัติควบคุมอาคาร พ.ศ. 2522 มาตรา 5 และมาตรา 8,ใบอนุญาตหรือใบรับแจ้งการก่อสร้าง ดัดแปลง หรือเปลี่ยนการใช้อาคาร,ราชกิจจานุเบกษา เล่ม 137 ตอนที่ 13 ก หน้า 8,"1) คู่มือการขออนุญาตก่อสร้างอาคารตาม พ.ร.บ. ควบคุมอาคาร

2) แบบ ข.1 (คำขออนุญาตก่อสร้าง ดัดแปลง หรือรื้อถอนอาคาร)",,ผู้ประกอบกิจการพาณิชยกรรมประเภทค้าปลีกค้าส่ง ที่ต้องการก่อสร้าง ดัดแปลง หรือเปลี่ยนการใช้อาคารที่มีพื้นที่ตั้งแต่ 300 ตารางเมตรขึ้นไป ในพื้นที่จังหวัดปราจีนบุรี,"ก่อสร้าง, ดัดแปลง, เปลี่ยนการใช้","อาคารพาณิชยกรรม, อาคารค้าปลีกค้าส่ง, ที่ดิน","ห้ามก่อสร้างอาคาร, ควบคุมอาคาร, ปราจีนบุรี, ระยะร่น, พื้นที่ใช้สอย","AB2, AB3, AC1, AC5, AF1","CD2, CF3","เหตุผล: 1) ผู้ถูกบังคับใช้หลักคือ เจ้าของธุรกิจค้าปลีกค้าส่ง ห้างสรรพสินค้า/โมเดิร์นเทรด (AB2, AB3) และผู้พัฒนาที่ดิน (AF1) ที่ต้องการสร้างอาคารพาณิชยกรรมขนาด 300 ตร.ม. ขึ้นไป 2) ผู้มีส่วนได้เสียแฝงคือ ผู้รับเหมาก่อสร้าง (AC1) และสถาปนิก/วิศวกรผู้ออกแบบ (AC5) ที่ต้องคำนวณระยะร่น ที่ว่าง และจุดเชื่อมต่อถนนสาธารณะอย่างเคร่งครัด 3) ผลกระทบสืบเนื่องคือ ข้อบังคับนี้เป็นกฎหมายควบคุมอาคารท้องถิ่น (CF3) ซึ่งจำกัดพื้นที่ประหนึ่งข้อกำหนดผังเมือง (CD2) 4) สินค้าที่ถูกควบคุมคือ อาคารพาณิชยกรรมประเภทค้าปลีกค้าส่งในเขตจังหวัดปราจีนบุรี 5) ข้อยกเว้นคือ อาคารที่มีอยู่หรือได้รับอนุญาตก่อนกฎกระทรวงนี้ใช้บังคับ แต่ห้ามดัดแปลงหรือเปลี่ยนการใช้ผิดเงื่อนไข",100%,ยกเว้นอาคารเดิมที่สร้างหรือได้รับใบอนุญาตก่อนวันที่กฎกระทรวงบังคับใช้ (ข้อ 7-8) แต่ห้ามดัดแปลงหรือเปลี่ยนการใช้ภายหลังให้ขัดกับกฎหมายนี้
7,100007,กฎกระทรวงกำหนดหินเป็นหินประดับหรือหินอุตสาหกรรมและดินหรือทรายเป็นดินอุตสาหกรรมหรือทรายอุตสาหกรรม พ.ศ. ๒๕๖๓,https://ratchakitcha.soc.go.th/documents/17120013.pdf,บังคับใช้,,,,14,กุมภาพันธ์,2563,14 กุมภาพันธ์ 2563,-,กฎกระทรวง,"พระราชบัญญัติแร่ พ.ศ. 2560 มาตรา 4, พระราชบัญญัติแร่ พ.ศ. 2560 มาตรา 5 วรรคสี่",กระทรวงอุตสาหกรรม,-,-,-,กำหนดชนิดของหินให้เป็นหินประดับหรือหินอุตสาหกรรม และกำหนดชนิดของดินและทรายให้เป็นดินอุตสาหกรรมและทรายอุตสาหกรรม เพื่อให้การบริหารจัดการทรัพยากรแร่เป็นไปอย่างคุ้มค่าและเกิดประโยชน์สูงสุด,ผู้ประกอบกิจการเหมืองแร่หรือธุรกิจที่เกี่ยวข้องกับหิน ดิน และทราย ต้องตรวจสอบและจำแนกประเภททรัพยากรที่ดำเนินการให้ตรงตามข้อกำหนดในกฎกระทรวงนี้ เพื่อความถูกต้องในการขออนุญาตและการปฏิบัติตามกฎหมายที่เกี่ยวข้องกับแร่,โทษเชื่อมโยงจากกฎหมายแม่,รอเชื่อมโยง: พระราชบัญญัติแร่ พ.ศ. 2560 มาตรา 4 และมาตรา 5,-,ราชกิจจานุเบกษา เล่ม 137 ตอนที่ 13 ก หน้า 14,-,,ผู้ประกอบกิจการเหมืองแร่และอุตสาหกรรมที่เกี่ยวข้องกับหิน ดิน และทราย,"กำหนดประเภท, จำแนกประเภท, ทำเหมืองแร่, แปรรูปหิน, ขุดดิน, ดูดทราย","หินประดับ, หินอุตสาหกรรม, ดินอุตสาหกรรม, ทรายอุตสาหกรรม, ทรายแก้ว, ทรายซิลิกา, แร่","พระราชบัญญัติแร่, กฎกระทรวง, ทรัพยากรแร่, อุตสาหกรรมพื้นบ้าน","G4, G6, G8, J1, J2",-,"เหตุผล: กฎกระทรวงนี้กำหนดนิยามของ ""แร่"" ตามมาตรา 4 แห่ง พ.ร.บ.แร่ (4. สินค้าที่ควบคุม: หินประดับ หิน/ดิน/ทรายอุตสาหกรรม) โดย 1. ผู้ถูกบังคับใช้หลักคือ ผู้ประกอบการเหมืองหิน (G4) และกิจการบ่อดิน/ท่าทราย (G6) ที่ต้องขออนุญาตทำเหมือง 2. ผู้มีส่วนได้เสียแฝงและ 3.2) ผู้ได้รับผลกระทบสืบเนื่องทางกฎหมายในห่วงโซ่อุปทานปลายน้ำ: โรงงานแก้ว/เซรามิก (J1) และโรงงานแปรรูปหิน/ปูนซีเมนต์ (J2) 5. ข้อยกเว้น: ดินมาร์ลและดินเหนียวสีที่นำไปใช้ในงานหัตถกรรมหรืออุตสาหกรรมพื้นบ้าน 4. ผู้มีส่วนได้เสียแฝงกลางน้ำ: ผู้ซื้อขายและขนส่งแร่ (G8) เนื่องจากเมื่อหิน ดิน หรือทรายเหล่านี้ถูกประกาศให้มีสถานะเป็น ""แร่"" อย่างเป็นทางการ การครอบครอง ซื้อขาย และขนส่งวัตถุดิบดังกล่าวจึงถูกบังคับให้อยู่ภายใต้ พ.ร.บ.แร่ (เช่น ต้องมีใบอนุญาตซื้อขายแร่ หรือใบพาส/ใบขนแร่) ทันที",100%,-
8,100008,ประกาศคณะกรรมการบริหารศาลยุติธรรม เรื่อง กำหนดให้มีสำนักอำนวยการประจำศาลและสำนักงานประจำศาล (ฉบับที่ ๓๑),https://ratchakitcha.soc.go.th/documents/17120014.pdf,บังคับใช้,,,,14,กุมภาพันธ์,2563,1 เมษายน 2563,-,ประกาศ,"พระราชบัญญัติระเบียบบริหารราชการศาลยุติธรรม พ.ศ. 2543 มาตรา 7 วรรคสาม, ประกาศคณะกรรมการบริหารศาลยุติธรรม เรื่อง การแบ่งส่วนราชการภายในและกำหนดอำนาจหน้าที่ของส่วนราชการในสังกัดสำนักงานศาลยุติธรรม พ.ศ. 2559 ข้อ 4 (37)",สำนักงานศาลยุติธรรม,-,เชียงดาว,เชียงใหม่,กำหนดให้เปิดทำการสำนักงานประจำศาลแขวงเชียงดาว เพื่อสนับสนุนและอำนวยความสะดวกให้แก่ศาลยุติธรรม,ประชาชน ผู้ประกอบการ หรือผู้ที่มีอรรถคดีในเขตอำนาจศาลแขวงเชียงดาว สามารถติดต่อราชการหรือยื่นเอกสารทางคดีได้ที่สำนักงานประจำศาลแขวงเชียงดาวตั้งแต่วันที่เปิดทำการเป็นต้นไป,🔵 ฟ้า,-,ไม่มี,ราชกิจจานุเบกษา เล่ม 137 ตอนที่ 13 ก หน้า 17,-,,ส่วนราชการในสังกัดสำนักงานศาลยุติธรรม,"กำหนดให้มีสำนักงานประจำศาล, เปิดทำการ","สำนักงานประจำศาล, ศาลยุติธรรม","พระราชบัญญัติระเบียบบริหารราชการศาลยุติธรรม, คณะกรรมการบริหารศาลยุติธรรม, สำนักงานศาลยุติธรรม",-,CC4,ประกาศนี้เป็นเรื่องการบริหารราชการและแบ่งส่วนราชการภายในของศาลยุติธรรม โดยกำหนดให้เปิดทำการสำนักงานประจำศาลแขวงเชียงดาว 1) ผู้ถูกบังคับใช้หลักคือ สำนักงานศาลยุติธรรมและบุคลากรของศาลยุติธรรม 2) ไม่มีธุรกิจหรือเอกชนรายใดถูกบังคับใช้ในลักษณะ Core Business จึงใส่เครื่องหมาย - ไว้ 3) หมวดสนับสนุนจัดเป็น CC4 เนื่องจากเป็นการใช้อำนาจตามพระราชบัญญัติระเบียบบริหารราชการศาลยุติธรรม พ.ศ. 2543,100%,-
9,100009,ประกาศคณะกรรมการบริหารศาลยุติธรรม เรื่อง เปลี่ยนแปลงสถานที่ตั้งของศาลแขวงพระนครเหนือชั่วคราว,https://ratchakitcha.soc.go.th/documents/17120015.pdf,บังคับใช้,,,,14,กุมภาพันธ์,2563,16 มีนาคม 2563,-,ประกาศ,พระธรรมนูญศาลยุติธรรม มาตรา 4 วรรคสาม,สำนักงานศาลยุติธรรม,-,-,กรุงเทพมหานคร,กำหนดเปลี่ยนแปลงสถานที่ตั้งของศาลแขวงพระนครเหนือเป็นการชั่วคราว โดยย้ายจากที่ทำการเดิมถนนรัชดาภิเษก เขตจตุจักร ไปยังอาคารราชบุรีดิเรกฤทธิ์ ศูนย์ราชการเฉลิมพระเกียรติฯ ถนนแจ้งวัฒนะ เขตหลักสี่ กรุงเทพมหานคร,ผู้ที่มีอรรถคดี ทนายความ หรือผู้ที่ต้องติดต่อราชการกับศาลแขวงพระนครเหนือ จะต้องเดินทางไปติดต่อและยื่นเอกสาร ณ สถานที่ทำการชั่วคราวแห่งใหม่ที่ศูนย์ราชการเฉลิมพระเกียรติฯ ถนนแจ้งวัฒนะ ตั้งแต่วันที่ 16 มีนาคม 2563 เป็นต้นไป,⚪️ เทา,-,ไม่มี,ราชกิจจานุเบกษา เล่ม 137 ตอนที่ 13 ก หน้า 18,-,,ประชาชนและบุคลากรผู้มาติดต่อราชการศาลแขวงพระนครเหนือ,"เปลี่ยนแปลงสถานที่ตั้ง, ย้ายที่ทำการ","ศาลแขวงพระนครเหนือ, ที่ทำการศาล, ศาลยุติธรรม","พระธรรมนูญศาลยุติธรรม, คณะกรรมการบริหารศาลยุติธรรม",-,CC4,ประกาศนี้เป็นการบริหารจัดการสถานที่ตั้งของศาลยุติธรรม โดยเปลี่ยนแปลงที่ตั้งของศาลแขวงพระนครเหนือไปยังศูนย์ราชการเฉลิมพระเกียรติฯ เป็นการชั่วคราว 1) ผู้ถูกบังคับใช้หลักคือ สำนักงานศาลยุติธรรมและบุคลากรของศาล 2) ผู้มีส่วนได้เสียที่ได้รับผลกระทบคือ ทนายความ ผู้ประกอบวิชาชีพกฎหมาย และคู่ความที่ต้องเดินทางไปติดต่อราชการศาล 3) ไม่มีเอกชนหรือธุรกิจใดถูกควบคุมในลักษณะ Core Business จึงระบุเป็น - 4) หมวดสนับสนุนจัดเข้า CC4 (ศาลยุติธรรม) เนื่องจากเป็นการใช้อำนาจตามพระธรรมนูญศาลยุติธรรมในการกำหนดสถานที่ทำการศาล,100%,-
10,100010,ประกาศคณะกรรมการบริหารศาลยุติธรรม เรื่อง เปลี่ยนแปลงสถานที่ตั้งของศาลแรงงานภาค ๖,https://ratchakitcha.soc.go.th/documents/17120016.pdf,บังคับใช้,,,,14,กุมภาพันธ์,2563,1 เมษายน 2563,-,ประกาศ,พระธรรมนูญศาลยุติธรรม มาตรา 4 วรรคสาม,สำนักงานศาลยุติธรรม,-,เมืองนครสวรรค์,นครสวรรค์,กำหนดเปลี่ยนแปลงสถานที่ตั้งของศาลแรงงานภาค 5 โดยย้ายไปยังอาคารที่ทำการหลังใหม่ ตำบลนครสวรรค์ออก อำเภอเมืองนครสวรรค์ จังหวัดนครสวรรค์,ผู้ที่มีอรรถคดี ทนายความ หรือประชาชนที่ต้องการติดต่อราชการกับศาลแรงงานภาค 5 จะต้องเดินทางไปติดต่อหรือยื่นเอกสารทางคดี ณ อาคารที่ทำการหลังใหม่ ตั้งแต่วันที่ 1 เมษายน 2563 เป็นต้นไป,⚪️ เทา,-,ไม่มี,ราชกิจจานุเบกษา เล่ม 137 ตอนที่ 13 ก หน้า 19,-,,ประชาชนและบุคลากรผู้มาติดต่อราชการศาลแรงงาน,"เปลี่ยนแปลงสถานที่ตั้ง, ย้ายที่ทำการ","ศาลแรงงานภาค 5, ที่ทำการศาล, ศาลยุติธรรม","พระธรรมนูญศาลยุติธรรม, คณะกรรมการบริหารศาลยุติธรรม",-,CC4,ประกาศนี้เป็นการบริหารจัดการสถานที่ตั้งของศาลยุติธรรม โดยเปลี่ยนแปลงที่ตั้งของศาลแรงงานภาค 5 ไปยังอาคารที่ทำการหลังใหม่ 1) ผู้ถูกบังคับใช้หลักคือ สำนักงานศาลยุติธรรมและบุคลากรของศาล 2) ผู้มีส่วนได้เสียที่ได้รับผลกระทบคือ นายจ้าง ลูกจ้าง ทนายความ และคู่ความที่ต้องเดินทางไปติดต่อคดีแรงงาน 3) ไม่มีเอกชนหรือธุรกิจใดถูกควบคุมในลักษณะ Core Business จึงระบุเป็น - 4) หมวดสนับสนุนจัดเข้า CC4 (ศาลยุติธรรม) เนื่องจากเป็นการใช้อำนาจตามพระธรรมนูญศาลยุติธรรมในการกำหนดสถานที่ทำการศาล,100%,-
11,100011,ประกาศคณะกรรมการบริหารศาลยุติธรรม เรื่อง เปลี่ยนแปลงสถานที่ตั้งของศาลเยาวชนและครอบครัวจังหวัดอ่างทอง,https://ratchakitcha.soc.go.th/documents/17120017.pdf,บังคับใช้,,,,14,กุมภาพันธ์,2563,21 กุมภาพันธ์ 2563,-,ประกาศ,พระธรรมนูญศาลยุติธรรม มาตรา 4 วรรคสาม,สำนักงานศาลยุติธรรม,-,เมืองอ่างทอง,อ่างทอง,กำหนดเปลี่ยนแปลงสถานที่ตั้งของศาลเยาวชนและครอบครัวจังหวัดอ่างทอง โดยย้ายไปที่อาคารที่ทำการหลังใหม่ ตำบลบางแก้ว อำเภอเมืองอ่างทอง จังหวัดอ่างทอง,ประชาชน ทนายความ และผู้ที่มีอรรถคดีที่ต้องการติดต่อราชการกับศาลเยาวชนและครอบครัวจังหวัดอ่างทอง จะต้องเดินทางไปติดต่อและยื่นเอกสารทางคดี ณ อาคารที่ทำการหลังใหม่ ตั้งแต่วันที่ 21 กุมภาพันธ์ 2563 เป็นต้นไป,⚪️ เทา,-,ไม่มี,ราชกิจจานุเบกษา เล่ม 137 ตอนที่ 13 ก หน้า 20,-,,ประชาชนและบุคลากรผู้มาติดต่อราชการศาลเยาวชนและครอบครัวจังหวัดอ่างทอง,"เปลี่ยนแปลงสถานที่ตั้ง, ย้ายที่ทำการ","ศาลเยาวชนและครอบครัวจังหวัดอ่างทอง, ที่ทำการศาล, ศาลยุติธรรม","พระธรรมนูญศาลยุติธรรม, คณะกรรมการบริหารศาลยุติธรรม",-,CC4,ประกาศนี้เป็นการบริหารจัดการสถานที่ตั้งของศาลยุติธรรม โดยเปลี่ยนแปลงที่ตั้งของศาลเยาวชนและครอบครัวจังหวัดอ่างทองไปยังอาคารที่ทำการหลังใหม่ 1) ผู้ถูกบังคับใช้หลักคือ สำนักงานศาลยุติธรรมและบุคลากรของศาล 2) ผู้มีส่วนได้เสียที่ได้รับผลกระทบคือ คู่ความ ทนายความ และประชาชนที่ต้องเดินทางไปติดต่อคดี 3) ไม่มีเอกชนหรือธุรกิจใดถูกควบคุมในลักษณะ Core Business จึงระบุเป็น - 4) หมวดสนับสนุนจัดเข้า CC4 (ศาลยุติธรรม) เนื่องจากเป็นการใช้อำนาจตามพระธรรมนูญศาลยุติธรรมในการกำหนดสถานที่ทำการศาล,100%,-
12,100012,ประกาศคณะกรรมการข้าราชการฝ่ายศาลปกครอง เรื่อง มาตรฐานกำหนดตำแหน่งและการจัดตำแหน่งข้าราชการฝ่ายศาลปกครองเข้าประเภทตำแหน่ง สายงาน และระดับตำแหน่งตามมาตรฐานกำหนดตำแหน่ง (ฉบับที่ ๒) พ.ศ. ๒๕๖๓,https://ratchakitcha.soc.go.th/documents/17120018.pdf,บังคับใช้,รอตรวจสอบจากฐานข้อมูล,-,ประกาศคณะกรรมการข้าราชการฝ่ายศาลปกครอง เรื่อง มาตรฐานกำหนดตำแหน่งและการจัดตำแหน่งข้าราชการฝ่ายศาลปกครองเข้าประเภทตำแหน่ง สายงาน และระดับตำแหน่งตามมาตรฐานกำหนดตำแหน่ง ลงวันที่ ๙ พฤศจิกายน ๒๕๖๑ (ข้อ ๓.๓),14,กุมภาพันธ์,2563,15 กุมภาพันธ์ 2563,-,ประกาศ,"พระราชบัญญัติจัดตั้งศาลปกครองและวิธีพิจารณาคดีปกครอง พ.ศ. 2542 มาตรา 85, พระราชบัญญัติระเบียบข้าราชการพลเรือน พ.ศ. 2551 มาตรา 45, พระราชบัญญัติระเบียบข้าราชการพลเรือน พ.ศ. 2551 มาตรา 46, พระราชบัญญัติระเบียบข้าราชการพลเรือน พ.ศ. 2551 มาตรา 48, กฎ ก.พ. ว่าด้วยหลักเกณฑ์การจัดประเภทตำแหน่งและระดับตำแหน่ง พ.ศ. 2551",สำนักงานศาลปกครอง,-,-,-,ยกเลิกความเดิมและปรับปรุงบัญชีมาตรฐานกำหนดตำแหน่งและการจัดตำแหน่งข้าราชการฝ่ายศาลปกครอง เพื่อกำหนดระดับตำแหน่งของประเภทวิชาการ สายงานนักวิชาการคอมพิวเตอร์ใหม่ให้มีความเหมาะสมและสอดคล้องกับลักษณะการปฏิบัติงาน,ข้าราชการฝ่ายศาลปกครองสายงานนักวิชาการคอมพิวเตอร์และหน่วยงานที่รับผิดชอบด้านบริหารบุคคลของศาลปกครอง จะต้องรับทราบและปฏิบัติตามการจัดระดับตำแหน่งใหม่ให้เป็นไปตามมาตรฐานที่ประกาศแก้ไขนี้,⚪️ เทา,-,ไม่มี,ราชกิจจานุเบกษา เล่ม 137 ตอนที่ 13 ก หน้า 21,-,,ข้าราชการฝ่ายศาลปกครอง,"กำหนดมาตรฐานตำแหน่ง, จัดตำแหน่ง, ปรับปรุงมาตรฐาน, ยกเลิกข้อความ","ข้าราชการฝ่ายศาลปกครอง, ตำแหน่งนักวิชาการคอมพิวเตอร์","พระราชบัญญัติจัดตั้งศาลปกครองและวิธีพิจารณาคดีปกครอง, พระราชบัญญัติระเบียบข้าราชการพลเรือน, คณะกรรมการข้าราชการฝ่ายศาลปกครอง",-,"CC6, CC12",ประกาศนี้เป็นการปรับปรุงมาตรฐานและจัดตำแหน่งข้าราชการฝ่ายศาลปกครอง (สายงานนักวิชาการคอมพิวเตอร์) ให้สอดคล้องกับลักษณะการปฏิบัติงาน 1) ผู้ถูกบังคับใช้หลักคือ สำนักงานศาลปกครองและข้าราชการฝ่ายศาลปกครอง 2) ไม่มีธุรกิจหรือเอกชนรายใดถูกบังคับใช้ในลักษณะ Core Business จึงใส่เครื่องหมาย - ไว้ 3) หมวดสนับสนุนจัดเป็น CC12 (ศาลปกครองและคดีปกครอง) และ CC6 (บุคลากรภาครัฐและข้าราชการพลเรือน) เนื่องจากเป็นการใช้อำนาจตาม พ.ร.บ.จัดตั้งศาลปกครองฯ และ พ.ร.บ.ระเบียบข้าราชการพลเรือน ในการบริหารงานบุคคลภาครัฐ,100%,
13,100013,คำวินิจฉัยของศาลรัฐธรรมนูญ คำวินิจฉัยที่ ๑/๒๕๖๓ เรื่อง คำร้องขอให้ศาลรัฐธรรมนูญวินิจฉัยตามรัฐธรรมนูญ มาตรา ๔๙ ,https://ratchakitcha.soc.go.th/documents/17120019.pdf,บังคับใช้ ,,,,14,กุมภาพันธ์,2563,14 กุมภาพันธ์ 2563,-,คำวินิจฉัยศาลรัฐธรรมนูญ,,ศาลรัฐธรรมนูญ,-,-,-,ศาลรัฐธรรมนูญวินิจฉัยว่า การกระทำของพรรคอนาคตใหม่และคณะกรรมการบริหารพรรคในการจัดทำข้อบังคับ นโยบาย และสัญลักษณ์ของพรรค ไม่ปรากฏข้อเท็จจริงเพียงพอที่แสดงให้เห็นว่าเป็นการใช้สิทธิหรือเสรีภาพเพื่อล้มล้างการปกครองระบอบประชาธิปไตยอันมีพระมหากษัตริย์ทรงเป็นประมุขตามรัฐธรรมนูญ มาตรา 49 วรรคหนึ่ง,ผู้ก่อตั้งพรรคการเมืองและผู้เกี่ยวข้องควรระมัดระวังในการกำหนดข้อบังคับและนโยบายพรรคการเมือง โดยต้องใช้ถ้อยคำให้ชัดเจน ไม่คลุมเครือ และต้องสอดคล้องกับระบอบประชาธิปไตยอันมีพระมหากษัตริย์ทรงเป็นประมุข เพื่อป้องกันการถูกร้องเรียนว่ามีลักษณะเป็นปฏิปักษ์ต่อการปกครอง,⚪️ เทา,-,ไม่มี,ราชกิจจานุเบกษา เล่ม 137 ตอนที่ 13 ก หน้า 22,-,,พรรคการเมืองและผู้ดำรงตำแหน่งทางการเมือง,"วินิจฉัย, ยื่นคำร้อง, จดทะเบียนจัดตั้งพรรคการเมือง, ออกข้อบังคับพรรค","พรรคการเมือง, คำวินิจฉัยศาลรัฐธรรมนูญ","รัฐธรรมนูญแห่งราชอาณาจักรไทย, ศาลรัฐธรรมนูญ, ล้มล้างการปกครอง, พระราชบัญญัติประกอบรัฐธรรมนูญว่าด้วยพรรคการเมือง",-,"CE1, CB5, CC7",เอกสารนี้คือคำวินิจฉัยศาลรัฐธรรมนูญที่ 1/2563 (CE1) ซึ่งพิจารณาวินิจฉัยว่าพรรคการเมืองและผู้บริหารพรรค (CB5) กระทำการใช้สิทธิหรือเสรีภาพเพื่อล้มล้างการปกครองระบอบประชาธิปไตยอันมีพระมหากษัตริย์ทรงเป็นประมุข (CC7) ตามรัฐธรรมนูญ มาตรา 49 หรือไม่ 1) ผู้ถูกบังคับใช้/ผู้เกี่ยวข้องหลักคือ พรรคการเมือง คณะกรรมการบริหารพรรค และนายทะเบียนพรรคการเมือง 2) ไม่มีธุรกิจเชิงพาณิชย์ (Core Business) ใดถูกบังคับใช้หรือได้รับผลกระทบโดยตรงจากการวินิจฉัยนี้ จึงระบุเป็น - 3) หมวดสนับสนุนจัดเข้า CE1 (คำวินิจฉัยศาลรัฐธรรมนูญ) เป็นหลัก โดยมีประเด็นผูกพันกับข้อบังคับพรรคการเมือง (CB5) ตาม พ.ร.บ.ประกอบรัฐธรรมนูญว่าด้วยพรรคการเมือง พ.ศ. 2560,100%,ศาลรัฐธรรมนูญมีคำวินิจฉัยว่าการกระทำของผู้ถูกร้องไม่เป็นการล้มล้างการปกครองระบอบประชาธิปไตยอันมีพระมหากษัตริย์ทรงเป็นประมุขตามรัฐธรรมนูญ มาตรา 49 วรรคหนึ่ง
14,100014,ระเบียบคณะกรรมการป้องกันและปราบปรามการฟอกเงิน ว่าด้วยการจัดให้มีการฝึกอบรมให้แก่ผู้มีหน้าที่รายงานตามมาตรา ๑๓ และมาตรา ๑๖ พ.ศ. ๒๕๖๓,https://ratchakitcha.soc.go.th/documents/17123237.pdf,บังคับใช้,,,,13,กุมภาพันธ์,2563,13 เมษายน 2563,-,ระเบียบ,"พระราชบัญญัติป้องกันและปราบปรามการฟอกเงิน พ.ศ. 2542 มาตรา 21/3 วรรคสาม, พระราชบัญญัติป้องกันและปราบปรามการฟอกเงิน พ.ศ. 2542 มาตรา 25 (5)","สำนักงานคณะกรรมการป้องกันและปราบปรามการฟอกเงิน (ปปง.), นายกรัฐมนตรี",-,-,-,กำหนดให้ผู้มีหน้าที่รายงานตามมาตรา 13 และ 16 ต้องส่งเจ้าหน้าที่ที่เกี่ยวข้องกับการทำรายงานธุรกรรมหรือตรวจสอบข้อเท็จจริงลูกค้า เข้ารับการฝึกอบรมหลักสูตรการป้องกันและปราบปรามการฟอกเงินไม่น้อยกว่า 6 ชั่วโมง โดยต้องอบรมภายใน 30 วันนับแต่เริ่มปฏิบัติงาน,"1. จัดส่งพนักงานที่เกี่ยวข้องกับการจัดทำรายงานธุรกรรมและตรวจสอบลูกค้าเข้ารับการฝึกอบรมหลักสูตรมาตรฐาน ปปง. (ไม่น้อยกว่า 6 ชั่วโมง) ภายใน 30 วันนับแต่เริ่มปฏิบัติงาน 

2. หากเป็นพนักงานเดิมที่ยังไม่เคยผ่านการอบรม ต้องเข้ารับการอบรมให้แล้วเสร็จภายใน 240 วันนับแต่วันที่ระเบียบมีผลบังคับใช้ 

3. ต้องจัดเก็บสำเนาหลักฐานการผ่านการอบรมไว้ที่สถานที่ประกอบกิจการด้วยวิธีที่ปลอดภัย เพื่อเตรียมพร้อมให้สำนักงานตรวจสอบ",โทษเชื่อมโยงจากกฎหมายแม่,รอเชื่อมโยง: พระราชบัญญัติป้องกันและปราบปรามการฟอกเงิน พ.ศ. ๒๕๔๒ มาตรา ๒๑/๓ วรรคสาม และมาตรา ๒๕ (๕),หนังสือแสดงความจำนง (สำหรับนิติบุคคลที่ประสงค์จัดการฝึกอบรม),ราชกิจจานุเบกษา เล่ม ๑๓๗ ตอนพิเศษ ๓๔ ง หน้า ๑,"มาตรฐานหลักสูตรด้านการป้องกันและปราบปรามการฟอกเงิน, แบบฟอร์มนำส่งรายชื่อผู้ผ่านการฝึกอบรมตามที่สำนักงานกำหนด",,"ผู้มีหน้าที่รายงานตามมาตรา ๑๓ และมาตรา ๑๖, นิติบุคคลที่ประสงค์จะจัดการฝึกอบรม","จัดการฝึกอบรม, เข้ารับการฝึกอบรม, จัดทำรายงานการทำธุรกรรม, ตรวจสอบเพื่อทราบข้อเท็จจริงเกี่ยวกับลูกค้า","หลักสูตรการฝึกอบรม, แบบทดสอบความรู้, รายงานการทำธุรกรรม","ป้องกันและปราบปรามการฟอกเงิน, สนับสนุนทางการเงินแก่การก่อการร้าย, ผู้มีหน้าที่รายงานตามมาตรา ๑๓ และมาตรา ๑๖, นิติบุคคลที่ได้รับความเห็นชอบ","AK1, AB5, AF3, BO9, AM19","CC20, BU8","กฎหมายบังคับโดยตรงให้ผู้มีหน้าที่รายงานตามมาตรา 13 เช่น สถาบันการเงิน (AK1) และตามมาตรา 16 เช่น ร้านทอง (AB5), นายหน้าอสังหาฯ (AF3), ผู้ค้าของเก่าและเต็นท์รถ (BO9) ต้องจัดให้เจ้าหน้าที่เข้ารับการฝึกอบรมด้านการป้องกันการฟอกเงิน (CC20, BU8) และเป็นการสร้าง Ecosystem ให้บริษัทจัดฝึกอบรมเอกชน (AM19) สามารถยื่นขอรับความเห็นชอบเป็นผู้จัดการฝึกอบรมได้",100%,ยกเลิกระเบียบคณะกรรมการป้องกันและปราบปรามการฟอกเงินฯ พ.ศ. 2559 (ข้อ 3) โดยมีบทเฉพาะกาลให้ผู้ที่ผ่านการฝึกอบรมหลักสูตรมาตรฐานก่อนวันที่ระเบียบนี้ใช้บังคับ ถือเป็นผู้ผ่านการฝึกอบรมตามระเบียบนี้แล้ว (ข้อ 13)
15,100015,ระเบียบสำนักงานคณะกรรมการอาหารและยา ว่าด้วยการดำเนินการเกี่ยวกับเลขสารบบอาหาร (ฉบับที่ ๓) พ.ศ. ๒๕๖๓,https://ratchakitcha.soc.go.th/documents/17119690.pdf,บังคับใช้,รอตรวจสอบจากฐานข้อมูล, -,ระเบียบสำนักงานคณะกรรมการอาหารและยา ว่าด้วยการดำเนินการเกี่ยวกับเลขสารบบอาหาร พ.ศ. ๒๕๖๒ (ข้อ ๗),12,กุมภาพันธ์,2563,13 กุมภาพันธ์ 2563,-,ระเบียบ,"พระราชบัญญัติอาหาร พ.ศ. ๒๕๒๒ มาตรา ๔, พระราชบัญญัติระเบียบบริหารราชการแผ่นดิน พ.ศ. ๒๕๓๔ มาตรา ๓๒, พระราชบัญญัติระเบียบบริหารราชการแผ่นดิน พ.ศ. ๒๕๓๔ มาตรา ๓๖, ประกาศกระทรวงสาธารณสุข (ฉบับที่ ๓๖๗) พ.ศ. ๒๕๕๗ ข้อ ๗","สำนักงานคณะกรรมการอาหารและยา (อย.), กระทรวงสาธารณสุข",-,-,-,เป็นการแก้ไขเพิ่มเติมระเบียบเดิมเกี่ยวกับการดำเนินการเลขสารบบอาหาร โดยกำหนดข้อห้ามไม่ให้ใช้ชื่ออาหารที่เคยถูกเพิกถอนหรืออยู่ระหว่างขั้นตอนการยกเลิกเลขสารบบอาหารมายื่นขอรับเลขสารบบอาหารใหม่,ผู้ขอรับเลขสารบบอาหารต้องตรวจสอบชื่ออาหารที่จะยื่นขออย่างระมัดระวัง เพื่อให้แน่ใจว่าชื่อนั้นไม่ได้ถูกสั่งยกเลิกหรืออยู่ในกระบวนการเพิกถอนเลขสารบบอาหารตามที่กฎหมายกำหนด,โทษเชื่อมโยงจากกฎหมายแม่,รอเชื่อมโยง: พระราชบัญญัติอาหาร พ.ศ. 2522 มาตรา 4,เลขสารบบอาหาร,ราชกิจจานุเบกษา เล่ม 137 ตอนพิเศษ ง,ประกาศกระทรวงสาธารณสุข (ฉบับที่ 367) พ.ศ. 2557 เรื่อง การแสดงฉลากของอาหารในภาชนะบรรจุ,,ผู้ประกอบธุรกิจอาหาร ผู้ขอรับเลขสารบบอาหาร,"ขอรับเลขสารบบอาหาร, กำหนดชื่ออาหาร, ยกเลิกเลขสารบบอาหาร","อาหารในภาชนะบรรจุ, เครื่องดื่ม","เลขสารบบอาหาร, อย., พระราชบัญญัติอาหาร, วิธีปฏิบัติราชการทางปกครอง","D1, D2, D3, D4, D5, D6, D7, E1, E2, E3, AA1, AB1, AB2, AB7","BO3, CC17, CC24","กระบวนการคิด:

1) ผู้ถูกบังคับใช้หลัก: ผู้ผลิต (D1-D7, E1-E3) และผู้นำเข้าอาหาร (AA1) รวมถึงผู้ว่าจ้างผลิต/เจ้าของแบรนด์ในกลุ่มค้าปลีกค้าส่ง (AB1, AB2, AB7) ที่เป็นผู้ยื่นคำขอรับเลขสารบบอาหาร (อย.)

2) ผู้ให้บริการใน Ecosystem: ห้องปฏิบัติการทดสอบและที่ปรึกษาการขึ้นทะเบียนอาหาร

3) ผู้รับผลกระทบสืบเนื่อง: ผู้บริโภคทั่วไป (BO3)

4) สินค้า/บริการที่ถูกควบคุม: การตั้งชื่ออาหารบนฉลากเพื่อขอรับเลขสารบบอาหารสำหรับอาหารในภาชนะบรรจุ

5) ข้อยกเว้น: ร้านอาหารปรุงสดหรือแผงลอยที่จำหน่ายทันที ได้รับยกเว้นไม่ต้องขอเลขสารบบอาหารตามประกาศกระทรวงสาธารณสุข ฉบับที่ 367


สรุปผลการวิเคราะห์เปรียบเทียบ: ระเบียบฉบับนี้บังคับใช้กับกลุ่มธุรกิจ ""เหมือนกับระเบียบปี 2562 ทุกประการ"" เนื่องจากเป็นการแก้ไขเพิ่มเติมเฉพาะข้อ 7 วรรคท้าย ของระเบียบเดิมเท่านั้น เพื่ออุดช่องโหว่ทางกฎหมาย 

[D1, D2, D3, D4, D5, D6, D7, E1, E2, E3]: [Direct Duty] ผู้ผลิตอาหารและเครื่องดื่มบรรจุสำเร็จ ต้องไม่ใช้ชื่ออาหารที่ถูกคำสั่งยกเลิกเลขสารบบอาหาร หรืออยู่ระหว่างกระบวนการพิจารณาทางปกครอง มายื่นขอรับเลขใหม่ (ข้อ 3) 

[AA1]: [Direct Duty] ผู้นำเข้าสินค้าและอาหาร ต้องปฏิบัติตามเกณฑ์ข้อห้ามการตั้งชื่ออาหารเพื่อขอเลขสารบบอาหาร (ข้อ 3) 

[AB1, AB2, AB7]: [Direct Duty] ผู้ค้าปลีก ผู้ค้าส่ง และร้านค้าออนไลน์ ในกรณีที่เป็นผู้ขอขึ้นทะเบียนเลขสารบบอาหารในแบรนด์ของตนเอง (OEM) ต้องปฏิบัติตามข้อกำหนดนี้อย่างเคร่งครัด (ข้อ 3) 

[BO3]: [Support] เป็นการใช้อำนาจทางปกครองเพื่อคุ้มครองผู้บริโภคไม่ให้เกิดความสับสนหรือถูกหลอกลวงจากชื่ออาหารที่ถูกเพิกถอนไปแล้ว (ข้อ 3) 

[CC17]: [Support] กระบวนการยกเลิกเลขสารบบอาหารอ้างอิงขั้นตอนตามกฎหมายว่าด้วยวิธีปฏิบัติราชการทางปกครอง (ข้อ 3) 

[CC24]: ให้ทบทวนรหัสนี้อีกครั้ง เนื่องจากไม่มีเนื้อหาเกี่ยวกับการจัดเก็บรายได้ ค่าธรรมเนียม หรือวินัยการเงินการคลังภาครัฐในระเบียบฉบับนี้",100%,
16,100016,พระราชกฤษฎีกาออกตามความในประมวลรัษฎากร ว่าด้วยการยกเว้นรัษฎากร (ฉบับที่ ๖๙๑) พ.ศ. ๒๕๖๓,https://ratchakitcha.soc.go.th/documents/17117978.pdf,สิ้นผล,,,,7,กุมภาพันธ์,2563,8 กุมภาพันธ์ 2563,31  ธันวาคม  2562,พระราชกฤษฎีกา,ประมวลรัษฎากร,กรมสรรพากร,-,-,-,ยกเว้นภาษีเงินได้ ภาษีมูลค่าเพิ่ม ภาษีธุรกิจเฉพาะ และอากรแสตมป์ สำหรับการบริจาคผ่านระบบบริจาคอิเล็กทรอนิกส์ให้แก่สถานศึกษาตามสนธิสัญญาระหว่างรัฐบาลไทยกับทบวงการชำนัญพิเศษแห่งสหประชาชาติ ที่กระทำระหว่างวันที่ 1 มกราคม พ.ศ. 2562 ถึงวันที่ 31 ธันวาคม พ.ศ. 2562 โดยบุคคลธรรมดาและนิติบุคคลสามารถหักลดหย่อนได้ 2 เท่าของจำนวนเงินหรือรายจ่ายที่บริจาค แต่เมื่อรวมคำนวณแล้วต้องไม่เกินร้อยละ 10 ของเงินได้พึงประเมินหรือกำไรสุทธิ,นิติบุคคลและบุคคลธรรมดาสามารถนำรายจ่ายหรือเงินที่บริจาคผ่านระบบบริจาคอิเล็กทรอนิกส์ให้แก่สถานศึกษาตามที่ระบุในช่วงปี พ.ศ. 2562 มาหักเป็นค่าใช้จ่ายในการลดหย่อนภาษีได้ 2 เท่า โดยผู้ประกอบการต้องระวังไม่ให้ยอดลดหย่อนเกินร้อยละ 10 ของกำไรสุทธิก่อนหักรายจ่ายเพื่อการกุศล และห้ามนำต้นทุนของทรัพย์สินหรือสินค้าที่ได้รับยกเว้นภาษีมาหักเป็นค่าใช้จ่ายซ้ำซ้อนในการคำนวณภาษี,🟡 เหลือง,เสียสิทธิประโยชน์ / ผลทางนิติกรรม,ไม่มี,ราชกิจจานุเบกษา เล่ม 137 ตอนที่ 12 ก,ระบบบริจาคอิเล็กทรอนิกส์ (e-Donation),,บุคคลธรรมดา บริษัท หรือห้างหุ้นส่วนนิติบุคคล ที่บริจาคเงินหรือทรัพย์สิน,"บริจาค, โอนทรัพย์สิน, ขายสินค้า, ยกเว้นภาษี, หักลดหย่อนภาษี","เงินบริจาค, ทรัพย์สิน, สินค้า","ยกเว้นรัษฎากร, ระบบบริจาคอิเล็กทรอนิกส์, ภาษีเงินได้, ภาษีมูลค่าเพิ่ม, ภาษีธุรกิจเฉพาะ, อากรแสตมป์, สถานศึกษาตามสนธิสัญญา",-,"BW2, BW3, BW4, BW5, BW14",เป็นมาตรการให้สิทธิประโยชน์ด้านการยกเว้นรัษฎากร (BW14) แก่บุคคลธรรมดา (BW4) และนิติบุคคล (BW2) ทุกประเภทธุรกิจที่บริจาคเงินหรือทรัพย์สินผ่านระบบ e-Donation ให้สถานศึกษาตามสนธิสัญญากับ UN โดยให้สิทธิหักลดหย่อนภาษีได้ 2 เท่า รวมถึงให้สิทธิยกเว้นภาษีมูลค่าเพิ่ม (BW3) และยกเว้นภาษีธุรกิจเฉพาะและอากรแสตมป์ (BW5) สำหรับการกระทำตราสาร โอนทรัพย์สิน หรือขายสินค้าเพื่อการบริจาคดังกล่าว,100%,มีผลบังคับใช้ให้สิทธิประโยชน์สำหรับการบริจาคที่ได้กระทำตั้งแต่วันที่ 1 มกราคม พ.ศ. 2562 ถึงวันที่ 31 ธันวาคม พ.ศ. 2562
17,100017,พระราชกฤษฎีกาออกตามความในประมวลรัษฎากร ว่าด้วยการยกเว้นรัษฎากร (ฉบับที่ ๖๙๒) พ.ศ. ๒๕๖๓,https://ratchakitcha.soc.go.th/documents/17117979.pdf,สิ้นผล,,,,7,กุมภาพันธ์,2563,8 กุมภาพันธ์ 2563,31  ธันวาคม  2563,พระราชกฤษฎีกา, ประมวลรัษฎากร มาตรา 3 (1),กระทรวงการคลัง,-,-,-,ยกเว้นภาษีเงินได้ให้แก่บริษัทหรือห้างหุ้นส่วนนิติบุคคลขนาดใหญ่ (สินทรัพย์ถาวรไม่รวมที่ดินเกิน 200 ล้านบาท และจ้างงานเกิน 200 คน) เป็นจำนวน 2 เท่าของรายจ่ายที่ได้จ่ายเพื่อส่งเสริมกิจการให้แก่นิติบุคคลขนาดเล็ก (สินทรัพย์ถาวรไม่รวมที่ดินไม่เกิน 200 ล้านบาท และจ้างงานไม่เกิน 200 คน) สำหรับรอบระยะเวลาบัญชีที่เริ่มในหรือหลังวันที่ 1 มกราคม พ.ศ. 2562 แต่ไม่เกินวันที่ 31 ธันวาคม พ.ศ. 2563,"นิติบุคคลขนาดใหญ่สามารถนำรายจ่ายที่ใช้สนับสนุนกิจการขนาดเล็ก (เช่น ค่าธรรมเนียมค้ำประกันสินเชื่อ, การถ่ายทอดความรู้, การวิจัยและพัฒนาเทคโนโลยี, การลดต้นทุน, หรือส่งเสริมการตลาด) มาหักลดหย่อนภาษีได้ 2 เท่า โดยต้องไม่มีความสัมพันธ์ด้านผู้ถือหุ้นหรืออำนาจการจัดการระหว่างกันตามที่กฎหมายกำหนด และเมื่อรวมคำนวณรายจ่ายลดหย่อนแล้วต้องระวังไม่ให้เกินร้อยละ 10 ของกำไรสุทธิก่อนหักรายจ่ายเพื่อการกุศล",🟡 เหลือง,เสียสิทธิประโยชน์ / ผลทางนิติกรรม,ไม่มี,ราชกิจจานุเบกษา เล่ม 137 ตอนที่ 12 ก,เอกสารรับรองจากสภาอุตสาหกรรมแห่งประเทศไทย หรือสภาหอการค้าแห่งประเทศไทย,,บริษัทหรือห้างหุ้นส่วนนิติบุคคล,"ส่งเสริมการดำเนินกิจการ, ถ่ายทอดความรู้, วิจัยและพัฒนา, เพิ่มประสิทธิภาพในการผลิต, ส่งเสริมการตลาด, จ่ายค่าธรรมเนียมค้ำประกันสินเชื่อ","ภาษีเงินได้นิติบุคคล, สินทรัพย์ถาวร","ยกเว้นรัษฎากร, หักรายจ่ายเป็นจำนวนสองเท่า, วิสาหกิจขนาดกลางและขนาดย่อม, ความสัมพันธ์นิติบุคคล",-,"BW2, BW14, BX4",[BW2]: มาตรา 3 และมาตรา 4 กำหนดหลักเกณฑ์การคำนวณภาษีเงินได้นิติบุคคลของบริษัทหรือห้างหุ้นส่วนนิติบุคคล [BW14]: พระราชกฤษฎีกาทั้งฉบับและมาตรา 3 กำหนดสิทธิประโยชน์ยกเว้นภาษีเงินได้เป็นจำนวนสองเท่าของรายจ่าย [BX4]: มาตรา 3 และเหตุผลท้ายกฎหมายระบุเจตนารมณ์เพื่อสนับสนุนผู้ประกอบการวิสาหกิจขนาดกลางและขนาดย่อม (SMEs) ที่มีสินทรัพย์ถาวรไม่เกิน 200 ล้านบาทและจ้างงานไม่เกิน 200 คน,100%,บังคับใช้สำหรับรอบระยะเวลาบัญชีที่เริ่มในหรือหลังวันที่ 1 มกราคม 2562 แต่ไม่เกินวันที่ 31 ธันวาคม 2563 (อ้างอิงมาตรา 3)
18,100018,พระราชกฤษฎีกาว่าด้วยปริญญาในสาขาวิชา อักษรย่อสำหรับสาขาวิชา ครุยวิทยฐานะ เข็มวิทยฐานะ และครุยประจำตำแหน่งของมหาวิทยาลัยราชภัฏลำปาง พ.ศ. ๒๕๖๓,https://ratchakitcha.soc.go.th/documents/17117980.pdf,บังคับใช้,รอตรวจสอบจากฐานข้อมูล,"พระราชกฤษฎีกาว่าด้วยปริญญาในสาขาวิชา อักษรย่อสำหรับสาขาวิชา ครุยวิทยฐานะ เข็มวิทยฐานะ และครุยประจำตำแหน่งของมหาวิทยาลัยราชภัฏลำปาง พ.ศ. ๒๕๕๒, พระราชกฤษฎีกาว่าด้วยปริญญาในสาขาวิชา อักษรย่อสำหรับสาขาวิชา ครุยวิทยฐานะ เข็มวิทยฐานะ และครุยประจำตำแหน่งของมหาวิทยาลัยราชภัฏลำปาง (ฉบับที่ ๒) พ.ศ. ๒๕๕๘",-,7,กุมภาพันธ์,2563,8 กุมภาพันธ์ 2563,-,พระราชกฤษฎีกา,"รัฐธรรมนูญแห่งราชอาณาจักรไทย มาตรา ๑๗๕, พระราชบัญญัติมหาวิทยาลัยราชภัฏ พ.ศ. ๒๕๔๗ มาตรา ๕๖, พระราชบัญญัติมหาวิทยาลัยราชภัฏ พ.ศ. ๒๕๔๗ มาตรา ๖๐",กระทรวงการอุดมศึกษา วิทยาศาสตร์ วิจัยและนวัตกรรม,-,-,ลำปาง,ปรับปรุงพระราชกฤษฎีกาว่าด้วยปริญญา อักษรย่อ ครุยวิทยฐานะ เข็มวิทยฐานะ และครุยประจำตำแหน่งของมหาวิทยาลัยราชภัฏลำปาง โดยเพิ่มสาขานิเทศศาสตร์และรัฐศาสตร์ กำหนดปริญญา อักษรย่อ สีประจำสาขาวิชา รวมถึงแก้ไขลักษณะครุย เข็มวิทยฐานะ และเพิ่มครุยประจำตำแหน่งของคณาจารย์,มหาวิทยาลัยและผู้เกี่ยวข้องต้องใช้ชื่อปริญญา อักษรย่อ และจัดทำหรือสวมใส่ครุยวิทยฐานะ เข็มวิทยฐานะ รวมถึงครุยประจำตำแหน่งให้ถูกต้องตามรูปแบบและสีประจำสาขาวิชาที่พระราชกฤษฎีกาฉบับนี้กำหนด,เทา,-,-,ราชกิจจานุเบกษา เล่ม ๑๓๗ ตอนที่ ๑๒ ก หน้า ๙,-,,"มหาวิทยาลัยราชภัฏลำปาง, นายกสภามหาวิทยาลัย, กรรมการสภามหาวิทยาลัย, ผู้บริหาร, คณาจารย์ | สถาบันอุดมศึกษาของรัฐ, มหาวิทยาลัยราชภัฏลำปาง","กำหนดปริญญา, กำหนดลักษณะครุยวิทยฐานะ","ปริญญา, อักษรย่อ, ครุยวิทยฐานะ, เข็มวิทยฐานะ","พระราชกฤษฎีกา, มหาวิทยาลัยราชภัฏ, ปริญญาบัตร",AM6,-,"1) ผู้ถูกบังคับใช้หลัก: มหาวิทยาลัยราชภัฏลำปาง (ในการจัดทำตัวอย่างและบังคับใช้ระเบียบ), บัณฑิต, คณาจารย์ และผู้บริหาร 

2) ผู้ให้บริการใน Ecosystem คือใคร: ผู้รับจ้างตัดเย็บเสื้อครุยและทำเข็ม (ถูกคัดออกจากการ Tag ตามกฎ Rule 4.10 ระเบียบเครื่องแบบ/หน่วยงานรัฐ)

3) ผู้รับผลกระทบสืบเนื่องคือใคร: -

4) สินค้า/บริการใดถูกควบคุม: การกำหนดชื่อปริญญา, อักษรย่อ, สีประจำสาขาวิชา, และลักษณะเครื่องแต่งกาย (ครุย/เข็มวิทยฐานะ) ประจำมหาวิทยาลัยราชภัฏลำปาง 

5) ข้อยกเว้นคืออะไร: -


สรุปผล:

[AM6]: [Rights & Admin] เป็นกฎหมายที่กำหนดสถานะทางวิชาการและระเบียบเครื่องแต่งกายวิทยฐานะ ซึ่งเป็นระเบียบการบริหารงานภายในของมหาวิทยาลัยราชภัฏลำปาง (สถาบันอุดมศึกษา) โดยมีการบังคับใช้กฎ Rule 4.10 (ระเบียบราชการภายใน) ห้ามโยงไปหาธุรกิจสิ่งทอหรือรับจ้างผลิต",100%,ให้ยกเลิกพระราชกฤษฎีกาฉบับเดิม พ.ศ. ๒๕๕๒ และ (ฉบับที่ ๒) พ.ศ. ๒๕๕๘ และให้บังคับใช้ตั้งแต่วันถัดจากวันประกาศในราชกิจจานุเบกษา
19,100019,พระราชกฤษฎีกากำหนดเขตพื้นที่เพื่อการอนุญาตให้ตั้งสถานบริการในท้องที่จังหวัดอุบลราชธานี (ฉบับที่ ๒) พ.ศ. ๒๕๖๓,https://ratchakitcha.soc.go.th/documents/17117981.pdf,บังคับใช้,,,พระราชกฤษฎีกากำหนดเขตพื้นที่เพื่อการอนุญาตให้ตั้งสถานบริการในท้องที่จังหวัดอุบลราชธานี พ.ศ. 2523 (มาตรา 3),7,กุมภาพันธ์,2563,8 กุมภาพันธ์ 2563,-,พระราชกฤษฎีกา,พระราชบัญญัติสถานบริการ พ.ศ. 2509 มาตรา 5,กระทรวงมหาดไทย,-,"โขงเจียม, น้ำยืน",อุบลราชธานี,กำหนดเขตพื้นที่เพิ่มเติมเพื่อการอนุญาตให้ตั้งสถานบริการในท้องที่จังหวัดอุบลราชธานี บริเวณอำเภอโขงเจียมและอำเภอน้ำยืน โดยกำหนดแนวเขตพิกัดอย่างชัดเจนตามแผนที่แนบท้าย,ผู้ประกอบการที่ประสงค์จะตั้งสถานบริการในเขตอำเภอโขงเจียมและอำเภอน้ำยืน จังหวัดอุบลราชธานี ต้องตรวจสอบพิกัดและแนวเขตพื้นที่อนุญาตตามที่กฎหมายกำหนดอย่างเคร่งครัดก่อนยื่นขออนุญาตตั้งสถานบริการ,โทษเชื่อมโยงจากกฎหมายแม่,รอเชื่อมโยง: พระราชบัญญัติสถานบริการ พ.ศ. 2509 มาตรา 5,ใบอนุญาตให้ตั้งสถานบริการ,ราชกิจจานุเบกษา เล่ม 137 ตอนที่ 12 ก,คู่มือการขออนุญาตตั้งสถานบริการ ตามพระราชบัญญัติสถานบริการ พ.ศ. 2509,,ผู้ขออนุญาตตั้งสถานบริการในท้องที่จังหวัดอุบลราชธานี,"ตั้ง, อนุญาต, กำหนดเขตพื้นที่","สถานบริการ, พื้นที่โซนนิ่ง","พระราชบัญญัติสถานบริการ, อุบลราชธานี, เขตพื้นที่","AV1, AV2, AV3, AV4, AE2",CD2,"[AV1]: บังคับใช้กับผู้ประกอบการผับ บาร์ สถานบันเทิง ที่ต้องการตั้งสถานบริการในท้องที่จังหวัดอุบลราชธานี จะต้องตั้งอยู่ในเขตพื้นที่บริเวณที่กำหนดตามมาตรา 3 

[AV2]: บังคับใช้กับผู้ประกอบการร้านคาราโอเกะที่เข้าข่ายเป็นสถานบริการ ซึ่งต้องอยู่ภายใต้แนวเขตพื้นที่ที่อนุญาตตามมาตรา 3 

[AV3]: บังคับใช้กับผู้ประกอบกิจการอาบอบนวด ที่ต้องการตั้งสถานบริการใหม่ในพื้นที่อุบลราชธานี ต้องอยู่ในเขตพื้นที่โซนนิ่งตามมาตรา 3 

[AV4]: บังคับใช้กับผู้ประกอบการเลาจน์และคลับเมมเบอร์ ซึ่งเป็นสถานบริการที่ต้องตั้งในพื้นที่ที่กำหนดตามมาตรา 3 

[AE2]: มาตรา 4 ระบุข้อยกเว้นอย่างชัดเจนว่า พระราชกฤษฎีกานี้ไม่ใช้บังคับแก่สถานบริการที่อยู่ในสถานที่ตั้งโรงแรมตามกฎหมายว่าด้วยโรงแรม 

[CD2]: มาตรา 3 มีการกำหนดแนวเขตพื้นที่โซนนิ่ง (Zoning) เพื่อการใช้ประโยชน์ที่ดินอย่างชัดเจนด้วยการระบุพิกัด ระยะทาง และจุดบรรจบจากถนน/ทางหลวง ซึ่งผู้พัฒนาที่ดินและสถาปนิกจำเป็นต้องนำไปใช้ประกอบการประเมินศักยภาพที่ดิน",100%,ไม่ใช้บังคับแก่สถานบริการที่ได้รับอนุญาตให้ตั้งก่อนวันที่พระราชกฤษฎีกานี้ใช้บังคับ และสถานบริการที่อยู่ในสถานที่ตั้งโรงแรมตามกฎหมายว่าด้วยโรงแรม (มาตรา 4)
20,100020,พระราชกฤษฎีกาเปลี่ยนแปลงเขตอำนาจศาลแขวงเชียงใหม่  กับกำหนดเขตอำนาจและวันเปิดทำการของศาลแขวงเชียงดาวในจังหวัดเชียงใหม่ พ.ศ. ๒๕๖๓,https://ratchakitcha.soc.go.th/documents/17117982.pdf,บังคับใช้,,,,7,กุมภาพันธ์,2563,8 กุมภาพันธ์ 2563,-,พระราชกฤษฎีกา,พระราชบัญญัติจัดตั้งศาลแขวงและวิธีพิจารณาความอาญาในศาลแขวง พ.ศ. 2499 มาตรา 3,"สำนักงานศาลยุติธรรม (ศย.) 
",-,"กัลยาณิวัฒนา, ดอยสะเก็ด, ดอยหล่อ, เมืองเชียงใหม่, แม่ริม, แม่วาง, แม่ออน, สะเมิง, สันกำแพง, สันทราย, สันป่าตอง, สารภี, หางดง, เชียงดาว, พร้าว, แม่แตง, เวียงแหง",เชียงใหม่,เปลี่ยนแปลงเขตอำนาจศาลแขวงเชียงใหม่ และกำหนดให้เปิดทำการศาลแขวงเชียงดาวในพื้นที่จังหวัดเชียงใหม่ตั้งแต่วันที่ 1 เมษายน 2563 เป็นต้นไป เพื่ออำนวยความสะดวกแก่ประชาชนและลดภาระคดี,ประชาชนและผู้มีอรรถคดีในท้องที่อำเภอเชียงดาว พร้าว แม่แตง และเวียงแหง จะต้องไปติดต่อและดำเนินการทางคดีที่ศาลแขวงเชียงดาวตั้งแต่วันที่ 1 เมษายน 2563 เป็นต้นไป,⚪️ เทา,-,ไม่มี,ราชกิจจานุเบกษา เล่ม 137 ตอนที่ 12 ก หน้า 21,-,,ประชาชนผู้มีอรรถคดีในท้องที่จังหวัดเชียงใหม่,"เปลี่ยนแปลงเขตอำนาจศาล, กำหนดเขตอำนาจศาล, เปิดทำการศาล, พิจารณาพิพากษาคดี, ผัดฟ้อง, ขังผู้ต้องหา","ศาลแขวง, ศาลยุติธรรม, คดีความ","เขตอำนาจศาล, ศาลแขวงเชียงใหม่, ศาลแขวงเชียงดาว, จัดตั้งศาลแขวง, ค้างพิจารณา",-,CC4,[CC4]: บังคับใช้กับศาลยุติธรรม คู่ความ และทนายความ โดยมาตรา 3 และ 4 กำหนดเปลี่ยนแปลงและจัดตั้งเขตอำนาจศาลแขวงเชียงใหม่และเชียงดาว รวมถึงมาตรา 7 ที่กำหนดแนวทางการดำเนินกระบวนพิจารณาคดีที่ค้างพิจารณา,100%,-
21,100021,กฎกระทรวงกำหนดบริเวณห้ามก่อสร้าง ดัดแปลง หรือเปลี่ยนการใช้อาคารบางชนิดหรือบางประเภท ในพื้นที่บางส่วนในท้องที่จังหวัดชุมพร พ.ศ. ๒๕๖๓,https://ratchakitcha.soc.go.th/documents/17117983.pdf,บังคับใช้,,,,7,กุมภาพันธ์,2563,7 กุมภาพันธ์ 2563,-,กฎกระทรวง,"พระราชบัญญัติควบคุมอาคาร พ.ศ. 2522 มาตรา 5, พระราชบัญญัติควบคุมอาคาร พ.ศ. 2522 มาตรา 8",กระทรวงมหาดไทย,-,-,ชุมพร,กำหนดบริเวณห้ามก่อสร้าง ดัดแปลง หรือเปลี่ยนการใช้อาคารพาณิชยกรรมประเภทค้าปลีกค้าส่งที่มีพื้นที่ตั้งแต่ 500 ตารางเมตรขึ้นไป ในพื้นที่บางส่วนของจังหวัดชุมพร เว้นแต่การก่อสร้างจะเข้าเงื่อนไขข้อยกเว้นตามที่กำหนด,"ผู้ประกอบการต้องตรวจสอบพื้นที่และขนาดอาคารก่อนก่อสร้างหรือดัดแปลงอาคารค้าปลีกค้าส่งในจังหวัดชุมพร หากอาคารมีขนาด 500-2,000 ตารางเมตร ต้องปฏิบัติตามเงื่อนไขเรื่องที่ว่าง ระยะร่น ที่จอดรถ และขนาดเขตทางถนนอย่างเคร่งครัด และห้ามก่อสร้างอาคารขนาดเกิน 2,000 ตารางเมตร",โทษเชื่อมโยงจากกฎหมายแม่,รอเชื่อมโยง: พระราชบัญญัติควบคุมอาคาร พ.ศ. 2522 มาตรา 5 และมาตรา 8,ใบอนุญาตหรือใบรับแจ้งการก่อสร้าง ดัดแปลง หรือเปลี่ยนการใช้อาคาร,ราชกิจจานุเบกษา เล่ม 137 ตอนที่ 12 ก,คู่มือการขออนุญาตก่อสร้าง ดัดแปลง หรือเปลี่ยนการใช้อาคาร ตามพระราชบัญญัติควบคุมอาคาร พ.ศ. 2522,,บุคคลที่ต้องการก่อสร้าง ดัดแปลง หรือเปลี่ยนการใช้อาคารพาณิชยกรรมประเภทค้าปลีกค้าส่ง ในพื้นที่จังหวัดชุมพร,"ก่อสร้าง, ดัดแปลง, เปลี่ยนการใช้อาคาร","อาคารพาณิชยกรรมประเภทค้าปลีกค้าส่ง, อาคาร","บริเวณห้ามก่อสร้าง, พื้นที่ใช้สอย, ควบคุมอาคาร, ที่ว่าง, ที่จอดรถ","AB1, AB2, AC1",CF3,"[AB1, AB2]: ข้อ 3 และ 4 ควบคุมเจ้าของกิจการค้าปลีกและค้าส่งโดยตรง ห้ามก่อสร้างหรือเปลี่ยนการใช้อาคารที่มีพื้นที่ตั้งแต่ 500 ตร.ม. ขึ้นไปในพื้นที่ที่กำหนด หากจะสร้างต้องเข้าเงื่อนไขพิเศษ [AC1]: ข้อ 3 และ 5 ควบคุมผู้รับเหมาก่อสร้าง ห้ามรับจ้างก่อสร้างหรือดัดแปลงอาคารพาณิชยกรรมในเขตควบคุม เว้นแต่จะปฏิบัติตามเงื่อนไขโครงสร้าง ระยะร่น และเขตทาง [CF3]: อาศัยอำนาจตาม พ.ร.บ.ควบคุมอาคาร กำหนดเงื่อนไขทางกายภาพของตัวอาคารอย่างชัดเจน (เช่น ระยะห่างจากถนน ที่จอดรถ ที่พักมูลฝอย)",100%,อาคารที่มีอยู่แล้ว หรือที่ได้รับใบอนุญาต/รับแจ้งการก่อสร้างก่อนวันที่กฎกระทรวงนี้ใช้บังคับ ได้รับการยกเว้น แต่ห้ามดัดแปลงหรือเปลี่ยนการใช้ให้ผิดไปจากข้อห้ามตามกฎกระทรวงนี้ (ข้อ 6 และ ข้อ 7)
22,100022,ระเบียบคณะกรรมการตรวจเงินแผ่นดิน ว่าด้วยประโยชน์ตอบแทนอื่นในส่วนที่เกี่ยวกับค่าใช้จ่ายในการเดินทางของประธานกรรมการตรวจเงินแผ่นดิน กรรมการตรวจเงินแผ่นดิน และผู้ว่าการตรวจเงินแผ่นดิน พ.ศ. ๒๕๖๓,https://ratchakitcha.soc.go.th/documents/17117984.pdf,บังคับใช้,รอตรวจสอบจากฐานข้อมูล,ระเบียบคณะกรรมการตรวจเงินแผ่นดินว่าด้วยประโยชน์ตอบแทนอื่นในส่วนที่เกี่ยวกับค่าใช้จ่ายในการเดินทางของประธานกรรมการตรวจเงินแผ่นดิน กรรมการตรวจเงินแผ่นดิน และผู้ว่าการตรวจเงินแผ่นดิน พ.ศ. ๒๕๖๐, - ,7,กุมภาพันธ์,2563,8 กุมภาพันธ์ 2563,-,ระเบียบ,"พระราชบัญญัติประกอบรัฐธรรมนูญว่าด้วยการตรวจเงินแผ่นดิน พ.ศ. 2561 มาตรา 38, พระราชบัญญัติประกอบรัฐธรรมนูญว่าด้วยการตรวจเงินแผ่นดิน พ.ศ. 2561 มาตรา 52, พระราชบัญญัติประกอบรัฐธรรมนูญว่าด้วยการตรวจเงินแผ่นดิน พ.ศ. 2561 มาตรา 5, พระราชบัญญัติเงินเดือน เงินประจำตำแหน่ง และประโยชน์ตอบแทนอื่นของประธานกรรมการและกรรมการในองค์กรอิสระตามรัฐธรรมนูญ พ.ศ. 2561 มาตรา 9",สำนักงานการตรวจเงินแผ่นดิน (สตง.),-,-,-,กำหนดหลักเกณฑ์และอัตราการเบิกจ่ายค่าใช้จ่ายในการเดินทางไปราชการทั้งในประเทศและต่างประเทศ สำหรับประธานกรรมการ กรรมการ และผู้ว่าการตรวจเงินแผ่นดิน โดยครอบคลุมค่าเบี้ยเลี้ยง ค่าที่พัก ค่าพาหนะ (การเดินทางโดยเครื่องบินชั้นธุรกิจ/ชั้นสูงสุด) รวมถึงเงินชดเชยยานพาหนะส่วนตัว และค่าเครื่องแต่งตัว,เจ้าหน้าที่และผู้บริหารที่เกี่ยวข้องต้องเบิกจ่ายค่าเดินทางให้เป็นไปตามอัตราในบัญชีแนบท้าย และหากมีการเบิกเงินล่วงหน้าสำหรับการเดินทางไปต่างประเทศแต่ไม่ได้เดินทางภายใน 30 วัน จะต้องนำเงินส่งคืนทันที,⚪️ เทา,-,ไม่มี,ราชกิจจานุเบกษา เล่ม 137 ตอนที่ 12 ก หน้า 29,-,,ประธานกรรมการตรวจเงินแผ่นดิน กรรมการตรวจเงินแผ่นดิน และผู้ว่าการตรวจเงินแผ่นดิน,"เบิกค่าใช้จ่าย, เดินทางไปราชการ, จ่ายค่าเบี้ยเลี้ยง, จ่ายค่าเช่าที่พัก, ชดเชยค่าพาหนะ","ค่าใช้จ่ายในการเดินทาง, ประโยชน์ตอบแทนอื่น, สวัสดิการ","คณะกรรมการตรวจเงินแผ่นดิน, ผู้ว่าการตรวจเงินแผ่นดิน, ค่าใช้จ่ายในการเดินทาง, องค์กรอิสระตามรัฐธรรมนูญ",-,CC11,"[CC11]: เอกสารคือระเบียบคณะกรรมการตรวจเงินแผ่นดิน กำหนดหลักเกณฑ์และอัตราการเบิกจ่ายค่าเดินทางไปราชการทั้งในและต่างประเทศ โดยบังคับใช้โดยตรงกับประธานกรรมการตรวจเงินแผ่นดิน, กรรมการตรวจเงินแผ่นดิน และผู้ว่าการตรวจเงินแผ่นดิน (สตง.)",100%,ยกเลิกระเบียบคณะกรรมการตรวจเงินแผ่นดินว่าด้วยประโยชน์ตอบแทนอื่นฯ ในส่วนที่เกี่ยวกับค่าใช้จ่ายในการเดินทางฯ พ.ศ. 2560 (ตามข้อ 3) และมีบทเฉพาะกาลคุ้มครองสิทธิที่เกิดขึ้นก่อนระเบียบนี้ใช้บังคับ (ข้อ 12)
23,100023,ประกาศคณะกรรมการบริหารศาลยุติธรรม เรื่อง การแบ่งส่วนราชการภายในและกำหนดอำนาจหน้าที่ของส่วนราชการในสังกัดสำนักงานศาลยุติธรรม (ฉบับที่ ๑๑) พ.ศ. ๒๕๖๓,https://ratchakitcha.soc.go.th/documents/17117988.pdf,บังคับใช้,รอตรวจสอบจากฐานข้อมูล,-,ประกาศคณะกรรมการบริหารศาลยุติธรรม เรื่อง การแบ่งส่วนราชการภายในและกำหนดอำนาจหน้าที่ของส่วนราชการในสังกัดสำนักงานศาลยุติธรรม พ.ศ. ๒๕๕๙ (ข้อ ๕ (๑)),7,กุมภาพันธ์,2563,8 กุมภาพันธ์ 2563,-,ประกาศ,"พระราชบัญญัติระเบียบบริหารราชการศาลยุติธรรม พ.ศ. 2543 มาตรา 5, พระราชบัญญัติระเบียบบริหารราชการศาลยุติธรรม พ.ศ. 2543 มาตรา 17 (1)",สำนักงานศาลยุติธรรม,-,-,-,แก้ไขเพิ่มเติมการแบ่งส่วนราชการและกำหนดอำนาจหน้าที่ใหม่ให้กับสำนักประธานศาลฎีกา ภายในสังกัดสำนักงานศาลยุติธรรม เพื่อรองรับการดำเนินงานด้านนโยบาย งานเลขานุการ งานพิธีการ การรับเรื่องร้องทุกข์ การประสานงานต่างประเทศ และการส่งเสริมการพิจารณาคดีให้มีประสิทธิภาพยิ่งขึ้น,ประชาชนหรือข้าราชการฝ่ายตุลาการที่มีความประสงค์จะร้องทุกข์ ร้องเรียน หรือติดต่อประสานงานในภารกิจที่เกี่ยวข้องกับประธานศาลฎีกาและรองประธานศาลฎีกา ให้ดำเนินการผ่านสำนักประธานศาลฎีกาตามขอบเขตอำนาจหน้าที่ที่ได้ประกาศใหม่,🔵 ฟ้า,ระเบียบภาครัฐ,ไม่มี,ราชกิจจานุเบกษา เล่ม 137 ตอนที่ 12 ก หน้า 58,-,,สำนักประธานศาลฎีกา สำนักงานศาลยุติธรรม ข้าราชการฝ่ายตุลาการศาลยุติธรรม,"แบ่งส่วนราชการ, กำหนดอำนาจหน้าที่, กำหนดนโยบาย, รับเรื่องร้องทุกข์, สนับสนุนการพิจารณาพิพากษาคดี","สำนักประธานศาลฎีกา, สำนักงานศาลยุติธรรม, ส่วนราชการ","คณะกรรมการบริหารศาลยุติธรรม, ประธานศาลฎีกา, ข้าราชการตุลาการ, ระเบียบบริหารราชการศาลยุติธรรม",-,CC4,"[CC4]: บังคับใช้กับศาลยุติธรรมและบุคลากรในสังกัด โดยข้อ 3 เป็นการปรับปรุงโครงสร้าง กำหนดฐานะ และระบุอำนาจหน้าที่ของ ""สำนักประธานศาลฎีกา"" ในฐานะส่วนราชการสังกัดสำนักงานศาลยุติธรรมโดยตรง เพื่อสนับสนุนภารกิจของประธานศาลฎีกาและศาลยุติธรรม",100%,อัปเดตข้อความโดยยกเลิกความใน (1) ของข้อ 5 แห่งประกาศคณะกรรมการบริหารศาลยุติธรรม เรื่อง การแบ่งส่วนราชการภายในและกำหนดอำนาจหน้าที่ของส่วนราชการในสังกัดสำนักงานศาลยุติธรรม พ.ศ. 2559 (ตามข้อ 3)
24,100024,ประกาศคณะกรรมการการเลือกตั้ง เรื่อง พรรคประชาธิปไตยเพื่อประชาชนสิ้นสภาพความเป็นพรรคการเมือง,https://ratchakitcha.soc.go.th/documents/17117989.pdf,บังคับใช้, -, -, -,7,กุมภาพันธ์,2563,7 กุมภาพันธ์ 2563,-,ประกาศ,"พระราชบัญญัติประกอบรัฐธรรมนูญว่าด้วยพรรคการเมือง พ.ศ. 2560 มาตรา 141, พระราชบัญญัติประกอบรัฐธรรมนูญว่าด้วยพรรคการเมือง พ.ศ. 2560 มาตรา 91",สำนักงานคณะกรรมการการเลือกตั้ง (กกต.),-,-,-,ประกาศให้พรรคประชาธิปไตยเพื่อประชาชนสิ้นสภาพความเป็นพรรคการเมือง เนื่องจากไม่สามารถดำเนินการเรื่องต่างๆ ให้แล้วเสร็จได้ภายในระยะเวลา 1 ปี ตามที่พระราชบัญญัติประกอบรัฐธรรมนูญว่าด้วยพรรคการเมืองกำหนด,อดีตกรรมการบริหารและสมาชิกพรรคต้องยุติบทบาทการดำเนินกิจกรรมทางการเมืองในนามพรรคประชาธิปไตยเพื่อประชาชน และผู้ที่เกี่ยวข้องต้องเตรียมดำเนินการตามขั้นตอนการชำระบัญชีหรือการสะสางภาระผูกพันตามที่กฎหมายพรรคการเมืองกำหนดต่อไป,⚪️ เทา,-,ไม่มี,ราชกิจจานุเบกษา เล่ม 137 ตอนที่ 12 ก หน้า 60,-,,พรรคประชาธิปไตยเพื่อประชาชน,"สิ้นสภาพความเป็นพรรคการเมือง, ตรวจสอบข้อเท็จจริง",พรรคการเมือง,"สิ้นสภาพความเป็นพรรคการเมือง, คณะกรรมการการเลือกตั้ง, กฎหมายประกอบรัฐธรรมนูญว่าด้วยพรรคการเมือง",-,"CB5, CC5",[CB5]: เอกสารบังคับใช้กับพรรคการเมืองโดยตรง โดยประกาศให้พรรคประชาธิปไตยเพื่อประชาชนสิ้นสภาพความเป็นพรรคการเมือง [CC5]: เป็นประกาศที่ออกโดยคณะกรรมการการเลือกตั้ง (กกต.) เพื่อบังคับใช้กฎหมายและระเบียบที่เกี่ยวข้องกับพรรคการเมือง,100%,พรรคประชาธิปไตยเพื่อประชาชนสิ้นสภาพความเป็นพรรคการเมืองตั้งแต่วันที่ประกาศในราชกิจจานุเบกษาเป็นต้นไป
25,100025,ประกาศคณะกรรมการการเลือกตั้ง เรื่อง พรรคเพื่อนไทยสิ้นสภาพความเป็นพรรคการเมือง,https://ratchakitcha.soc.go.th/documents/17117990.pdf,บังคับใช้, -, -, -,7,กุมภาพันธ์,2563,7 กุมภาพันธ์ 2563,-,ประกาศ,พระราชบัญญัติประกอบรัฐธรรมนูญว่าด้วยพรรคการเมือง พ.ศ. 2560 มาตรา 91,สำนักงานคณะกรรมการการเลือกตั้ง (กกต.),-,-,-,ประกาศให้พรรคเพื่อนไทยสิ้นสภาพความเป็นพรรคการเมือง เนื่องจากไม่สามารถดำเนินการตามมาตรา 33 วรรคหนึ่ง (2) แห่งพระราชบัญญัติประกอบรัฐธรรมนูญว่าด้วยพรรคการเมือง พ.ศ. 2560 ได้ภายใน 1 ปีนับแต่วันที่นายทะเบียนรับจดทะเบียนจัดตั้ง,อดีตกรรมการบริหารและสมาชิกพรรคต้องยุติบทบาทและการดำเนินกิจกรรมทางการเมืองในนามพรรคเพื่อนไทย และผู้ที่เกี่ยวข้องต้องเตรียมดำเนินการตามขั้นตอนการชำระบัญชีที่กฎหมายกำหนดต่อไป,⚪️ เทา,-,ไม่มี,ราชกิจจานุเบกษา เล่ม 137 ตอนที่ 12 ก หน้า 61,-,,พรรคเพื่อนไทย,"สิ้นสภาพความเป็นพรรคการเมือง, ตรวจสอบข้อเท็จจริง",พรรคการเมือง,"สิ้นสภาพความเป็นพรรคการเมือง, คณะกรรมการการเลือกตั้ง, กฎหมายประกอบรัฐธรรมนูญว่าด้วยพรรคการเมือง",-,"CB5, CC5",[CB5]: เอกสารบังคับใช้กับพรรคการเมืองโดยตรง โดยประกาศให้พรรคเพื่อนไทยสิ้นสภาพความเป็นพรรคการเมือง [CC5]: เป็นประกาศที่ออกโดยคณะกรรมการการเลือกตั้ง (กกต.) เพื่อดำเนินการตามกฎหมายประกอบรัฐธรรมนูญว่าด้วยพรรคการเมือง,100%,พรรคเพื่อนไทยสิ้นสภาพความเป็นพรรคการเมืองตั้งแต่วันที่ประกาศในราชกิจจานุเบกษาเป็นต้นไป
26,100026,ระเบียบคณะกรรมการกิจการกระจายเสียง กิจการโทรทัศน์ และกิจการโทรคมนาคมแห่งชาติ ว่าด้วยเครื่องแบบและการแต่งกายของคณะกรรมการกิจการกระจายเสียง กิจการโทรทัศน์ และกิจการโทรคมนาคมแห่งชาติ พ.ศ. ๒๕๖๓,https://ratchakitcha.soc.go.th/documents/17117856.pdf,บังคับใช้,รอตรวจสอบจากฐานข้อมูล,ระเบียบคณะกรรมการกิจการกระจายเสียง กิจการโทรทัศน์ และกิจการโทรคมนาคมแห่งชาติ ว่าด้วยเครื่องแบบพิธีการของคณะกรรมการกิจการกระจายเสียง กิจการโทรทัศน์ และกิจการโทรคมนาคมแห่งชาติ พ.ศ. ๒๕๕๕, -,6,กุมภาพันธ์,2563,7 กุมภาพันธ์ 2563,-,ระเบียบ,พระราชบัญญัติองค์กรจัดสรรคลื่นความถี่และกำกับการประกอบกิจการวิทยุกระจายเสียง วิทยุโทรทัศน์ และกิจการโทรคมนาคมแห่งชาติ พ.ศ. 2553 มาตรา 27 (24),สำนักงานคณะกรรมการกิจการกระจายเสียง กิจการโทรทัศน์ และกิจการโทรคมนาคมแห่งชาติ (กสทช.),-,-,-,ปรับปรุงและกำหนดลักษณะตลอดจนส่วนประกอบของเครื่องแบบปฏิบัติการและเครื่องแบบพิธีการของคณะกรรมการ กสทช. ทั้งชายและหญิง (เช่น หมวก เสื้อ กางเกง กระโปรง อินทรธนู เข็มขัด รองเท้า ป้ายชื่อ) เพื่อใช้สำหรับการปฏิบัติงานและการเข้าร่วมพิธีการต่างๆ,คณะกรรมการ กสทช. ต้องแต่งกายด้วยเครื่องแบบปฏิบัติการตามวันที่ประธาน กสทช. กำหนด และแต่งเครื่องแบบพิธีการตามหมายกำหนดการของสำนักพระราชวังหรือกำหนดการของส่วนราชการอื่นอย่างถูกต้องตามระเบียบนี้,🔵 ฟ้า,ระเบียบภาครัฐ,ไม่มี,ราชกิจจานุเบกษา เล่ม 137 ตอนพิเศษ 30 ง หน้า 1,-,,คณะกรรมการกิจการกระจายเสียง กิจการโทรทัศน์ และกิจการโทรคมนาคมแห่งชาติ (กสทช.),"แต่งเครื่องแบบ, สวมเครื่องแต่งกาย","เครื่องแบบปฏิบัติการ, เครื่องแบบพิธีการ, เครื่องแต่งกาย","เครื่องแบบและการแต่งกาย, คณะกรรมการกิจการกระจายเสียง กิจการโทรทัศน์ และกิจการโทรคมนาคมแห่งชาติ, กสทช.",-,CC30,"[CC30]: เอกสารคือระเบียบที่กำหนดลักษณะ ส่วนประกอบ และแนวปฏิบัติในการแต่งเครื่องแบบปฏิบัติการและเครื่องแบบพิธีการ โดยบังคับใช้โดยตรงกับ ""คณะกรรมการกิจการกระจายเสียง กิจการโทรทัศน์ และกิจการโทรคมนาคมแห่งชาติ (กสทช.)""",100%,ยกเลิกระเบียบคณะกรรมการกิจการกระจายเสียง กิจการโทรทัศน์ และกิจการโทรคมนาคมแห่งชาติ ว่าด้วยเครื่องแบบพิธีการฯ พ.ศ. 2555 (ตามข้อ 3)
27,100027,ระเบียบผู้ตรวจการแผ่นดิน ว่าด้วยค่าใช้จ่ายในการเดินทางของผู้ตรวจการแผ่นดิน (ฉบับที่ ๒) พ.ศ. ๒๕๖๓,https://ratchakitcha.soc.go.th/documents/17117834.pdf,บังคับใช้,รอตรวจสอบจากฐานข้อมูล, -,ระเบียบผู้ตรวจการแผ่นดินว่าด้วยค่าใช้จ่ายในการเดินทางของผู้ตรวจการแผ่นดิน พ.ศ. ๒๕๖๓ (ข้อ ๘),5,กุมภาพันธ์,2563,6 กุมภาพันธ์ 2563,-,ระเบียบ,พระราชบัญญัติเงินเดือน เงินประจำตำแหน่ง และประโยชน์ตอบแทนอื่นของประธานกรรมการและกรรมการในองค์กรอิสระตามรัฐธรรมนูญ พ.ศ. 2561 มาตรา 9,สำนักงานผู้ตรวจการแผ่นดิน,-,-,-,แก้ไขเพิ่มเติมระเบียบผู้ตรวจการแผ่นดินว่าด้วยค่าใช้จ่ายในการเดินทางของผู้ตรวจการแผ่นดิน พ.ศ. 2563 โดยให้ยกเลิกความในข้อ 8 ของระเบียบเดิม,ผู้ตรวจการแผ่นดินและเจ้าหน้าที่หน่วยงานที่เกี่ยวข้องที่ต้องดำเนินการเบิกจ่ายค่าเดินทาง ต้องรับทราบและปฏิบัติให้สอดคล้องกับระเบียบที่ปรับปรุงใหม่ โดยระงับการใช้หลักเกณฑ์หรือเงื่อนไขตามข้อ 8 ที่ถูกยกเลิกไปแล้ว,🔵 ฟ้า,ระเบียบภาครัฐ,ไม่มี,ราชกิจจานุเบกษา เล่ม 137 ตอนที่ 9 ก หน้า 1,-,,ผู้ตรวจการแผ่นดิน,"เบิกค่าใช้จ่าย, เดินทาง","ค่าใช้จ่ายในการเดินทาง, ประโยชน์ตอบแทนอื่น, สวัสดิการ","ผู้ตรวจการแผ่นดิน, องค์กรอิสระตามรัฐธรรมนูญ, ค่าใช้จ่ายในการเดินทาง",-,CC9,"[CC9]: ระเบียบนี้บังคับใช้กับ ""ผู้ตรวจการแผ่นดิน"" โดยตรง เพื่อกำหนดหลักเกณฑ์การจ่ายค่าใช้จ่ายในการเดินทางและประโยชน์ตอบแทนอื่นของประธานผู้ตรวจการแผ่นดินและผู้ตรวจการแผ่นดิน",100%,ยกเลิกข้อ 8 แห่งระเบียบผู้ตรวจการแผ่นดินว่าด้วยค่าใช้จ่ายในการเดินทางของผู้ตรวจการแผ่นดิน พ.ศ. 2563 (ตามข้อ 3)
28,100028,ระเบียบคณะกรรมการกองทุนเพื่อการพัฒนาพรรคการเมือง ว่าด้วยการจ้างพนักงานตามสัญญาจ้าง ตำแหน่งผู้เชี่ยวชาญประจำกองทุนเพื่อการพัฒนาพรรคการเมือง พ.ศ. ๒๕๖๓,https://ratchakitcha.soc.go.th/documents/17117835.pdf,บังคับใช้, -, -, -,5,กุมภาพันธ์,2563,6 กุมภาพันธ์ 2563,-,ระเบียบ,"พระราชบัญญัติประกอบรัฐธรรมนูญว่าด้วยพรรคการเมือง พ.ศ. 2560 มาตรา 78, พระราชบัญญัติประกอบรัฐธรรมนูญว่าด้วยพรรคการเมือง พ.ศ. 2560 มาตรา 80, พระราชบัญญัติประกอบรัฐธรรมนูญว่าด้วยพรรคการเมือง พ.ศ. 2560 มาตรา 82, ระเบียบคณะกรรมการการเลือกตั้งว่าด้วยกองทุนเพื่อการพัฒนาพรรคการเมือง พ.ศ. 2560 ข้อ 9 (10), ระเบียบคณะกรรมการการเลือกตั้งว่าด้วยกองทุนเพื่อการพัฒนาพรรคการเมือง พ.ศ. 2560 ข้อ 14",สำนักงานคณะกรรมการการเลือกตั้ง (กกต.),-,-,-,"กำหนดหลักเกณฑ์ คุณสมบัติ ลักษณะต้องห้าม การจ้างและการพ้นจากตำแหน่งของพนักงานสัญญาจ้างตำแหน่งผู้เชี่ยวชาญประจำกองทุนเพื่อการพัฒนาพรรคการเมือง โดยผู้ที่ได้รับการจ้างจะได้รับค่าตอบแทนเดือนละ 50,000 บาท และมีวาระการจ้างครั้งละไม่เกิน 1 ปี",บุคคลที่ประสงค์จะรับการว่าจ้างเป็นผู้เชี่ยวชาญประจำกองทุนฯ ต้องตรวจสอบตนเองว่ามีคุณสมบัติครบถ้วนและไม่มีลักษณะต้องห้าม (เช่น มีอายุ 40-70 ปี ไม่เป็นสมาชิกพรรคการเมือง และไม่เป็นเจ้าหน้าที่รัฐที่มีเงินเดือนประจำ) รวมทั้งต้องเตรียมความพร้อมรับการประเมินผลการปฏิบัติงานปีละ 2 ครั้งตามที่กำหนดในสัญญา,🔴 แดง,โทษทางอาญา ,-,"ราชกิจจานุเบกษา เล่ม 137 ตอนที่ 9 ก หน้า 2 
",-,,"พนักงานตามสัญญาจ้าง ตำแหน่งผู้เชี่ยวชาญประจำกองทุนเพื่อการพัฒนาพรรคการเมือง 
","จ้างพนักงาน, ปฏิบัติงาน, ให้คำปรึกษา, ประเมินผลการปฏิบัติงาน","พนักงานตามสัญญาจ้าง, ผู้เชี่ยวชาญประจำกองทุน, กองทุนเพื่อการพัฒนาพรรคการเมือง","กองทุนเพื่อการพัฒนาพรรคการเมือง, พนักงานตามสัญญาจ้าง, คณะกรรมการการเลือกตั้ง, กฎหมายประกอบรัฐธรรมนูญว่าด้วยพรรคการเมือง",-,"CB5, CC5","[CB5, CC5]: ระเบียบนี้กำหนดหลักเกณฑ์การจ้างพนักงานตามสัญญาจ้าง ตำแหน่งผู้เชี่ยวชาญประจำ ""กองทุนเพื่อการพัฒนาพรรคการเมือง"" ซึ่งอยู่ภายใต้การกำกับดูแลของสำนักงานคณะกรรมการการเลือกตั้ง (CC5) เพื่อปฏิบัติภารกิจหลักในการให้คำปรึกษา จัดสรรเงินทุน และสนับสนุนการพัฒนากิจการของพรรคการเมือง (CB5)",100%,-
29,100029,คำพิพากษาของศาลฎีกาแผนกคดีอาญาของผู้ดำรงตำแหน่งทางการเมือง เรื่อง การแสดงบัญชีรายการทรัพย์สินและหนี้สิน [คดีหมายเลขดำที่ อม. ๘๙/๒๕๕๘ คดีหมายเลขแดงที่ อม. ๑๕/๒๕๕๙ ,https://ratchakitcha.soc.go.th/documents/17117836.pdf,บังคับใช้, -, -, -,5,กุมภาพันธ์,2563,5 กุมภาพันธ์ 2563,-,คำพิพากษาของศาลฎีกาแผนกคดีอาญา,,ศาลฎีกาแผนกคดีอาญาของผู้ดำรงตำแหน่งทางการเมือง,-,-,-,"ศาลพิพากษาว่าอดีตรองนายกองค์การบริหารส่วนตำบลทุ่งนุ้ย มีความผิดฐานจงใจไม่ยื่นบัญชีแสดงรายการทรัพย์สินและหนี้สินต่อ ป.ป.ช. กรณีพ้นจากตำแหน่งมาแล้ว 1 ปี โดยให้ห้ามดำรงตำแหน่งทางการเมืองเป็นเวลา 5 ปี และลงโทษจำคุก 1 เดือน ปรับ 4,000 บาท (โทษจำคุกรอลงอาญา 1 ปี)",ผู้ดำรงตำแหน่งทางการเมืองและผู้บริหารท้องถิ่นมีหน้าที่ต้องยื่นบัญชีแสดงรายการทรัพย์สินและหนี้สินพร้อมเอกสารประกอบต่อคณะกรรมการ ป.ป.ช. ภายในเวลาที่กำหนดอย่างเคร่งครัด ทั้งกรณีเข้ารับตำแหน่ง พ้นจากตำแหน่ง และพ้นจากตำแหน่งมาแล้ว 1 ปี เพื่อหลีกเลี่ยงโทษทางอาญาและการถูกห้ามดำรงตำแหน่งทางการเมือง,⚪️ เทา,-,ไม่มี,ราชกิจจานุเบกษา เล่ม 137 ตอนที่ 9 ก หน้า 6,คู่มือการยื่นบัญชีแสดงรายการทรัพย์สินและหนี้สินของ ป.ป.ช.,,ผู้ดำรงตำแหน่งทางการเมือง,"ยื่นบัญชีแสดงรายการทรัพย์สินและหนี้สิน, พิพากษาลงโทษ, ห้ามดำรงตำแหน่งทางการเมือง",บัญชีทรัพย์สินและหนี้สิน,"ป.ป.ช., ผู้ดำรงตำแหน่งทางการเมือง, ศาลฎีกาแผนกคดีอาญาของผู้ดำรงตำแหน่งทางการเมือง, ทุจริต, การแสดงบัญชีรายการทรัพย์สินและหนี้สิน",-,"CC1, CC29",[CC1]: ผู้คัดค้านในฐานะผู้ดำรงตำแหน่งทางการเมือง (รองนายก อบต.) มีหน้าที่ตามกฎหมาย ป.ป.ช. ที่ต้องยื่นบัญชีแสดงรายการทรัพย์สินและหนี้สิน [CC29]: คำพิพากษานี้ออกโดยศาลฎีกาแผนกคดีอาญาของผู้ดำรงตำแหน่งทางการเมือง ซึ่งพิจารณาคดีที่เกี่ยวกับการจงใจไม่ยื่นบัญชีทรัพย์สินของผู้ดำรงตำแหน่งทางการเมืองโดยตรง,100%,อ้างอิงบทเฉพาะกาลของ พ.ร.บ.ประกอบรัฐธรรมนูญว่าด้วยการป้องกันและปราบปรามการทุจริต พ.ศ. 2561 (มาตรา 192 และ 199) ให้บังคับใช้ พ.ร.บ.ฯ พ.ศ. 2542 เนื่องจากคดีนี้ยื่นคำร้องไว้ก่อนกฎหมายใหม่บังคับใช้
30,100030,คำพิพากษาของศาลฎีกาแผนกคดีอาญาของผู้ดำรงตำแหน่งทางการเมือง เรื่อง การแสดงบัญชีรายการทรัพย์สินและหนี้สิน [คดีหมายเลขดำที่ อม. ๓๓๓/๒๕๖๑ คดีหมายเลขแดงที่ อม. ๒๕๔/๒๕๖๒ ,https://ratchakitcha.soc.go.th/documents/17117837.pdf,บังคับใช้, -, -, -,5,กุมภาพันธ์,2563,5 กุมภาพันธ์ 2563,-,คำพิพากษาของศาลฎีกาแผนกคดีอาญา,,ศาลฎีกาแผนกคดีอาญาของผู้ดำรงตำแหน่งทางการเมือง,-,-,-,"ศาลพิพากษาว่าอดีตรองนายกเทศมนตรีตำบลขุนทะเล มีความผิดฐานจงใจไม่ยื่นบัญชีแสดงรายการทรัพย์สินและหนี้สินต่อ ป.ป.ช. กรณีพ้นจากตำแหน่ง โดยให้ห้ามดำรงตำแหน่งทางการเมืองเป็นเวลา 5 ปี และลงโทษจำคุก 1 เดือน ปรับ 4,000 บาท (โทษจำคุกรอลงอาญา 1 ปี)",ผู้ดำรงตำแหน่งทางการเมืองและผู้บริหารท้องถิ่นมีหน้าที่ต้องยื่นบัญชีแสดงรายการทรัพย์สินและหนี้สินพร้อมเอกสารประกอบต่อคณะกรรมการ ป.ป.ช. ภายในเวลาที่กำหนดอย่างเคร่งครัด ทั้งกรณีเข้ารับตำแหน่งและพ้นจากตำแหน่ง เพื่อหลีกเลี่ยงโทษทางอาญาและการถูกห้ามดำรงตำแหน่งทางการเมือง,⚪️ เทา,-,ไม่มี,ราชกิจจานุเบกษา เล่ม 137 ตอนที่ 9 ก หน้า 10,แบบบัญชีแสดงรายการทรัพย์สินและหนี้สินของ ป.ป.ช.,,ผู้ดำรงตำแหน่งทางการเมือง,"ยื่นบัญชีแสดงรายการทรัพย์สินและหนี้สิน, พิพากษาลงโทษ, ห้ามดำรงตำแหน่งทางการเมือง",บัญชีทรัพย์สินและหนี้สิน,"ป.ป.ช., ผู้ดำรงตำแหน่งทางการเมือง, ศาลฎีกาแผนกคดีอาญาของผู้ดำรงตำแหน่งทางการเมือง, ทุจริต, การแสดงบัญชีรายการทรัพย์สินและหนี้สิน",-,"CC1, CC29",[CC1]: ผู้ถูกกล่าวหาในฐานะผู้ดำรงตำแหน่งทางการเมือง (รองนายกเทศมนตรี) มีหน้าที่ตามกฎหมาย ป.ป.ช. ที่ต้องยื่นบัญชีแสดงรายการทรัพย์สินและหนี้สิน [CC29]: คำพิพากษานี้ตัดสินโดยศาลฎีกาแผนกคดีอาญาของผู้ดำรงตำแหน่งทางการเมือง เพื่อลงโทษผู้ดำรงตำแหน่งทางการเมืองที่จงใจไม่ยื่นบัญชีทรัพย์สิน,100%,อ้างอิงประมวลกฎหมายอาญา มาตรา 2 วรรคหนึ่ง ให้ใช้ พ.ร.บ.ประกอบรัฐธรรมนูญว่าด้วยการป้องกันและปราบปรามการทุจริต พ.ศ. 2542 (กฎหมายที่ใช้ในขณะกระทำความผิด) แม้จะมี พ.ร.บ.ฯ พ.ศ. 2561 ออกมาบังคับใช้แล้วก็ตาม
31,100031,คำพิพากษาของศาลฎีกาแผนกคดีอาญาของผู้ดำรงตำแหน่งทางการเมือง เรื่อง การแสดงบัญชีรายการทรัพย์สินและหนี้สิน [คดีหมายเลขดำที่ อม. ๓๑๖/๒๕๖๑ คดีหมายเลขแดงที่ อม. ๒๕๕/๒๕๖๒ ,https://ratchakitcha.soc.go.th/documents/17117838.pdf,บังคับใช้, -, -, -,5,กุมภาพันธ์,2563,5 กุมภาพันธ์ 2563,-,คำพิพากษาของศาลฎีกาแผนกคดีอาญา,,ศาลฎีกาแผนกคดีอาญาของผู้ดำรงตำแหน่งทางการเมือง,-,-,-,ศาลพิพากษายกคำร้องคดีที่อดีตสมาชิกสภาองค์การบริหารส่วนจังหวัดมุกดาหารและเลขานุการนายกฯ ถูกกล่าวหาว่าจงใจยื่นบัญชีทรัพย์สินและหนี้สินเท็จและปกปิดข้อเท็จจริง โดยศาลเห็นว่าคดีบางส่วนขาดอายุความ (เกิน 5 ปี) และข้อหาการไม่ยื่นบัญชีเมื่อพ้นตำแหน่งมาแล้ว 1 ปีนั้น กฎหมาย ป.ป.ช. ฉบับใหม่ (พ.ศ. 2561) ได้ยกเลิกความผิดดังกล่าวสำหรับผู้บริหารท้องถิ่นไปแล้ว จึงพ้นจากความผิด,ผู้ดำรงตำแหน่งทางการเมืองและผู้บริหารองค์กรปกครองส่วนท้องถิ่นต้องศึกษากฎหมาย ป.ป.ช. ฉบับปัจจุบันให้ชัดเจน และยื่นบัญชีแสดงรายการทรัพย์สินและหนี้สินพร้อมเอกสารประกอบให้ถูกต้องครบถ้วนตามกำหนดเวลาอย่างเคร่งครัด แม้จะมีการยกเลิกข้อบังคับบางประการในกฎหมายใหม่แล้วก็ตาม,⚪️ เทา,-,ไม่มี,ราชกิจจานุเบกษา เล่ม 137 ตอนที่ ก หน้า 13,-,,"ผู้ดำรงตำแหน่งทางการเมือง, เจ้าหน้าที่ของรัฐ","ยื่นบัญชีแสดงรายการทรัพย์สินและหนี้สิน, ปกปิดข้อเท็จจริง, ยกคำร้อง",บัญชีทรัพย์สินและหนี้สิน,"ป.ป.ช., ผู้ดำรงตำแหน่งทางการเมือง, ศาลฎีกาแผนกคดีอาญาของผู้ดำรงตำแหน่งทางการเมือง, อายุความ",-,"CC1, CC29",[CC1]: ผู้ถูกกล่าวหาในฐานะผู้ดำรงตำแหน่งทางการเมืองท้องถิ่น มีหน้าที่ตามกฎหมาย ป.ป.ช. ที่ต้องยื่นบัญชีแสดงรายการทรัพย์สินและหนี้สิน [CC29]: คำพิพากษานี้ตัดสินโดยศาลฎีกาแผนกคดีอาญาของผู้ดำรงตำแหน่งทางการเมือง เพื่อวินิจฉัยข้อกล่าวหาการยื่นบัญชีทรัพย์สินเท็จของผู้ดำรงตำแหน่งทางการเมือง,100%,ศาลยกคำร้อง เนื่องจากกรณีพ้นจากตำแหน่งและเข้ารับตำแหน่งใหม่ขาดอายุความ 5 ปี และกรณีพ้นจากตำแหน่งมาแล้ว 1 ปี กฎหมายใหม่ (พ.ร.บ. ป.ป.ช. พ.ศ. 2561) ยกเลิกหน้าที่ยื่นบัญชีของตำแหน่งดังกล่าว ทำให้การกระทำไม่เป็นความผิดอีกต่อไป
32,100032,ระเบียบคณะกรรมการข้าราชการศาลยุติธรรม ว่าด้วยเงินเพิ่มสำหรับตำแหน่งที่มีเหตุพิเศษ ตำแหน่งด้านพัสดุ ตำแหน่งด้านการเงินและบัญชีและตำแหน่งด้านการตรวจสอบภายใน พ.ศ. ๒๕๖๓,https://ratchakitcha.soc.go.th/documents/17117490.pdf,บังคับใช้, -, -, -,3,กุมภาพันธ์,2563,4 กุมภาพันธ์ 2563,-,ระเบียบ,"พระราชบัญญัติระเบียบบริหารราชการศาลยุติธรรม พ.ศ. 2543 มาตรา 21 (6), พระราชบัญญัติระเบียบบริหารราชการศาลยุติธรรม พ.ศ. 2543 มาตรา 21 (9), พระราชบัญญัติระเบียบบริหารราชการศาลยุติธรรม พ.ศ. 2543 มาตรา 24",สำนักงานศาลยุติธรรม,-,-,-,กำหนดหลักเกณฑ์ คุณสมบัติ และอัตราการจ่ายเงินเพิ่มสำหรับข้าราชการศาลยุติธรรมที่ปฏิบัติงานด้านพัสดุ การเงินและบัญชี และการตรวจสอบภายใน โดยผู้มีสิทธิได้รับเงินเพิ่มจะต้องผ่านการอบรมตามหลักสูตรมาตรฐานวิชาชีพที่กำหนด,ข้าราชการศาลยุติธรรมที่ดำรงตำแหน่งในสายงานที่เกี่ยวข้องต้องเข้ารับการอบรมหลักสูตรมาตรฐานวิชาชีพตามที่เลขาธิการสำนักงานศาลยุติธรรมกำหนด หรือหลักสูตรเทียบเท่า เพื่อให้มีคุณสมบัติครบถ้วนในการรับเงินเพิ่มรายเดือนอย่างถูกต้องตามระเบียบ,🔵 ฟ้า,ระเบียบภาครัฐ,ไม่มี,ราชกิจจานุเบกษา เล่ม 137 ตอนที่ 9 ก หน้า 1,-,,ข้าราชการศาลยุติธรรมที่ปฏิบัติงานด้านพัสดุ การเงินและบัญชี และตรวจสอบภายใน,"จ่ายเงินเพิ่ม, กำหนดหลักเกณฑ์, อบรมวิชาชีพ","เงินเพิ่ม, สวัสดิการ, ค่าตอบแทน","ข้าราชการศาลยุติธรรม, ตำแหน่งที่มีเหตุพิเศษ, คณะกรรมการข้าราชการศาลยุติธรรม",-,CC4,"[CC4]: ระเบียบนี้บังคับใช้กับ ""ข้าราชการศาลยุติธรรม"" โดยตรง เพื่อกำหนดหลักเกณฑ์และอัตราการจ่ายเงินเพิ่มสำหรับตำแหน่งที่มีเหตุพิเศษ (ด้านพัสดุ, การเงินและบัญชี, ตรวจสอบภายใน) ภายใต้การกำกับดูแลของคณะกรรมการข้าราชการศาลยุติธรรม (ก.ศ.)",100%,-
33,100033,ประกาศคณะกรรมการอัยการ เรื่อง การแบ่งหน่วยงาน และการกำหนดอำนาจและหน้าที่ของหน่วยงานภายในของสำนักงานอัยการสูงสุด (ฉบับที่ ๒๖) พ.ศ. ๒๕๖๓,https://ratchakitcha.soc.go.th/documents/17117491.pdf,บังคับใช้,รอตรวจสอบจากฐานข้อมูล,-,ประกาศคณะกรรมการอัยการ เรื่อง การแบ่งหน่วยงาน และการกำหนดอำนาจและหน้าที่ของหน่วยงานภายในของสำนักงานอัยการสูงสุด พ.ศ. ๒๕๕๔ (ข้อ ๗),3,กุมภาพันธ์,2563,4 กุมภาพันธ์ 2563,-,ประกาศ,พระราชบัญญัติองค์กรอัยการและพนักงานอัยการ พ.ศ. 2553 มาตรา 7,สำนักงานอัยการสูงสุด,-,-,-,แก้ไขเพิ่มเติมการแบ่งหน่วยงานและกำหนดอำนาจหน้าที่ของหน่วยงานภายในของสำนักงานอัยการสูงสุด เพื่อรองรับงานศูนย์กลางระบบฐานข้อมูลลูกหนี้ตามคำพิพากษาของหน่วยงานรัฐ งานสำรวจและตรวจสอบข้อมูลทรัพย์สิน รวมถึงการดำเนินการบังคับคดีแพ่ง คดีปกครอง และคดีอาญา (เฉพาะการยึดทรัพย์สินใช้ค่าปรับ),พนักงานอัยการและเจ้าหน้าที่สำนักงานอัยการสูงสุดในส่วนงานที่เกี่ยวข้อง ต้องรับทราบและปฏิบัติหน้าที่ตามขอบเขตความรับผิดชอบใหม่ โดยเฉพาะการบูรณาการระบบฐานข้อมูลและการบังคับคดีตามคำพิพากษาให้เป็นไปตามประกาศฉบับนี้,🔵 ฟ้า,ระเบียบภาครัฐ,ไม่มี,ราชกิจจานุเบกษา เล่ม 137 ตอนที่ 9 ก หน้า 5,-,,"หน่วยงานภายในของสำนักงานอัยการสูงสุด, พนักงานอัยการ","แบ่งหน่วยงาน, กำหนดอำนาจและหน้าที่, บังคับคดี, ยึดทรัพย์สิน, ดำเนินคดี","สำนักงานอัยการสูงสุด, หน่วยงานภายใน","คณะกรรมการอัยการ, สำนักงานอัยการสูงสุด, พนักงานอัยการ, การบังคับคดีแพ่ง, คดีปกครอง, คดีอาญา",-,CC3,"[CC3]: ประกาศนี้แก้ไขการแบ่งหน่วยงานและกำหนดอำนาจหน้าที่ภายใน ""สำนักงานอัยการสูงสุด"" และ ""พนักงานอัยการ"" โดยตรง """,100%,ยกเลิกความใน (ก) และ (ข) ของ (19) วรรคหนึ่ง ของข้อ 7 แห่งประกาศฯ พ.ศ. 2554 และยกเลิกความใน (ง) และ (จ) ของ (46) วรรคหนึ่ง ของข้อ 7 แห่งประกาศฯ พ.ศ. 2554 (แก้ไขเพิ่มเติมฉบับที่ 10 พ.ศ. 2556)
34,100034,"คำพิพากษาของศาลฎีกาแผนกคดีอาญาของผู้ดำรงตำแหน่งทางการเมือง เรื่อง ความผิดต่อตำแหน่งหน้าที่ราชการ ความผิดต่อพระราชบัญญัติว่าด้วยความผิดเกี่ยวกับการเสนอราคาต่อหน่วยงานของรัฐ ความผิดต่อพระราชบัญญัติประกอบรัฐธรรมนูญว่าด้วยการป้องกันและปราบปรามการทุจริต [คดีหมายเลขดำที่ อม. ๒๕/๒๕๕๘, อม.๑/๒๕๕๙ คดีหมายเลขแดงที่ อม. ๑๗๘/๒๕๖๐, อม. ๑๗๙/๒๕๖๐ ",https://ratchakitcha.soc.go.th/documents/17117492.pdf,บังคับใช้,-,-,-,3,กุมภาพันธ์,2563,3 กุมภาพันธ์ 2563,-,คำพิพากษาของศาลฎีกาแผนกคดีอาญา,,ศาลฎีกาแผนกคดีอาญาของผู้ดำรงตำแหน่งทางการเมือง,-,-,-,"ศาลฎีกาแผนกคดีอาญาของผู้ดำรงตำแหน่งทางการเมืองพิพากษาคดีทุจริตโครงการระบายข้าวแบบรัฐต่อรัฐ (G to G) โดยลงโทษจำคุกจำเลยที่ 3 (อดีตเลขานุการรัฐมนตรีฯ) เป็นเวลา 50 ปี และจำเลยที่ 16 เป็นเวลา 32 ปี พร้อมให้จำเลยที่ 16 ร่วมชดใช้ค่าเสียหายทางแพ่งกว่า 16,912 ล้านบาทแก่กระทรวงการคลัง เนื่องจากร่วมกันทุจริตนำข้าวของรัฐออกขายให้แก่เอกชนในประเทศ",ผู้ดำรงตำแหน่งทางการเมืองและเจ้าหน้าที่รัฐต้องปฏิบัติหน้าที่ด้วยความสุจริต โปร่งใส สำหรับภาคเอกชนและผู้ประกอบการค้าข้าวต้องดำเนินการทางการค้าอย่างถูกต้องตามกฎหมาย และห้ามมิให้สนับสนุนหรือเข้าไปมีส่วนร่วมในกระบวนการทุจริตหรือการฮั้วประมูลของหน่วยงานรัฐ เพื่อหลีกเลี่ยงโทษทางอาญาที่รุนแรงและความรับผิดทางแพ่งมูลค่ามหาศาล,⚪️ เทา,-,ไม่มี,ราชกิจจานุเบกษา เล่ม 137 ตอนที่ 9 ก หน้า 7,-,,ผู้ดำรงตำแหน่งทางการเมือง เจ้าหน้าที่ของรัฐ นิติบุคคลและบุคคลธรรมดาที่ทำสัญญากับหน่วยงานของรัฐ,"กระทำความผิดต่อตำแหน่งหน้าที่ราชการ, ทุจริตโครงการรับจำนำข้าว, ทำสัญญาซื้อขายข้าวแบบรัฐต่อรัฐ, เสนอราคาต่อหน่วยงานของรัฐ, ชดใช้ค่าสินไหมทดแทน","ข้าว, ข้าวเปลือก, ข้าวสาร","ศาลฎีกาแผนกคดีอาญาของผู้ดำรงตำแหน่งทางการเมือง, ทุจริต, ป.ป.ช., ความผิดเกี่ยวกับการเสนอราคาต่อหน่วยงานของรัฐ, ละเมิด","AA4, CC29","BY1, CA1, CC1",[AA4]: บริษัทผู้ประกอบการค้าข้าวและส่งออกข้าว ถูกศาลพิพากษาลงโทษและปรับเงินจำนวนมากในฐานะผู้สนับสนุนการทุจริตและรับประโยชน์จากโครงการขายข้าวของรัฐ [CC29]: เอกสารนี้คือคำพิพากษาของศาลฎีกาแผนกคดีอาญาของผู้ดำรงตำแหน่งทางการเมืองโดยตรง ซึ่งพิจารณาคดีทุจริตของรัฐมนตรีและข้าราชการระดับสูง [BY1]: มีการลงโทษจำเลยตาม พ.ร.บ.ว่าด้วยความผิดเกี่ยวกับการเสนอราคาต่อหน่วยงานของรัฐ (การฮั้วประมูล/หลีกเลี่ยงการแข่งขันราคา) ซึ่งเป็นกฎหมายหลักในการจัดซื้อจัดจ้างและการทำสัญญากับภาครัฐ [CA1]: ศาลอ้างอิงประมวลกฎหมายแพ่งและพาณิชย์ มาตรา 206 สั่งให้จำเลยร่วมกันชดใช้ค่าสินไหมทดแทนในมูลละเมิดพร้อมดอกเบี้ยร้อยละ 7.5 ต่อปี [CC1]: การกระทำของจำเลยมีความผิดตาม พ.ร.บ.ประกอบรัฐธรรมนูญว่าด้วยการป้องกันและปราบปรามการทุจริต (กฎหมาย ป.ป.ช.),100%,
35,100035,ระเบียบคณะกรรมการกองทุนหมู่บ้านและชุมชนเมืองแห่งชาติ ว่าด้วยการบริหารโครงการเสริมสร้างความเข้มแข็งของเศรษฐกิจฐานรากเพื่อการพัฒนาอย่างยั่งยืน พ.ศ. ๒๕๖๓,https://ratchakitcha.soc.go.th/documents/17117493.pdf,บังคับใช้,-,ระเบียบคณะกรรมการกองทุนหมู่บ้านและชุมชนเมืองแห่งชาติ ว่าด้วยการบริหารโครงการพัฒนาหมู่บ้านและชุมชนอย่างยั่งยืน โดยศาสตร์พระราชาตามแนวทางประชารัฐ พ.ศ. 2561,-,3,กุมภาพันธ์,2563,4 กุมภาพันธ์ 2563,-,ระเบียบ,"พระราชบัญญัติกองทุนหมู่บ้านและชุมชนเมืองแห่งชาติ พ.ศ. 2547 มาตรา 5 (5), พระราชบัญญัติกองทุนหมู่บ้านและชุมชนเมืองแห่งชาติ พ.ศ. 2547 มาตรา 19 (16)",สำนักงานกองทุนหมู่บ้านและชุมชนเมืองแห่งชาติ (สทบ.),-,-,-,กำหนดกรอบวัตถุประสงค์ ขั้นตอนการขอรับงบประมาณ การบริหารจัดการโครงการ การตรวจสอบ และการรายงานผล เพื่อสนับสนุนการลงทุนด้านโครงสร้างพื้นฐาน การสร้างงาน สร้างอาชีพ และต่อยอดกองทุนหมู่บ้านและชุมชนเมืองอย่างยั่งยืน,คณะกรรมการกองทุนหมู่บ้านต้องจัดประชุมสมาชิกตามองค์ประชุมที่กำหนดเพื่อพิจารณาคัดเลือกโครงการ เปิดหรือใช้บัญชีโครงการที่กำหนด และต้องบริหารงบประมาณด้วยความโปร่งใส ห้ามนำไปให้สมาชิกกู้ยืมหรือใช้เพื่อประโยชน์ส่วนตัว พร้อมทั้งจัดทำบัญชีรับ-จ่ายและรายงานผลตามระเบียบอย่างเคร่งครัด,🟠 ส้ม,โทษทางแพ่ง,ไม่มี,ราชกิจจานุเบกษา เล่ม 137 ตอนพิเศษ 27 ง,คู่มือ แนวทาง วิธีการดำเนินงานตามโครงการของสำนักงานกองทุนหมู่บ้านและชุมชนเมืองแห่งชาติ,,"กองทุนหมู่บ้านและชุมชนเมือง, คณะกรรมการกองทุนหมู่บ้าน","บริหารโครงการ, จัดสรรงบประมาณ, จัดซื้อจัดจ้าง, จัดทำบัญชี, ตรวจสอบ, ติดตามประเมินผล","กองทุนหมู่บ้าน, ชุมชนเมือง, งบประมาณ, โครงการพัฒนา, เศรษฐกิจฐานราก","กองทุนหมู่บ้านและชุมชนเมืองแห่งชาติ, เศรษฐกิจฐานราก, ศาสตร์พระราชา, ประชารัฐ, การพัฒนาอย่างยั่งยืน","CB11, CC28",BY1,"[CB11]: ระเบียบข้อ 11 อนุญาตให้กองทุนหมู่บ้านนำงบประมาณที่ได้รับการจัดสรรไปต่อยอดและร่วมดำเนินงานกับองค์กรวิสาหกิจชุมชนได้ [CC28]: ระเบียบนี้บังคับใช้โดยตรงกับ ""สำนักงานกองทุนหมู่บ้านและชุมชนเมืองแห่งชาติ"" ซึ่งมีสถานะเป็นองค์การมหาชน ให้ดำเนินการจัดสรรเงินงบประมาณและกำกับดูแลกองทุนหมู่บ้านและชุมชนเมือง [BY1]: ระเบียบข้อ 20 และ 22 กำหนดให้คณะกรรมการกองทุนหมู่บ้านต้องรับผิดชอบกระบวนการ ""การจัดซื้อจัดจ้าง"" และต้องออกระเบียบข้อบังคับเกี่ยวกับการจัดซื้อจัดจ้างของกองทุนหมู่บ้านมารองรับการใช้จ่ายเงินงบประมาณโครงการ",100%,ยกเลิกระเบียบคณะกรรมการกองทุนหมู่บ้านและชุมชนเมืองแห่งชาติ ว่าด้วยการบริหารโครงการพัฒนาหมู่บ้านและชุมชนอย่างยั่งยืน โดยศาสตร์พระราชาตามแนวทางประชารัฐ พ.ศ. 2561 (ตามข้อ 3)
36,100036,ระเบียบสำนักงานตำรวจแห่งชาติ ว่าด้วยการแจ้งการเปลี่ยนที่พักอาศัย การย้ายที่พักอาศัย การเดินทางไปอยู่ต่างจังหวัดเกินยี่สิบสี่ชั่วโมง และการอยู่ในราชอาณาจักรเกินเก้าสิบวันของคนต่างด้าวซึ่งได้รับอนุญาตให้อยู่ในราชอาณาจักรเป็นการชั่วคราว,https://ratchakitcha.soc.go.th/documents/17117451.pdf,สิ้นผล,,ระเบียบกรมตำรวจ ว่าด้วยการแจ้งการเปลี่ยนที่พักอาศัย การย้ายที่พักอาศัย การเดินทางไปอยู่ต่างจังหวัดเกินยี่สิบสี่ชั่วโมง และการอยู่ในราชอาณาจักรเกินเก้าสิบวันของคนต่างด้าวซึ่งได้รับอนุญาตให้อยู่ในราชอาณาจักรเป็นการชั่วคราว,,31,มกราคม,2563,28 มกราคม 2563,-,ระเบียบ,พระราชบัญญัติคนเข้าเมือง พ.ศ. 2522 มาตรา 37,"สำนักงานตำรวจแห่งชาติ (และส่วนบังคับบัญชา / สำนักงานยุทธศาสตร์ตำรวจ), สำนักงานตรวจคนเข้าเมือง (สตม.)",-,-,-,ปรับปรุงหลักเกณฑ์และเงื่อนไขให้คนต่างด้าวที่ได้รับอนุญาตให้อยู่ในราชอาณาจักรเป็นการชั่วคราว ต้องแจ้งการเปลี่ยนที่พัก การเดินทางไปต่างจังหวัดเกิน 24 ชั่วโมง และการอยู่ในไทยเกิน 90 วัน เพื่อให้สอดคล้องกับการเป็นรัฐบาลดิจิทัลและรักษาความมั่นคง (ยกเว้นคนต่างด้าวบางประเภท เช่น นักการทูต นักท่องเที่ยว หรือผู้ลงทุน),คนต่างด้าวที่ไม่ได้เข้าข้อยกเว้นตามที่ระบุในระเบียบ ต้องแจ้งการเปลี่ยนหรือย้ายที่พักอาศัยภายใน 24 ชั่วโมง แจ้งการอยู่ต่างจังหวัดเกิน 24 ชั่วโมงให้แจ้งภายใน 48 ชั่วโมงเมื่อไปถึง และแจ้งพำนักเกิน 90 วัน โดยสามารถแจ้งด้วยตนเอง มอบหมายผู้อื่น หรือส่งทางไปรษณีย์ต่อพนักงานเจ้าหน้าที่ตรวจคนเข้าเมืองหรือตำรวจท้องที่,โทษเชื่อมโยงจากกฎหมายแม่,รอเชื่อมโยง: พ.ร.บ. คนเข้าเมือง พ.ศ. 2522 มาตรา 37,"แบบการแจ้งไม่เข้าพักอาศัยตามที่ระบุไว้ในบัตรขาเข้าของบุคคลต่างด้าว (ตม.27), แบบการแจ้งอยู่เกินกว่า 90 วัน ของบุคคลต่างด้าว (ตม.47)",ราชกิจจานุเบกษา เล่ม 137 ตอนพิเศษ 26 ง หน้า 1,คู่มือการแจ้งที่พักอาศัยของคนต่างด้าว สำนักงานตรวจคนเข้าเมือง,,คนต่างด้าวที่ได้รับอนุญาตให้อยู่ในราชอาณาจักรเป็นการชั่วคราว,"แจ้งเปลี่ยนที่พักอาศัย, ย้ายที่พักอาศัย, เดินทางไปต่างจังหวัด, แจ้งอยู่ในราชอาณาจักรเกิน 90 วัน",คนต่างด้าว,"พระราชบัญญัติคนเข้าเมือง, ตรวจคนเข้าเมือง, ตม.27, ตม.47",-,BV2,"[BV2]: ระเบียบนี้ออกตามความในมาตรา 37 แห่ง พ.ร.บ.คนเข้าเมือง กำหนดหน้าที่และแบบฟอร์มการแจ้งเปลี่ยนที่พักอาศัยและการรายงานตัวทุก 90 วัน (ตม.27, ตม.47) สำหรับคนต่างด้าวโดยตรง รวมถึงข้อยกเว้นการแจ้งย้ายที่พักอาศัยสำหรับคนต่างด้าวบางกลุ่ม (ข้อ 6) ซึ่งหน่วยงาน ฝ่ายทรัพยากรบุคคล (HR) และผู้ให้บริการด้านวีซ่า ต้องใช้เป็นหลักเกณฑ์ในการกำกับดูแลและอำนวยความสะดวกแก่ชาวต่างชาติในองค์กร",100%,ยกเลิกระเบียบกรมตำรวจ ว่าด้วยการแจ้งการเปลี่ยนที่พักอาศัยฯ พ.ศ. 2522 (ตามข้อ 1)
37,100037,ระเบียบสภาผู้แทนราษฎร ว่าด้วยหลักเกณฑ์ วิธีการในการแต่งตั้งและสิทธิประโยชน์ของคณะกรรมการประสานงานพรรคการเมืองฝ่ายค้านในสภาผู้แทนราษฎร พ.ศ. ๒๕๖๓,https://ratchakitcha.soc.go.th/documents/17117428.pdf,บังคับใช้,,,,31,มกราคม,2563,1 กุมภาพันธ์ 2563,-,ระเบียบ,"ข้อบังคับการประชุมสภาผู้แทนราษฎร พ.ศ. 2562 ข้อ 4, ข้อบังคับการประชุมสภาผู้แทนราษฎร พ.ศ. 2562 ข้อ 15 วรรคสอง",สำนักงานเลขาธิการสภาผู้แทนราษฎร,-,-,-,กำหนดหลักเกณฑ์ วิธีการแต่งตั้ง หน้าที่และอำนาจ ตลอดจนสิทธิประโยชน์ในการรับเบี้ยประชุมของคณะกรรมการประสานงานพรรคการเมืองฝ่ายค้านในสภาผู้แทนราษฎร โดยให้มีกรรมการจากพรรคการเมืองฝ่ายค้านจำนวนไม่เกิน 24 คน,พรรคการเมืองฝ่ายค้านในสภาผู้แทนราษฎรต้องประสานงานและเสนอรายชื่อสมาชิกสภาผู้แทนราษฎรในสังกัด เพื่อให้ประธานสภาผู้แทนราษฎรแต่งตั้งเป็นคณะกรรมการประสานงานฯ และผู้ได้รับการแต่งตั้งมีสิทธิเบิกจ่ายเบี้ยประชุมตามระเบียบที่กำหนด,⚪️ เทา,-,ไม่มี,ราชกิจจานุเบกษา เล่ม 137 ตอนพิเศษ 25 ง หน้า 1,-,,"ผู้นำฝ่ายค้านในสภาผู้แทนราษฎร, สมาชิกสภาผู้แทนราษฎรฝ่ายค้าน, ประธานสภาผู้แทนราษฎร","แต่งตั้งคณะกรรมการ, กำหนดสิทธิประโยชน์, ประสานงานพรรคการเมืองฝ่ายค้าน, จ่ายเบี้ยประชุม","คณะกรรมการประสานงานพรรคการเมืองฝ่ายค้าน, สภาผู้แทนราษฎร, พรรคการเมือง","ระเบียบสภาผู้แทนราษฎร, ผู้นำฝ่ายค้าน, เบี้ยประชุม, ข้อบังคับการประชุมสภาผู้แทนราษฎร",-,"CB5, CC10","[CB5]: ระเบียบนี้มีผลเกี่ยวข้องกับ ""พรรคการเมือง"" ฝ่ายค้าน ในการส่งตัวแทนสมาชิกสภาผู้แทนราษฎรในสังกัดเข้าร่วมเป็นคณะกรรมการประสานงาน [CC10]: บังคับใช้โดยตรงกับ ""รัฐสภา"" (สภาผู้แทนราษฎรและสมาชิกสภาผู้แทนราษฎร) ในการแต่งตั้ง กำหนดหน้าที่ และจ่ายเบี้ยประชุมให้แก่คณะกรรมการประสานงานพรรคการเมืองฝ่ายค้านในสภาผู้แทนราษฎร",100%,-
38,100038,ระเบียบสภาผู้แทนราษฎร ว่าด้วยหลักเกณฑ์ วิธีการในการแต่งตั้งและสิทธิประโยชน์ของคณะกรรมการประสานงานร่วมสภาผู้แทนราษฎร พ.ศ. ๒๕๖๓,https://ratchakitcha.soc.go.th/documents/17117429.pdf,บังคับใช้,,,,31,มกราคม,2563,1 กุมภาพันธ์ 2563,-,ระเบียบ,"ข้อบังคับการประชุมสภาผู้แทนราษฎร พ.ศ. 2562 ข้อ 4, ข้อบังคับการประชุมสภาผู้แทนราษฎร พ.ศ. 2562 ข้อ 12 วรรคสอง",สำนักงานเลขาธิการสภาผู้แทนราษฎร,-,-,-,กำหนดหลักเกณฑ์ วิธีการในการแต่งตั้ง หน้าที่ อำนาจ และสิทธิประโยชน์ของคณะกรรมการประสานงานร่วมสภาผู้แทนราษฎร โดยประกอบด้วยตัวแทนสมาชิกสภาผู้แทนราษฎรจากพรรคการเมืองฝ่ายรัฐบาลจำนวน 5 คน และจากพรรคการเมืองฝ่ายค้านจำนวน 5 คน,คณะกรรมการประสานงานพรรคการเมืองฝ่ายรัฐบาลและคณะกรรมการประสานงานพรรคการเมืองฝ่ายค้าน มีหน้าที่เสนอรายชื่อสมาชิกสภาผู้แทนราษฎรฝ่ายละ 5 คนให้ประธานสภาผู้แทนราษฎรแต่งตั้งเป็นกรรมการประสานงานร่วมฯ โดยผู้ได้รับแต่งตั้งมีสิทธิได้รับเบี้ยประชุมตามระเบียบรัฐสภา,⚪️ เทา,-,ไม่มี,ราชกิจจานุเบกษา เล่ม 137 ตอนพิเศษ 25 ง หน้า 3,-,,"คณะกรรมการประสานงานร่วมสภาผู้แทนราษฎร, ประธานสภาผู้แทนราษฎร, สมาชิกสภาผู้แทนราษฎร","แต่งตั้งคณะกรรมการ, กำหนดสิทธิประโยชน์, ประสานงานร่วมสภาผู้แทนราษฎร, จ่ายเบี้ยประชุม","คณะกรรมการประสานงานร่วมสภาผู้แทนราษฎร, สภาผู้แทนราษฎร, พรรคการเมือง","ระเบียบสภาผู้แทนราษฎร, คณะกรรมการประสานงานร่วมสภาผู้แทนราษฎร, ข้อบังคับการประชุมสภาผู้แทนราษฎร, เบี้ยประชุม",-,"CB5, CC10","[CB5]: ระเบียบนี้มีผลเกี่ยวข้องกับ ""พรรคการเมือง"" ทั้งฝ่ายรัฐบาลและฝ่ายค้าน ในการเสนอมติเพื่อส่งตัวแทนเข้าร่วมเป็นคณะกรรมการประสานงานร่วมสภาผู้แทนราษฎร [CC10]: บังคับใช้โดยตรงกับ ""รัฐสภา"" (สภาผู้แทนราษฎรและสมาชิกสภาผู้แทนราษฎร) ในเรื่องหลักเกณฑ์การแต่งตั้ง หน้าที่ และการจ่ายเบี้ยประชุมของคณะกรรมการประสานงานร่วมสภาผู้แทนราษฎร",,
39,100039,ระเบียบคณะกรรมการการเลือกตั้ง ว่าด้วยการเลือกตั้งสมาชิกสภาท้องถิ่นหรือผู้บริหารท้องถิ่น (ฉบับที่ ๒) พ.ศ. ๒๕๖๓,https://ratchakitcha.soc.go.th/documents/17117425.pdf,บังคับใช้,รอตรวจสอบจากฐานข้อมูล,-,"ระเบียบคณะกรรมการการเลือกตั้งว่าด้วยการเลือกตั้งสมาชิกสภาท้องถิ่นหรือผู้บริหารท้องถิ่น พ.ศ. ๒๕๖๒ (ข้อ ๑๓ วรรคสอง (ค), ข้อ ๒๓๒)",30,มกราคม,2563,31 มกราคม 2563,-,ระเบียบ,"พระราชบัญญัติประกอบรัฐธรรมนูญว่าด้วยคณะกรรมการการเลือกตั้ง พ.ศ. 2560 มาตรา 22, พระราชบัญญัติการเลือกตั้งสมาชิกสภาท้องถิ่นหรือผู้บริหารท้องถิ่น พ.ศ. 2562 มาตรา 9, พระราชบัญญัติการเลือกตั้งสมาชิกสภาท้องถิ่นหรือผู้บริหารท้องถิ่น พ.ศ. 2562 มาตรา 19, พระราชบัญญัติการเลือกตั้งสมาชิกสภาท้องถิ่นหรือผู้บริหารท้องถิ่น พ.ศ. 2562 มาตรา 20, พระราชบัญญัติการเลือกตั้งสมาชิกสภาท้องถิ่นหรือผู้บริหารท้องถิ่น พ.ศ. 2562 มาตรา 21",สำนักงานคณะกรรมการการเลือกตั้ง (กกต.),-,-,-,แก้ไขเพิ่มเติมระเบียบคณะกรรมการการเลือกตั้งฯ พ.ศ. 2562 โดยปรับปรุงหลักเกณฑ์การแบ่งเขตเลือกตั้งให้มีจำนวนราษฎรใกล้เคียงกัน (ผลต่างไม่ควรเกินร้อยละ 10 เว้นแต่มีข้อจำกัดทางภูมิประเทศ) และกำหนดองค์ประกอบของคณะกรรมการแบ่งเขตเลือกตั้งสำหรับการเลือกตั้งครั้งแรกให้ครอบคลุมตัวแทนจากองค์กรปกครองส่วนท้องถิ่นประเภทต่าง ๆ,เจ้าหน้าที่และตัวแทนองค์กรปกครองส่วนท้องถิ่นที่ได้รับมอบหมาย ต้องเข้าร่วมประชุมชี้แจงและให้ข้อเสนอแนะประกอบการพิจารณาแบ่งเขตเลือกตั้งตามที่ผู้อำนวยการการเลือกตั้งประจำจังหวัดแจ้ง เพื่อให้การแบ่งเขตเป็นไปตามหลักเกณฑ์สัดส่วนราษฎรที่ปรับปรุงใหม่,⚪️ เทา,-,ไม่มี,ราชกิจจานุเบกษา เล่ม 137 ตอนที่ 9 ก หน้า 17,-,,"คณะกรรมการการเลือกตั้ง, องค์กรปกครองส่วนท้องถิ่น, ผู้อำนวยการการเลือกตั้งประจำจังหวัด","แบ่งเขตเลือกตั้ง, เลือกตั้งสมาชิกสภาท้องถิ่น, เลือกตั้งผู้บริหารท้องถิ่น","การเลือกตั้งท้องถิ่น, เขตเลือกตั้ง","คณะกรรมการการเลือกตั้ง, การแบ่งเขตเลือกตั้ง, สมาชิกสภาท้องถิ่น, ผู้บริหารท้องถิ่น, องค์กรปกครองส่วนท้องถิ่น",-,CC5,[CC5]: เอกสารฉบับนี้คือระเบียบของคณะกรรมการการเลือกตั้ง (กกต.) ที่กำหนดหลักเกณฑ์และวิธีการแบ่งเขตเลือกตั้งสมาชิกสภาท้องถิ่นหรือผู้บริหารท้องถิ่น (เช่น องค์การบริหารส่วนจังหวัด เทศบาล) ซึ่งบังคับใช้โดยตรงกับผู้สมัครรับเลือกตั้ง พรรคการเมือง และเจ้าหน้าที่ที่เกี่ยวข้องกับการจัดการเลือกตั้ง,100%,ยกเลิกความในข้อ 13 วรรคสอง (ค) และเพิ่มข้อ 232 ของระเบียบคณะกรรมการการเลือกตั้งว่าด้วยการเลือกตั้งสมาชิกสภาท้องถิ่นหรือผู้บริหารท้องถิ่น พ.ศ. 2562
40,100040,ระเบียบคณะกรรมการการเลือกตั้ง ว่าด้วยการจัดยานพาหนะโดยหน่วยงานของรัฐเพื่ออำนวยความสะดวกแก่ผู้มีสิทธิเลือกตั้งสมาชิกสภาท้องถิ่นหรือผู้บริหารท้องถิ่น พ.ศ. ๒๕๖๓,https://ratchakitcha.soc.go.th/documents/17117426.pdf,บังคับใช้,,,,30,มกราคม,2563,31 มกราคม 2563,-,ระเบียบ,"พระราชบัญญัติประกอบรัฐธรรมนูญว่าด้วยคณะกรรมการการเลือกตั้ง พ.ศ. 2560 มาตรา 5, พระราชบัญญัติประกอบรัฐธรรมนูญว่าด้วยคณะกรรมการการเลือกตั้ง พ.ศ. 2560 มาตรา 22, พระราชบัญญัติการเลือกตั้งสมาชิกสภาท้องถิ่นหรือผู้บริหารท้องถิ่น พ.ศ. 2562 มาตรา 9, พระราชบัญญัติการเลือกตั้งสมาชิกสภาท้องถิ่นหรือผู้บริหารท้องถิ่น พ.ศ. 2562 มาตรา 67 วรรคสาม",สำนักงานคณะกรรมการการเลือกตั้ง (กกต.),-,-,-,ระเบียบกำหนดหลักเกณฑ์ให้หน่วยงานของรัฐที่ต้องการจัดยานพาหนะอำนวยความสะดวกแก่ผู้มีสิทธิเลือกตั้งท้องถิ่น ต้องแจ้งให้ผู้อำนวยการการเลือกตั้งประจำจังหวัดทราบล่วงหน้าและติดป้ายประกาศที่ยานพาหนะให้ชัดเจน โดยห้ามองค์กรปกครองส่วนท้องถิ่นที่มีการเลือกตั้งจัดยานพาหนะ และห้ามกระทำการใดๆ เพื่อจูงใจในการลงคะแนน,หน่วยงานของรัฐที่ประสงค์จะจัดยานพาหนะรับส่งผู้มีสิทธิเลือกตั้งต้องแจ้งผู้อำนวยการการเลือกตั้งประจำจังหวัดก่อนดำเนินการ และติดป้ายระบุชื่อหน่วยงานให้ชัดเจนที่ยานพาหนะ ทั้งนี้ องค์กรปกครองส่วนท้องถิ่นที่มีการเลือกตั้งห้ามจัดยานพาหนะเด็ดขาด และห้ามใช้ยานพาหนะเพื่อจูงใจหรือควบคุมการตัดสินใจของผู้มีสิทธิเลือกตั้ง,⚪️ เทา,-,ไม่มี,ราชกิจจานุเบกษา เล่ม 137 ตอนที่ 9 ก หน้า 19,-,,"หน่วยงานของรัฐ, องค์กรปกครองส่วนท้องถิ่น, ผู้มีสิทธิเลือกตั้ง","จัดยานพาหนะ, อำนวยความสะดวก, แจ้งผู้อำนวยการการเลือกตั้ง, ปิดประกาศ","ยานพาหนะ, การเลือกตั้งท้องถิ่น","คณะกรรมการการเลือกตั้ง, หน่วยงานของรัฐ, องค์กรปกครองส่วนท้องถิ่น, ผู้มีสิทธิเลือกตั้ง",-,CC5,[CC5]: เอกสารนี้เป็นระเบียบที่ออกโดยคณะกรรมการการเลือกตั้ง (กกต.) เพื่อบังคับใช้กับหน่วยงานของรัฐในการกำหนดหลักเกณฑ์ ข้อปฏิบัติ และข้อห้ามเกี่ยวกับการจัดยานพาหนะเพื่ออำนวยความสะดวกแก่ผู้มีสิทธิเลือกตั้งสมาชิกสภาท้องถิ่นหรือผู้บริหารท้องถิ่น,100%,ห้ามมิให้องค์กรปกครองส่วนท้องถิ่นที่มีการเลือกตั้งจัดยานพาหนะเพื่ออำนวยความสะดวกแก่ผู้มีสิทธิเลือกตั้งในเขตของตนเด็ดขาด (ตามข้อ 4 วรรคสอง)
41,100041,ระเบียบคณะกรรมการกิจการกระจายเสียง กิจการโทรทัศน์ และกิจการโทรคมนาคมแห่งชาติ ว่าด้วยรถของสำนักงาน กสทช. พ.ศ. ๒๕๖๓,https://ratchakitcha.soc.go.th/documents/17117473.pdf,บังคับใช้,รอตรวจสอบจากฐานข้อมูล,"ระเบียบคณะกรรมการกิจการโทรคมนาคมแห่งชาติว่าด้วยรถของสำนักงาน พ.ศ. ๒๕๔๘, ระเบียบคณะกรรมการกิจการโทรคมนาคมแห่งชาติว่าด้วยรถของสำนักงาน (ฉบับที่ ๒) พ.ศ. ๒๕๕๐, ระเบียบคณะกรรมการกิจการโทรคมนาคมแห่งชาติว่าด้วยรถของสำนักงาน (ฉบับที่ ๓) พ.ศ. ๒๕๕๑",-,30,มกราคม,2563,31 มกราคม 2563,-,ระเบียบ,"พระราชบัญญัติองค์กรจัดสรรคลื่นความถี่และกำกับการประกอบกิจการวิทยุกระจายเสียง วิทยุโทรทัศน์ และกิจการโทรคมนาคม พ.ศ. 2553 มาตรา 27 (19), พระราชบัญญัติองค์กรจัดสรรคลื่นความถี่และกำกับการประกอบกิจการวิทยุกระจายเสียง วิทยุโทรทัศน์ และกิจการโทรคมนาคม พ.ศ. 2553 มาตรา 58",สำนักงานคณะกรรมการกิจการกระจายเสียง กิจการโทรทัศน์ และกิจการโทรคมนาคมแห่งชาติ (กสทช.),-,-,-,กำหนดหลักเกณฑ์และวิธีปฏิบัติเกี่ยวกับการจัดหา การใช้งาน การเก็บรักษา การซ่อมบำรุง และการเบิกจ่ายค่าเชื้อเพลิงสำหรับรถของสำนักงาน กสทช. (แบ่งเป็นรถประจำตำแหน่งและรถส่วนกลาง) เพื่อให้การใช้งานเป็นไปด้วยความเรียบร้อยและเกิดประโยชน์สูงสุด,ผู้บริหารและพนักงานของสำนักงาน กสทช. ต้องปฏิบัติตามหลักเกณฑ์การใช้รถอย่างเคร่งครัด โดยผู้มีสิทธิใช้รถประจำตำแหน่งต้องรับผิดชอบค่าเชื้อเพลิงเอง (เว้นแต่กรณีปฏิบัติงานนอกหน้าที่ปกติ) และต้องส่งคืนรถภายใน 30 วันเมื่อพ้นจากตำแหน่ง ส่วนการใช้รถส่วนกลางต้องขออนุญาตจากหน่วยงานที่รับผิดชอบและใช้เพื่อกิจการส่วนรวมเท่านั้น,🔵 ฟ้า,ระเบียบภาครัฐ,ไม่มี,ราชกิจจานุเบกษา เล่ม 137 ตอนพิเศษ 24 ง หน้า 1,คู่มือการบริหารจัดการพัสดุและยานพาหนะของหน่วยงานภาครัฐ,,"ผู้บริหาร, พนักงาน, ลูกจ้าง และผู้ปฏิบัติงานของสำนักงาน กสทช.","จัดหารถ, ใช้งานรถ, เก็บรักษา, ซ่อมบำรุง, เบิกจ่ายค่าเชื้อเพลิง, เช่ารถ","รถประจำตำแหน่ง, รถส่วนกลาง, รถยนต์","สำนักงาน กสทช., รถของสำนักงาน, การจัดซื้อจัดจ้างและการบริหารพัสดุภาครัฐ",CC30,BY1,"[CC30]: ระเบียบนี้บังคับใช้กับ ""สำนักงาน กสทช."" และบุคลากรภายในโดยตรง เพื่อกำหนดหลักเกณฑ์การจัดหา ใช้งาน เก็บรักษา ซ่อมบำรุง และเบิกจ่ายค่าเชื้อเพลิงสำหรับรถประจำตำแหน่งและรถส่วนกลาง [BY1]: ข้อ 12 กำหนดให้การจัดหารถของสำนักงาน กสทช. ต้องปฏิบัติตามกฎหมายว่าด้วยการจัดซื้อจัดจ้างและการบริหารพัสดุภาครัฐ ซึ่งเชื่อมโยงถึงผู้ประกอบการเอกชนคู่ค้าที่จะเข้ามาให้เช่าหรือขายรถยนต์แก่ กสทช.",100%,"ยกเลิกระเบียบคณะกรรมการกิจการโทรคมนาคมแห่งชาติว่าด้วยรถของสำนักงาน พ.ศ. 2548, (ฉบับที่ 2) พ.ศ. 2550 และ (ฉบับที่ 3) พ.ศ. 2551 (ตามข้อ 3)"
42,100042,กฎกระทรวงกำหนดพัสดุและวิธีการจัดซื้อจัดจ้างพัสดุที่รัฐต้องการส่งเสริมหรือสนับสนุน พ.ศ. ๒๕๖๓,https://ratchakitcha.soc.go.th/documents/17117175.pdf,บังคับใช้,,"กฎกระทรวงกำหนดพัสดุที่รัฐต้องการส่งเสริมหรือสนับสนุนและกำหนดวิธีการจัดซื้อจัดจ้างพัสดุโดยวิธีคัดเลือกและวิธีเฉพาะเจาะจง พ.ศ. ๒๕๖๐,
 กฎกระทรวงกำหนดพัสดุที่รัฐต้องการส่งเสริมหรือสนับสนุนและกำหนดวิธีการจัดซื้อจัดจ้างพัสดุโดยวิธีคัดเลือกและวิธีเฉพาะเจาะจง (ฉบับที่ ๒) พ.ศ. ๒๕๖๑",,29,มกราคม,2563,30 มกราคม 2563,-,กฎกระทรวง,"พระราชบัญญัติการจัดซื้อจัดจ้างและการบริหารพัสดุภาครัฐ พ.ศ. 2560 มาตรา 5 วรรคหนึ่ง, พระราชบัญญัติการจัดซื้อจัดจ้างและการบริหารพัสดุภาครัฐ พ.ศ. 2560 มาตรา 56 วรรคหนึ่ง (1) (ซ), พระราชบัญญัติการจัดซื้อจัดจ้างและการบริหารพัสดุภาครัฐ พ.ศ. 2560 มาตรา 56 วรรคหนึ่ง (2) (ฉ), พระราชบัญญัติการจัดซื้อจัดจ้างและการบริหารพัสดุภาครัฐ พ.ศ. 2560 มาตรา 56 วรรคสอง, พระราชบัญญัติการจัดซื้อจัดจ้างและการบริหารพัสดุภาครัฐ พ.ศ. 2560 มาตรา 65 วรรคสอง, พระราชบัญญัติการจัดซื้อจัดจ้างและการบริหารพัสดุภาครัฐ พ.ศ. 2560 มาตรา 75 วรรคสอง",กระทรวงการคลัง,-,-,-,กำหนดรายการพัสดุและประเภทที่ปรึกษาที่รัฐต้องการส่งเสริมหรือสนับสนุน (เช่น พัสดุการเกษตร พัสดุวิสาหกิจชุมชน พัสดุผู้ด้อยโอกาส พัสดุนวัตกรรม ยาและเวชภัณฑ์ พัสดุพลังงาน บริการทางวิชาการจากสถาบันการศึกษา ฯลฯ) พร้อมระบุวิธีการจัดซื้อจัดจ้างที่หน่วยงานรัฐสามารถใช้วิธีเฉพาะเจาะจงหรือวิธีคัดเลือกได้ตามเงื่อนไข,หน่วยงานของรัฐต้องตรวจสอบรายการพัสดุและเงื่อนไขตามกฎกระทรวงนี้ เพื่อดำเนินการจัดซื้อจัดจ้างให้ถูกต้องตามวิธีการที่กำหนด (วิธีเฉพาะเจาะจง วิธีคัดเลือก หรือวิธีประกาศเชิญชวนทั่วไป) และสนับสนุนผู้ประกอบการกลุ่มเป้าหมายอย่างโปร่งใสตามสัดส่วนหรืองบประมาณที่กฎหมายบังคับ,🔵 ฟ้า,ระเบียบภาครัฐ,ไม่มี,ราชกิจจานุเบกษา เล่ม 137 ตอนที่ 8 ก หน้า 1,-,,หน่วยงานของรัฐ ผู้ประกอบธุรกิจ,"กำหนดพัสดุ, จัดซื้อจัดจ้าง, ส่งเสริม, สนับสนุน","พัสดุ, ผลิตภัณฑ์เกษตร, นมโรงเรียน, ผลิตภัณฑ์ชุมชน, สินค้านวัตกรรม, ยาหลักแห่งชาติ, น้ำมันเชื้อเพลิง, ที่ปรึกษา","พระราชบัญญัติการจัดซื้อจัดจ้างและการบริหารพัสดุภาครัฐ, วิธีเฉพาะเจาะจง, วิธีคัดเลือก, บัญชีนวัตกรรมไทย, บัญชียาหลักแห่งชาติ","AM6, AM9, BL1, BL3, BY1, CB9, CB11, CC28",-,"[AM6]: หมวด 8 กำหนดให้มหาวิทยาลัยของรัฐทุกแห่งเป็นที่ปรึกษาที่รัฐต้องการส่งเสริมโดยให้จัดจ้างด้วยวิธีเฉพาะเจาะจง [AM9]: หมวด 3 กำหนดให้ผลงานและบริการจากสถาบันการอาชีวศึกษาเป็นพัสดุส่งเสริมการเรียนการสอนที่รัฐต้องสนับสนุน [BL1]: หมวด 4 กำหนดให้หน่วยงานของรัฐต้องจัดซื้อพัสดุที่อยู่ใน ""บัญชีนวัตกรรมไทย"" ไม่น้อยกว่าร้อยละ 30 ของงบประมาณ ซึ่งสนับสนุนธุรกิจวิจัยและพัฒนานวัตกรรม [BL3]: หมวด 7 กำหนดให้งานจ้างบริการทางห้องปฏิบัติการทดสอบและสอบเทียบของบริษัทห้องปฏิบัติการกลางฯ เป็นพัสดุที่รัฐต้องการส่งเสริม [BY1]: บังคับใช้กระบวนการและวิธีการจัดซื้อจัดจ้าง (วิธีเฉพาะเจาะจง, วิธีคัดเลือก) กับเจ้าหน้าที่พัสดุภาครัฐและเอกชนคู่สัญญาโดยตรง [CB9]: หมวด 1 และ 2 กำหนดให้ผลิตภัณฑ์จากชุมนุมสหกรณ์การเกษตร ร้านสหกรณ์ และกลุ่มเกษตรกร เป็นพัสดุที่รัฐต้องการส่งเสริม [CB11]: หมวด 2 กำหนดให้ผลิตภัณฑ์จากกลุ่มอาชีพในหมู่บ้านและตำบล (วิสาหกิจชุมชน) เป็นพัสดุที่รัฐต้องให้การสนับสนุน [CC28]: หมวด 8 ระบุชื่อองค์การมหาชนและสถาบันของรัฐหลายแห่ง (เช่น วว., สวทช.) ให้เป็นที่ปรึกษาที่รัฐต้องส่งเสริม",100%,ยกเลิกกฎกระทรวงกำหนดพัสดุที่รัฐต้องการส่งเสริมหรือสนับสนุนและกำหนดวิธีการจัดซื้อจัดจ้างพัสดุโดยวิธีคัดเลือกและวิธีเฉพาะเจาะจง พ.ศ. 2560 และ (ฉบับที่ 2) พ.ศ. 2561 (ตามข้อ 1)
43,100043,กฎกระทรวงการจัดสวัสดิการสังคมที่เกี่ยวกับการป้องกันและแก้ไขปัญหาการตั้งครรภ์ในวัยรุ่น พ.ศ. ๒๕๖๓,https://ratchakitcha.soc.go.th/documents/17117176.pdf,บังคับใช้,,,,29,มกราคม,2563,29 มีนาคม 2563,-,กฎกระทรวง,"พระราชบัญญัติการป้องกันและแก้ไขปัญหาการตั้งครรภ์ในวัยรุ่น พ.ศ. 2559 มาตรา 4, พระราชบัญญัติการป้องกันและแก้ไขปัญหาการตั้งครรภ์ในวัยรุ่น พ.ศ. 2559 มาตรา 9",กระทรวงการพัฒนาสังคมและความมั่นคงของมนุษย์,-,-,-,กำหนดหลักเกณฑ์การจัดสวัสดิการสังคมเพื่อป้องกันและแก้ไขปัญหาการตั้งครรภ์ในวัยรุ่น โดยมอบหมายให้กรมกิจการเด็กและเยาวชน กรมกิจการสตรีและสถาบันครอบครัว ส่งเสริมสภาเด็กและเยาวชน ให้บริการฝึกอาชีพ จัดหาครอบครัวทดแทน และสนับสนุนด้านที่พักอาศัย การศึกษา และบริการสุขภาพแก่วัยรุ่นที่ตั้งครรภ์,ภาคเอกชน สถานประกอบการ และสถานบริการเพื่อสังคม สามารถประสานความร่วมมือกับหน่วยงานของรัฐเพื่อสนับสนุนการฝึกอาชีพ หรือรับแม่วัยรุ่นเข้าทำงานอย่างเหมาะสมตามแนวนโยบายสวัสดิการสังคมของภาครัฐ,⚪️ เทา,-,ไม่มี,ราชกิจจานุเบกษา เล่ม 137 ตอนที่ 3 ก หน้า 3,"1) คู่มือ แนวทาง และมาตรฐาน: แนวปฏิบัติการจัดสวัสดิการสังคมตามพระราชบัญญัติการป้องกันและแก้ไขปัญหาการตั้งครรภ์ในวัยรุ่น พ.ศ. 2559, มาตรฐานการอุปการะเลี้ยงดู อบรมสั่งสอน และพัฒนาเด็กที่อยู่ในความปกครองดูแลตามกฎหมายว่าด้วยการคุ้มครองเด็ก

2) แบบฟอร์มที่ต้องใช้: แบบการแจ้งความประสงค์ขอรับการฝึกอาชีพ, แบบการแจ้งความประสงค์ขอรับเลี้ยงดูบุตรเป็นครอบครัวทดแทน, แบบบันทึกข้อตกลงการมอบบุตรให้ครอบครัวทดแทน",,"วัยรุ่นที่ตั้งครรภ์, แม่วัยรุ่น, สภาเด็กและเยาวชน, หน่วยงานของรัฐและเอกชนที่เกี่ยวข้อง","ป้องกันและแก้ไขปัญหา, ส่งเสริมสนับสนุน, จัดการฝึกอาชีพ, จัดหาครอบครัวทดแทน, จัดหาที่พัก","สวัสดิการสังคม, แม่วัยรุ่น, เด็กและเยาวชน","การตั้งครรภ์ในวัยรุ่น, กระทรวงการพัฒนาสังคมและความมั่นคงของมนุษย์, กรมกิจการเด็กและเยาวชน, บ้านพักเด็กและครอบครัว","BQ3, BQ4",-,"[BQ3]: กฎกระทรวงนี้บังคับใช้กับสถานสงเคราะห์ เช่น ""บ้านพักเด็กและครอบครัว"" โดยตรง ในการรับเรื่องแจ้งความประสงค์เพื่อฝึกอาชีพ จัดหาครอบครัวทดแทน และให้ที่พักพิงแก่วัยรุ่นที่ตั้งครรภ์ [BQ4]: กฎกระทรวงนี้ระบุถึงการส่งเสริมสนับสนุนและประสานความร่วมมือกับ ""หน่วยงานของเอกชนที่เกี่ยวข้อง"" (เช่น องค์กรสวัสดิการสังคม มูลนิธิ สมาคมสงเคราะห์ ศูนย์ให้คำปรึกษาครอบครัว) ในการเฝ้าระวังและให้ความช่วยเหลือแก่แม่วัยรุ่นและครอบครัว",100%,-
44,100044,กฎกระทรวงฉบับที่ ๔ (พ.ศ. ๒๕๖๓) ออกตามความในพระราชบัญญัติยศ และเครื่องแบบผู้บังคับบัญชา และเจ้าหน้าที่กองอาสารักษาดินแดน พ.ศ. ๒๔๙๗,https://ratchakitcha.soc.go.th/documents/17117177.pdf,บังคับใช้,รอตรวจสอบจากฐานข้อมูล,-,"กฎกระทรวง ฉบับที่ ๒ (พ.ศ. ๒๕๒๖) ออกตามความในพระราชบัญญัติยศ และเครื่องแบบผู้บังคับบัญชา และเจ้าหน้าที่กองอาสารักษาดินแดน พ.ศ. ๒๔๙๗ (ข้อ ๓, ข้อ ๔, ข้อ ๕, ข้อ ๖, ข้อ ๗, ข้อ ๘, ข้อ ๙, ข้อ ๑๐, ข้อ ๑๑, ข้อ ๑๒, ข้อ ๑๓, ข้อ ๑๔, ข้อ ๑๕)",29,มกราคม,2563,29 มกราคม 2563,-,กฎกระทรวง,"พระราชบัญญัติยศ และเครื่องแบบผู้บังคับบัญชา และเจ้าหน้าที่กองอาสารักษาดินแดน พ.ศ. ๒๔๙๗ มาตรา ๑๒, พระราชบัญญัติยศ และเครื่องแบบผู้บังคับบัญชา และเจ้าหน้าที่กองอาสารักษาดินแดน พ.ศ. ๒๔๙๗ มาตรา ๑๔ วรรคหนึ่ง",กระทรวงมหาดไทย,-,-,-,แก้ไขปรับปรุงชนิด ลักษณะ และส่วนประกอบของเครื่องแบบผู้บังคับบัญชาและเจ้าหน้าที่กองอาสารักษาดินแดนทั้งชายและหญิง เพื่อให้เกิดความคล่องตัว เหมาะสมกับการปฏิบัติงาน และสอดคล้องกับแบบธรรมเนียมการแต่งกายสำหรับเข้าร่วมงานพิธีการ,ผู้บังคับบัญชาและเจ้าหน้าที่กองอาสารักษาดินแดนต้องปรับเปลี่ยนและแต่งเครื่องแบบ (เช่น เครื่องแบบปกติ เครื่องแบบฝึก เครื่องแบบครึ่งยศ เต็มยศ) ให้ถูกต้องตามลักษณะและชนิดที่กฎกระทรวงฉบับนี้กำหนด,🔵 ฟ้า,ระเบียบภาครัฐ,ไม่มี,ราชกิจจานุเบกษา เล่ม 137 ตอนที่ 8 ก หน้า 21,-,,ผู้บังคับบัญชา และเจ้าหน้าที่กองอาสารักษาดินแดน,"แต่งเครื่องแบบ, สวมเครื่องแต่งกาย, ประดับเครื่องหมาย","เครื่องแบบผู้บังคับบัญชาและเจ้าหน้าที่, เครื่องแบบปกติ, เครื่องแบบฝึก","กองอาสารักษาดินแดน, พระราชบัญญัติยศ และเครื่องแบบ, กระทรวงมหาดไทย",-,"CC6, CC17","[CC6, CC17]: กฎกระทรวงนี้บังคับใช้กับ ""ผู้บังคับบัญชา และเจ้าหน้าที่กองอาสารักษาดินแดน"" ซึ่งเป็นบุคลากรภาครัฐ (CC6) สังกัดกระทรวงมหาดไทย เพื่อกำหนดระเบียบการแต่งเครื่องแบบตามโครงสร้างการบริหารราชการแผ่นดิน (CC17)",100%,ยกเลิกความในส่วนที่ 1 ข้อ 3 ถึงข้อ 8 และส่วนที่ 2 ข้อ 9 ถึงข้อ 15 แห่งกฎกระทรวง ฉบับที่ 2 (พ.ศ. 2526) ซึ่งแก้ไขเพิ่มเติมโดยกฎกระทรวง ฉบับที่ 3 (พ.ศ. 2531)
45,100045,กฎกระทรวงกำหนดประเภท ชนิด และขนาดของเครื่องพันธนาการที่ใช้แก่เด็กและเยาวชน พ.ศ. ๒๕๖๓,https://ratchakitcha.soc.go.th/documents/17117178.pdf,บังคับใช้,,,,29,มกราคม,2563,29 มกราคม 2563,-,กฎกระทรวง,"พระราชบัญญัติการบริหารการแก้ไขบำบัดฟื้นฟูเด็กและเยาวชนที่กระทำผิด พ.ศ. 2561 มาตรา 4 วรรคหนึ่ง, พระราชบัญญัติการบริหารการแก้ไขบำบัดฟื้นฟูเด็กและเยาวชนที่กระทำผิด พ.ศ. 2561 มาตรา 14 วรรคสาม",กระทรวงยุติธรรม,-,-,-,กำหนดประเภท ชนิด และขนาดของเครื่องพันธนาการที่อนุญาตให้ใช้กับเด็กและเยาวชนที่กระทำผิด ซึ่งจำกัดไว้เพียง 2 ประเภท ได้แก่ สายรัดข้อมือพลาสติก และกุญแจมือโลหะ 2 แบบ (แบบโซ่เชื่อมและแบบบานพับ),เจ้าหน้าที่ที่เกี่ยวข้องกับการดูแลหรือควบคุมตัวเด็กและเยาวชนที่กระทำผิด ต้องใช้เฉพาะเครื่องพันธนาการตามประเภท ชนิด และรูปแบบที่กำหนดไว้ในกฎกระทรวงฉบับนี้เท่านั้น เพื่อปฏิบัติให้ถูกต้องตามมาตรฐานการคุ้มครองเด็ก,⚪️ เทา,-,ไม่มี,ราชกิจจานุเบกษา เล่ม 137 ตอนที่ 9 ก หน้า 32,-,,"เจ้าพนักงานผู้ปฏิบัติหน้าที่ควบคุมเด็กและเยาวชน, เด็กและเยาวชนที่กระทำผิด","กำหนดประเภท, กำหนดขนาด, ใช้เครื่องพันธนาการ","เครื่องพันธนาการ, สายรัดข้อมือ, กุญแจมือ","การบริหารการแก้ไขบำบัดฟื้นฟูเด็กและเยาวชนที่กระทำผิด, เครื่องพันธนาการ, กระทรวงยุติธรรม",-,CC18,[CC18]: กฎกระทรวงนี้บังคับใช้โดยตรงกับหน่วยงานรัฐและเจ้าหน้าที่ในกระบวนการยุติธรรมทางอาญาหรืองานราชทัณฑ์ (เช่น สถานพินิจและคุ้มครองเด็กและเยาวชน) ในการกำหนดมาตรฐาน ประเภท ชนิด และขนาดของเครื่องพันธนาการที่อนุญาตให้ใช้ในการควบคุมตัวเด็กและเยาวชนที่กระทำผิด,100%,-
46,100046,กฎกระทรวงแบ่งส่วนราชการสำนักงานคณะกรรมการอาหารและยา กระทรวงสาธารณสุข พ.ศ. ๒๕๖๓,https://ratchakitcha.soc.go.th/documents/17117179.pdf,บังคับใช้,รอตรวจสอบจากฐานข้อมูล,"กฎกระทรวงแบ่งส่วนราชการสำนักงานคณะกรรมการอาหารและยา
กระทรวงสาธารณสุข พ.ศ. ๒๕๕๒",,29,มกราคม,2563,29 มกราคม 2563,-,กฎกระทรวง,พระราชบัญญัติระเบียบบริหารราชการแผ่นดิน พ.ศ. 2534 มาตรา 8 ฉ,สำนักงานคณะกรรมการอาหารและยา (อย.),-,-,-,ยกเลิกกฎกระทรวงฉบับเดิมและแบ่งส่วนราชการของสำนักงานคณะกรรมการอาหารและยา (อย.) ใหม่ พร้อมกำหนดอำนาจหน้าที่ของแต่ละกอง/สำนัก เพื่อรองรับภารกิจการคุ้มครองผู้บริโภคและการกำกับดูแลผลิตภัณฑ์สุขภาพที่เพิ่มขึ้นและเปลี่ยนแปลงไป,ผู้ประกอบการและประชาชนที่ต้องติดต่อราชการ ขอขึ้นทะเบียน จดแจ้ง หรือขออนุญาตเกี่ยวกับผลิตภัณฑ์สุขภาพ ควรตรวจสอบโครงสร้างส่วนราชการใหม่ของ อย. เพื่อยื่นคำขอหรือประสานงานกับกอง/สำนักที่รับผิดชอบได้อย่างถูกต้องตามกฎหมาย,⚪️ เทา,-,ไม่มี,ราชกิจจานุเบกษา เล่ม 137 ตอนที่ 9 ก หน้า 35,-,,สำนักงานคณะกรรมการอาหารและยา,"แบ่งส่วนราชการ, กำหนดอำนาจหน้าที่, คุ้มครองผู้บริโภค, ควบคุม, กำกับดูแล, ตรวจสอบ, เฝ้าระวัง, พิจารณาอนุญาต","อาหาร, ยา, เครื่องสำอาง, เครื่องมือแพทย์, ผลิตภัณฑ์สมุนไพร, วัตถุอันตราย, วัตถุเสพติด, ผลิตภัณฑ์สุขภาพ","สำนักงานคณะกรรมการอาหารและยา, อย., ระเบียบบริหารราชการแผ่นดิน, การแบ่งส่วนราชการ",-,"CC17, CA1, CC12","[CC17]: กฎกระทรวงนี้เป็นการแบ่งส่วนราชการและกำหนดอำนาจหน้าที่ของ ""สำนักงานคณะกรรมการอาหารและยา (อย.)"" ซึ่งเป็นหน่วยงานระดับกรมในสังกัดกระทรวงสาธารณสุข ตามโครงสร้างการบริหารราชการแผ่นดิน [CA1, CC12]: แม้กฎกระทรวงนี้จะอ้างถึงกฎหมายหลายฉบับที่ อย. เป็นผู้รักษาการ (เช่น กฎหมายอาหาร ยา เครื่องสำอาง ฯลฯ) แต่เนื้อหาหลักคือการแบ่งโครงสร้างและหน้าที่ ""ภายใน"" องค์กร อย. เท่านั้น ไม่ได้บัญญัติข้อห้าม ข้อบังคับ หรือขั้นตอนการขออนุญาตที่บังคับใช้กับผู้ประกอบการหรือประชาชนโดยตรง จึงไม่สามารถ Tag หมวดธุรกิจเฉพาะ (Core Biz) ของอาหาร ยา หรือเครื่องสำอางได้ (ป้องกัน Context Bleeding)",100%,ยกเลิกกฎกระทรวงแบ่งส่วนราชการสำนักงานคณะกรรมการอาหารและยา กระทรวงสาธารณสุข พ.ศ. 2552 (ตามข้อ 1)
47,100047,กฎกระทรวงกำหนดให้ผลิตภัณฑ์อุตสาหกรรมรถจักรยานยนต์ต้องเป็นไปตามมาตรฐาน พ.ศ. ๒๕๖๓,https://ratchakitcha.soc.go.th/documents/17117180.pdf,บังคับใช้,,,,29,มกราคม,2563,29 มีนาคม 2563,-,กฎกระทรวง,"พระราชบัญญัติมาตรฐานผลิตภัณฑ์อุตสาหกรรม พ.ศ. 2511 มาตรา 17 วรรคหนึ่ง, พระราชบัญญัติมาตรฐานผลิตภัณฑ์อุตสาหกรรม พ.ศ. 2511 มาตรา 58 วรรคหนึ่ง",กระทรวงอุตสาหกรรม,-,-,-,กำหนดให้ผลิตภัณฑ์อุตสาหกรรมประเภทรถจักรยานยนต์ต้องเป็นไปตามมาตรฐานบังคับเลขที่ มอก. 2915 - 2561 (เฉพาะด้านความปลอดภัยและสารมลพิษจากเครื่องยนต์ ระดับที่ 7) เพื่อปรับปรุงมาตรฐานให้สอดคล้องกับประกาศกระทรวงอุตสาหกรรมที่ปรับปรุงใหม่,ผู้ผลิตและผู้นำเข้ารถจักรยานยนต์ต้องควบคุมและตรวจสอบผลิตภัณฑ์ของตนให้ได้มาตรฐาน มอก. 2915 - 2561 อย่างเคร่งครัด เพื่อให้เป็นไปตามกฎหมายและสามารถจำหน่ายในประเทศได้อย่างถูกต้อง,โทษเชื่อมโยงจากกฎหมายแม่,รอเชื่อมโยง: พระราชบัญญัติมาตรฐานผลิตภัณฑ์อุตสาหกรรม พ.ศ. 2511 มาตรา 17,ไม่มี,ราชกิจจานุเบกษา เล่ม 137 ตอนที่ 9 ก หน้า 45,มาตรฐานผลิตภัณฑ์อุตสาหกรรม มอก. 2915-2561 (รถจักรยานยนต์ เฉพาะด้านความปลอดภัย - สารมลพิษจากเครื่องยนต์ ระดับที่ 7),,ผู้ผลิตและผู้นำเข้ารถจักรยานยนต์,"กำหนดมาตรฐานผลิตภัณฑ์, ปฏิบัติตามมาตรฐาน","ผลิตภัณฑ์อุตสาหกรรม, รถจักรยานยนต์","พระราชบัญญัติมาตรฐานผลิตภัณฑ์อุตสาหกรรม, มอก. 2915-2561, กระทรวงอุตสาหกรรม","R1, Y1, Y3, AA10",-,[R1]: โรงงานผลิตยางรถจักรยานยนต์เป็นหนึ่งในธุรกิจอุตสาหกรรมการผลิตที่เกี่ยวข้องโดยตรง [Y1]: โรงงานผลิตและประกอบรถจักรยานยนต์เป็นเป้าหมายหลักในการบังคับใช้มาตรฐานอุตสาหกรรมนี้ (Direct Target) [Y3]: ผู้จำหน่ายรถจักรยานยนต์ต้องจำหน่ายสินค้าที่ได้มาตรฐานตามที่กฎหมายกำหนด (Value Chain) [AA10]: ผู้นำเข้ารถจักรยานยนต์และชิ้นส่วนต้องปฏิบัติตามมาตรฐาน (Value Chain),100%,อ้างอิงประกาศกระทรวงอุตสาหกรรม ฉบับที่ 5126 (พ.ศ. 2562)
48,100048,ระเบียบผู้ตรวจการแผ่นดิน ว่าด้วยค่าใช้จ่ายในการเดินทางของผู้ตรวจการแผ่นดิน พ.ศ. ๒๕๖๓,https://ratchakitcha.soc.go.th/documents/17117181.pdf,บังคับใช้,รอตรวจสอบจากฐานข้อมูล," ระเบียบผู้ตรวจการแผ่นดินว่าด้วยค่าใช้จ่ายในการเดินทางของผู้ตรวจการแผ่นดิน พ.ศ. ๒๕๕๕, ระเบียบผู้ตรวจการแผ่นดินว่าด้วยค่าใช้จ่ายในการเดินทางของผู้ตรวจการแผ่นดินแก้ไขเพิ่มเติม (ฉบับที่ ๒) พ.ศ. ๒๕๕๗",-,29,มกราคม,2563,30 มกราคม 2563,-,ระเบียบ,พระราชบัญญัติเงินเดือน เงินประจำตำแหน่ง และประโยชน์ตอบแทนอื่นของประธานกรรมการและกรรมการในองค์กรอิสระตามรัฐธรรมนูญ พ.ศ. 2561 มาตรา 9,สำนักงานผู้ตรวจการแผ่นดิน,-,-,-,กำหนดหลักเกณฑ์ วิธีการนับเวลา และอัตราการเบิกจ่ายค่าใช้จ่ายในการเดินทางไปปฏิบัติงานทั้งในประเทศและต่างประเทศสำหรับประธานผู้ตรวจการแผ่นดินและผู้ตรวจการแผ่นดิน ซึ่งครอบคลุมค่าเบี้ยเลี้ยง ค่าเช่าที่พัก ค่าพาหนะ ค่ารับรอง และค่าใช้จ่ายอื่น ๆ ที่เกี่ยวข้อง,ผู้มีสิทธิและเจ้าหน้าที่ที่เกี่ยวข้องกับการเบิกจ่ายงบประมาณ ต้องคำนวณและเบิกจ่ายค่าเดินทางให้ถูกต้องตามอัตราและเงื่อนไขการนับเวลาที่ระเบียบฉบับนี้กำหนดอย่างเคร่งครัด,⚪️ เทา,-,ไม่มี,ราชกิจจานุเบกษา เล่ม 137 ตอนที่ 9 ก หน้า 47,-,,"ผู้ตรวจการแผ่นดิน, สำนักงานผู้ตรวจการแผ่นดิน","เบิกค่าใช้จ่ายในการเดินทาง, จ่ายเบี้ยเลี้ยง, เบิกค่าเช่าที่พัก, เบิกค่าพาหนะ","ค่าใช้จ่ายในการเดินทาง, สิทธิประโยชน์, องค์กรอิสระ","ผู้ตรวจการแผ่นดิน, ค่าใช้จ่ายในการเดินทาง, เบี้ยเลี้ยงเดินทาง",-,CC9,"[CC9]: ระเบียบนี้กำหนดหลักเกณฑ์ สิทธิประโยชน์ อัตราเบี้ยเลี้ยง ค่าเช่าที่พัก และค่าพาหนะ สำหรับบังคับใช้ในการเบิกจ่าย ""ค่าใช้จ่ายในการเดินทาง"" (ทั้งในประเทศและต่างประเทศ) ของ ""ประธานผู้ตรวจการแผ่นดินและผู้ตรวจการแผ่นดิน"" โดยเฉพาะ",100%,ยกเลิกระเบียบผู้ตรวจการแผ่นดินว่าด้วยค่าใช้จ่ายในการเดินทางของผู้ตรวจการแผ่นดิน พ.ศ. 2555 และ (ฉบับที่ 2) พ.ศ. 2557 (ตามข้อ 3)
49,100049,ประกาศคณะกรรมการการเลือกตั้ง เรื่อง ให้สมาชิกสภาผู้แทนราษฎรแบบบัญชีรายชื่อของพรรคการเมืองในลำดับท้ายพ้นจากตำแหน่งและให้ผู้มีรายชื่อในบัญชีรายชื่อของพรรคการเมืองเป็นสมาชิกสภาผู้แทนราษฎรแบบบัญชีรายชื่อ [ลำดับที่ ๑ พรรคไทรักธรรม นายพีระวิทย์ เรื่องลือดลภาค],https://ratchakitcha.soc.go.th/documents/17117182.pdf,บังคับใช้,,,,29,มกราคม,2563,29 มกราคม 2563,-,ประกาศ," พระราชบัญญัติประกอบรัฐธรรมนูญว่าด้วยคณะกรรมการการเลือกตั้ง พ.ศ. 2560 มาตรา 22, พระราชบัญญัติประกอบรัฐธรรมนูญว่าด้วยการเลือกตั้งสมาชิกสภาผู้แทนราษฎร พ.ศ. 2561 มาตรา 128, พระราชบัญญัติประกอบรัฐธรรมนูญว่าด้วยการเลือกตั้งสมาชิกสภาผู้แทนราษฎร พ.ศ. 2561 มาตรา 129, พระราชบัญญัติประกอบรัฐธรรมนูญว่าด้วยการเลือกตั้งสมาชิกสภาผู้แทนราษฎร พ.ศ. 2561 มาตรา 131",สำนักงานคณะกรรมการการเลือกตั้ง (กกต.),-,-,-,ประกาศเปลี่ยนแปลงสมาชิกสภาผู้แทนราษฎรแบบบัญชีรายชื่อ เนื่องจากการคำนวณสัดส่วน ส.ส. ใหม่หลังจากที่ศาลฎีกามีคำพิพากษาเพิกถอนสิทธิสมัครรับเลือกตั้งของผู้สมัครรายหนึ่ง โดยให้ผู้มีรายชื่อในลำดับท้ายพ้นจากตำแหน่ง (พรรคประชาธิปัตย์) และประกาศรับรอง ส.ส. บัญชีรายชื่อคนใหม่ (พรรคไทรักธรรม) ขึ้นแทน,บุคคลที่ได้รับการประกาศให้เป็นสมาชิกสภาผู้แทนราษฎรแบบบัญชีรายชื่อต้องเตรียมตัวรายงานตัวและเข้าปฏิบัติหน้าที่ในสภาตามขั้นตอนที่กฎหมายกำหนด ส่วนผู้ที่พ้นจากตำแหน่งต้องยุติบทบาทและการปฏิบัติหน้าที่ในฐานะสมาชิกสภาผู้แทนราษฎรทันที,⚪️ เทา,-,ไม่มี,ราชกิจจานุเบกษา เล่ม 137 ตอนที่ 9 ก หน้า 50,-,,"สมาชิกสภาผู้แทนราษฎร, พรรคการเมือง, คณะกรรมการการเลือกตั้ง","คำนวณจำนวนสมาชิกสภาผู้แทนราษฎรแบบบัญชีรายชื่อใหม่, ให้พ้นจากตำแหน่ง, ประกาศรายชื่อผู้เป็นสมาชิกสภาผู้แทนราษฎรแบบบัญชีรายชื่อ","สมาชิกสภาผู้แทนราษฎรแบบบัญชีรายชื่อ, พรรคการเมือง","คณะกรรมการการเลือกตั้ง, เพิกถอนสิทธิสมัครรับเลือกตั้ง, พระราชบัญญัติประกอบรัฐธรรมนูญว่าด้วยการเลือกตั้งสมาชิกสภาผู้แทนราษฎร",CB5,"CC5, CC10","[CB5]: ประกาศนี้มีผลโดยตรงต่อ ""พรรคการเมือง"" (พรรคประชาธิปัตย์และพรรคไทรักธรรม) เนื่องจากเป็นการปรับเปลี่ยนสถานภาพและจำนวนสมาชิกสภาผู้แทนราษฎรแบบบัญชีรายชื่อในสังกัดพรรค [CC5]: เป็นประกาศของคณะกรรมการการเลือกตั้ง (กกต.) ที่ปฏิบัติหน้าที่ตาม พ.ร.ป. ว่าด้วยการเลือกตั้งสมาชิกสภาผู้แทนราษฎร พ.ศ. 2561 ในการคำนวณและประกาศรับรองผลการเลือกตั้งใหม่ [CC10]: กระทบต่อสถานภาพของสมาชิกสภาผู้แทนราษฎร (ส.ส.) ซึ่งเป็นบุคลากรฝ่ายนิติบัญญัติในรัฐสภา",100%,สืบเนื่องจากศาลฎีกามีคำพิพากษาเพิกถอนสิทธิสมัครรับเลือกตั้งของผู้สมัคร ส.ส. พรรคประชาธิปัตย์
50,100050,ประกาศคณะกรรมการบริหารศาลยุติธรรม เรื่อง เปลี่ยนแปลงสถานที่ตั้งของศาลเยาวชนและครอบครัวจังหวัดอุบลราชธานี,https://ratchakitcha.soc.go.th/documents/17117183.pdf,บังคับใช้,,,,29,มกราคม,2563,31 มกราคม 2563,-,ประกาศ,พระธรรมนูญศาลยุติธรรม มาตรา 4,สำนักงานศาลยุติธรรม,-,เมืองอุบลราชธานี,อุบลราชธานี,ประกาศเปลี่ยนแปลงสถานที่ตั้งทำการของศาลเยาวชนและครอบครัวจังหวัดอุบลราชธานี จากอาคารศาลแขวงอุบลราชธานี (หลังเก่า) ถนนพโลรังฤทธิ์ ไปยังอาคารที่ทำการใหม่ เลขที่ 265 ถนนพิชิตรังสรรค์ ตำบลในเมือง อำเภอเมืองอุบลราชธานี จังหวัดอุบลราชธานี โดยเริ่มเปิดทำการตั้งแต่วันที่ 31 มกราคม 2563 เป็นต้นไป,ประชาชน ทนายความ คู่ความ และหน่วยงานที่เกี่ยวข้องที่มีความจำเป็นต้องติดต่อราชการหรือดำเนินคดีทางศาล ให้เดินทางไปติดต่อ ณ อาคารที่ทำการแห่งใหม่ของศาลเยาวชนและครอบครัวจังหวัดอุบลราชธานีตามที่อยู่ที่ได้ประกาศไว้,⚪️ เทา,-,ไม่มี,ราชกิจจานุเบกษา เล่ม 137 ตอนที่ 9 ก หน้า 50,-,,"สมาชิกสภาผู้แทนราษฎร, พรรคการเมือง, คณะกรรมการการเลือกตั้ง","เปลี่ยนแปลงสถานที่ตั้ง, ย้ายที่ทำการ","ศาลเยาวชนและครอบครัว, สถานที่ทำการศาล","พระธรรมนูญศาลยุติธรรม, คณะกรรมการบริหารศาลยุติธรรม",-,CC4,"[CC4]: ประกาศฉบับนี้แจ้งการเปลี่ยนแปลงสถานที่ตั้งของ ""ศาลเยาวชนและครอบครัวจังหวัดอุบลราชธานี"" ซึ่งสังกัดศาลยุติธรรม เป็นข้อมูลบังคับที่ผู้ประกอบวิชาชีพกฎหมาย ทนายความ และคู่ความ (Direct Target) ต้องรับทราบเพื่อไปติดต่อราชการ หรือดำเนินกระบวนพิจารณาคดีให้ถูกต้องตามสถานที่ทำการแห่งใหม่",100%,เริ่มทำการ ณ อาคารแห่งใหม่ตั้งแต่วันที่ 31 มกราคม 2563 เป็นต้นไป
51,100051,ประกาศคณะกรรมการการเลือกตั้ง เรื่อง กำหนดวันเลือกตั้ง และวันรับสมัครรับเลือกตั้งสมาชิกสภาผู้แทนราษฎรจังหวัดกำแพงเพชร เขตเลือกตั้งที่ ๒ แทนตำแหน่งที่ว่าง,https://ratchakitcha.soc.go.th/documents/17116645.pdf,สิ้นผล,,,,27,มกราคม,2563,27 มกราคม 2563,-,ประกาศ,พระราชบัญญัติประกอบรัฐธรรมนูญว่าด้วยการเลือกตั้งสมาชิกสภาผู้แทนราษฎร พ.ศ. 2561 มาตรา 12,"สำนักงานคณะกรรมการการเลือกตั้ง (กกต.), องค์กรอิสระ",-,-,กำแพงเพชร,กำหนดวันเลือกตั้งสมาชิกสภาผู้แทนราษฎรจังหวัดกำแพงเพชร เขต 2 แทนตำแหน่งที่ว่าง ในวันที่ 23 ก.พ. 2563 และกำหนดวันรับสมัครรับเลือกตั้งระหว่างวันที่ 29 ม.ค. - 2 ก.พ. 2563,ผู้ประสงค์จะสมัครรับเลือกตั้งต้องยื่นใบสมัครพร้อมเอกสารหลักฐานและค่าธรรมเนียมต่อผู้อำนวยการการเลือกตั้งประจำเขตเลือกตั้ง ระหว่างวันที่ 29 มกราคม - 2 กุมภาพันธ์ 2563 เวลา 08.30 - 16.30 น.,⚪️ เทา,-,ใบสมัครรับเลือกตั้ง,ราชกิจจานุเบกษา เล่ม ๑๓๗ ตอนที่ ๗ ก,ใบสมัครรับเลือกตั้งสมาชิกสภาผู้แทนราษฎร,,ผู้ประสงค์จะสมัครรับเลือกตั้งสมาชิกสภาผู้แทนราษฎรจังหวัดกำแพงเพชร เขตเลือกตั้งที่ ๒,"กำหนดวันเลือกตั้ง, รับสมัครรับเลือกตั้ง",สมาชิกสภาผู้แทนราษฎร,"เลือกตั้ง, คณะกรรมการการเลือกตั้ง, พระราชบัญญัติประกอบรัฐธรรมนูญ",-,"CC5, CB5",[CC5]: ประกาศนี้ออกโดยคณะกรรมการการเลือกตั้งโดยตรง เพื่อกำหนดวันและระเบียบเวลาซึ่งผู้สมัครรับเลือกตั้งและผู้เกี่ยวข้องต้องปฏิบัติตาม [CB5]: เนื้อหากระทบต่อพรรคการเมืองและผู้บริหารพรรคที่ต้องเตรียมการส่งผู้สมัครรับเลือกตั้งภายในกรอบเวลาที่กฎหมายกำหนด,100%,"กฎหมายนี้ ""สิ้นผล"" เนื่องจากเป็นประกาศเฉพาะกิจที่กำหนดวันเลือกตั้งซึ่งผ่านพ้นไปแล้วเมื่อ 23 ก.พ. 2563 หมดหน้าที่ตามระยะเวลาในตัวเอง"
52,100052,ประกาศคณะกรรมการการเลือกตั้ง เรื่อง การสมัครรับเลือกตั้งสมาชิกสภาผู้แทนราษฎรจังหวัดกำแพงเพชร เขตเลือกตั้งที่ ๒ แทนตำแหน่งที่ว่าง,https://ratchakitcha.soc.go.th/documents/17116646.pdf,สิ้นผล,,,,27,มกราคม,2563,27 มกราคม 2563,-,ประกาศ,พระราชบัญญัติประกอบรัฐธรรมนูญว่าด้วยการเลือกตั้งสมาชิกสภาผู้แทนราษฎร พ.ศ. 2561 มาตรา 12,"สำนักงานคณะกรรมการการเลือกตั้ง (กกต.), องค์กรอิสระ",-,-,กำแพงเพชร,กำหนดหลักเกณฑ์และรายการเอกสารหลักฐานที่ต้องใช้ประกอบการรับสมัครเลือกตั้งสมาชิกสภาผู้แทนราษฎรแบบแบ่งเขตเลือกตั้งจังหวัดกำแพงเพชร เขตเลือกตั้งที่ 2 แทนตำแหน่งที่ว่าง,"ผู้ประสงค์จะสมัครรับเลือกตั้งต้องเตรียมค่าธรรมเนียม 10,000 บาท รูปถ่าย 10 รูป และยื่นเอกสารหลักฐาน เช่น สำเนาบัตรประจำตัวประชาชน สำเนาทะเบียนบ้าน ใบรับรองแพทย์ หนังสือรับรองจากพรรคการเมือง หลักฐานการเสียภาษีเงินได้ย้อนหลัง 3 ปี (ปี 2560-2562) และหลักฐานแสดงความผูกพันกับจังหวัดที่สมัคร",เทา,-,ใบสมัครรับเลือกตั้ง,ราชกิจจานุเบกษา เล่ม ๑๓๗ ตอนที่ ๗ ก หน้า ๒,"ใบสมัครรับเลือกตั้งสมาชิกสภาผู้แทนราษฎรแบบแบ่งเขตเลือกตั้ง, ใบรับรองแพทย์, หลักฐานแสดงการเสียภาษีเงินได้บุคคลธรรมดา",,ผู้ประสงค์จะสมัครรับเลือกตั้งสมาชิกสภาผู้แทนราษฎรจังหวัดกำแพงเพชร เขตเลือกตั้งที่ ๒,"สมัครรับเลือกตั้ง, ยื่นใบสมัคร, จ่ายค่าธรรมเนียม, รับรองการส่งผู้สมัคร","สมาชิกสภาผู้แทนราษฎร, พรรคการเมือง","เลือกตั้ง, คณะกรรมการการเลือกตั้ง, พระราชบัญญัติประกอบรัฐธรรมนูญว่าด้วยพรรคการเมือง, ภาษีเงินได้บุคคลธรรมดา",-,"CC5, CB5","[CC5]: ประกาศนี้กำหนดคุณสมบัติ เอกสารหลักฐาน (เช่น สำเนาทะเบียนบ้าน ใบรับรองแพทย์ หลักฐานเสียภาษี) และค่าธรรมเนียมในการยื่นใบสมัครรับเลือกตั้ง ส.ส. ตามข้อ (๑)-(๖) ซึ่งผู้สมัครต้องปฏิบัติตาม [CB5]: ข้อ (๔) กำหนดให้ต้องใช้หนังสือรับรองการส่งผู้สมัครจาก ""หัวหน้าพรรคการเมือง"" ซึ่งผูกมัดให้พรรคการเมืองและผู้บริหารพรรคต้องดำเนินการให้ถูกต้องตาม พ.ร.ป. ว่าด้วยพรรคการเมือง พ.ศ. ๒๕๖๐",100%,"กฎหมายนี้ ""สิ้นผล"" เนื่องจากเป็นประกาศเฉพาะกิจที่กำหนดวันเลือกตั้งซึ่งผ่านพ้นไปแล้วเมื่อ 23 ก.พ. 2563 หมดหน้าที่ตามระยะเวลาในตัวเอง"
53,100053,คำพิพากษาของศาลฎีกาแผนกคดีอาญาของผู้ดำรงตำแหน่งทางการเมือง เรื่อง การแสดงบัญชีรายการทรัพย์สินและหนี้สิน [คดีหมายเลขดำที่ อม. ๓๔๓/๒๕๖๑ คดีหมายเลขแดงที่ อม. ๑๗๘/๒๕๖๒ ,https://ratchakitcha.soc.go.th/documents/17116647.pdf,บังคับใช้,,,,27,มกราคม,2563,27 มกราคม 2563,-,คำพิพากษาของศาลฎีกาแผนกคดีอาญา,-,ศาลฎีกาแผนกคดีอาญาของผู้ดำรงตำแหน่งทางการเมือง,-,-,-,"ศาลฎีกาแผนกคดีอาญาของผู้ดำรงตำแหน่งทางการเมืองพิพากษาว่า นายอุบล ด้วงเขียว รองนายก อบต.วังจันทร์ จงใจยื่นบัญชีทรัพย์สินเท็จกรณีพ้นจากตำแหน่ง ให้จำคุก 1 เดือน ปรับ 4,000 บาท โทษจำคุกรอลงอาญา 1 ปี และห้ามดำรงตำแหน่งทางการเมือง 5 ปี ส่วนกรณีพ้นตำแหน่ง 1 ปี ยกฟ้องเนื่องจากกฎหมายใหม่ยกเลิกความผิดแล้ว",ผู้ดำรงตำแหน่งทางการเมืองต้องยื่นบัญชีแสดงรายการทรัพย์สินและหนี้สินของตนและคู่สมรสต่อ ป.ป.ช. ให้ถูกต้องและครบถ้วนตามความเป็นจริง ห้ามปกปิดข้อมูลหรือยื่นเอกสารเท็จ เพื่อป้องกันการถูกดำเนินคดีอาญาและถูกตัดสิทธิทางการเมือง,⚪️ เทา,-,ไม่มี,ราชกิจจานุเบกษา เล่ม ๑๓๗ ตอนที่ ๗ ก หน้า ๔-๗,,,"ผู้ดำรงตำแหน่งทางการเมือง, ผู้บริหารท้องถิ่น, เจ้าหน้าที่ของรัฐ","ยื่นบัญชีแสดงรายการทรัพย์สินและหนี้สิน, ปกปิดข้อเท็จจริง","บัญชีทรัพย์สินและหนี้สิน, ตำแหน่งทางการเมืองท้องถิ่น","ศาลฎีกาแผนกคดีอาญาของผู้ดำรงตำแหน่งทางการเมือง, ป.ป.ช., พระราชบัญญัติประกอบรัฐธรรมนูญว่าด้วยการป้องกันและปราบปรามการทุจริต",-,"CC1, CC29",[CC1]: เอกสารระบุถึงความผิดในการจงใจยื่นบัญชีทรัพย์สินและหนี้สินอันเป็นเท็จหรือปกปิดข้อเท็จจริงต่อคณะกรรมการ ป.ป.ช. ซึ่งบังคับใช้กับเจ้าหน้าที่รัฐและผู้ดำรงตำแหน่งทางการเมือง (รองนายก อบต.) [CC29]: เอกสารนี้เป็นคำพิพากษาของศาลฎีกาแผนกคดีอาญาของผู้ดำรงตำแหน่งทางการเมือง ซึ่งเป็นการดำเนินกระบวนพิจารณาคดีและลงโทษความผิดของนักการเมืองท้องถิ่นโดยตรง,100%,ลงโทษตาม พ.ร.ป. ว่าด้วยการป้องกันและปราบปรามการทุจริต พ.ศ. 2542 แต่ให้ยกเว้นความผิดกรณีพ้นจากตำแหน่งมาแล้ว 1 ปี เนื่องจาก พ.ร.ป. ฉบับใหม่ (พ.ศ. 2561) ไม่ได้กำหนดให้ผู้บริหารท้องถิ่นมีหน้าที่ยื่นบัญชีในกรณีนี้อีกต่อไป
54,100054,คำพิพากษาของศาลฎีกาแผนกคดีอาญาของผู้ดำรงตำแหน่งทางการเมือง เรื่อง การแสดงบัญชีรายการทรัพย์สินและหนี้สิน [คดีหมายเลขดำที่ อม. ๓๓๔/๒๕๖๑ คดีหมายเลขแดงที่ อม. ๑๘๔/๒๕๖๒ ,https://ratchakitcha.soc.go.th/documents/17116648.pdf,บังคับใช้,,,,27,มกราคม,2563,27 มกราคม 2563,-,คำพิพากษาของศาลฎีกาแผนกคดีอาญา,-,ศาลฎีกาแผนกคดีอาญาของผู้ดำรงตำแหน่งทางการเมือง,-,-,-,"ศาลฎีกาแผนกคดีอาญาของผู้ดำรงตำแหน่งทางการเมืองพิพากษาว่า อดีตรองนายกองค์การบริหารส่วนตำบลไร่ส้ม จงใจไม่ยื่นบัญชีแสดงรายการทรัพย์สินและหนี้สินกรณีพ้นจากตำแหน่งต่อ ป.ป.ช. ให้ลงโทษจำคุก 1 เดือน ปรับ 4,000 บาท โดยโทษจำคุกให้รอลงอาญา 1 ปี และห้ามดำรงตำแหน่งทางการเมือง 5 ปี สำหรับกรณีพ้นจากตำแหน่ง 1 ปี ให้ยกคำร้องเนื่องจากกฎหมายใหม่ไม่ได้กำหนดให้เป็นความผิดแล้ว",ผู้ดำรงตำแหน่งทางการเมืองและผู้บริหารท้องถิ่นมีหน้าที่ต้องยื่นบัญชีแสดงรายการทรัพย์สินและหนี้สินของตนเอง คู่สมรส และบุตรที่ยังไม่บรรลุนิติภาวะ ต่อคณะกรรมการ ป.ป.ช. ภายในระยะเวลาที่กฎหมายกำหนดเมื่อเข้ารับตำแหน่งและพ้นจากตำแหน่ง เพื่อป้องกันการถูกดำเนินคดีอาญาและตัดสิทธิทางการเมือง,⚪️ เทา,-,ไม่มี,ราชกิจจานุเบกษา เล่ม ๑๓๗ ตอนที่ ๗ ก หน้า ๘-๑๒,,,"ผู้ดำรงตำแหน่งทางการเมือง, ผู้บริหารท้องถิ่น, เจ้าหน้าที่ของรัฐ","ไม่ยื่นบัญชีทรัพย์สินและหนี้สิน, ดำเนินคดีอาญา, พิพากษาลงโทษ, ห้ามดำรงตำแหน่งทางการเมือง","บัญชีแสดงรายการทรัพย์สินและหนี้สิน, ตำแหน่งทางการเมืองท้องถิ่น","ศาลฎีกาแผนกคดีอาญาของผู้ดำรงตำแหน่งทางการเมือง, คณะกรรมการ ป.ป.ช., พระราชบัญญัติประกอบรัฐธรรมนูญว่าด้วยการป้องกันและปราบปรามการทุจริต",-,"CC1, CC29",[CC1]: คำพิพากษาระบุถึงความผิดของผู้ดำรงตำแหน่งทางการเมือง (รองนายก อบต.) ที่จงใจไม่ยื่นบัญชีทรัพย์สินและหนี้สินต่อคณะกรรมการ ป.ป.ช. ตามเวลาที่กฎหมายกำหนด [CC29]: เอกสารนี้เป็นคำพิพากษาของศาลฎีกาแผนกคดีอาญาของผู้ดำรงตำแหน่งทางการเมือง ซึ่งเป็นการบังคับใช้บทลงโทษและมาตรการทางการเมืองต่อนักการเมืองโดยตรง,100%,ลงโทษตาม พ.ร.ป. ว่าด้วยการป้องกันและปราบปรามการทุจริต พ.ศ. 2542 แต่ให้ยกเว้นความผิดกรณีไม่ยื่นบัญชีหลังพ้นจากตำแหน่ง 1 ปี เนื่องจาก พ.ร.ป. ฉบับใหม่ (พ.ศ. 2561) ไม่ได้กำหนดให้ผู้บริหารท้องถิ่นมีหน้าที่ดังกล่าวอีกต่อไป
55,100055,คำพิพากษาของศาลฎีกาแผนกคดีอาญาของผู้ดำรงตำแหน่งทางการเมือง เรื่อง การแสดงบัญชีรายการทรัพย์สินและหนี้สิน [คดีหมายเลขดำที่ อม. ๓๓๖/๒๕๖๑ คดีหมายเลขแดงที่ อม. ๑๘๙/๒๕๖๒ ,https://ratchakitcha.soc.go.th/documents/17116649.pdf,บังคับใช้,,,,27,มกราคม,2563,27 มกราคม 2563,-,คำพิพากษาของศาลฎีกาแผนกคดีอาญา,-,ศาลฎีกาแผนกคดีอาญาของผู้ดำรงตำแหน่งทางการเมือง,-,-,-,"ศาลฎีกาแผนกคดีอาญาของผู้ดำรงตำแหน่งทางการเมืองพิพากษาให้ นายกองค์การบริหารส่วนตำบลบางขนุน พ้นจากตำแหน่งและห้ามดำรงตำแหน่งทางการเมืองเป็นเวลา 5 ปี พร้อมลงโทษจำคุก 2 เดือน และปรับ 8,000 บาท (โทษจำคุกให้รอการลงโทษไว้ 1 ปี) เนื่องจากจงใจยื่นบัญชีทรัพย์สินและหนี้สินเป็นเท็จหรือปกปิดข้อเท็จจริงต่อ ป.ป.ช. กรณีเข้ารับตำแหน่ง ส่วนข้อกล่าวหากรณีพ้นจากตำแหน่ง 1 ปี ศาลให้ยกคำร้องเนื่องจากกฎหมายใหม่ไม่ได้กำหนดให้การกระทำดังกล่าวเป็นความผิดอีกต่อไป",ผู้ดำรงตำแหน่งทางการเมืองและผู้บริหารท้องถิ่นมีหน้าที่ต้องยื่นบัญชีแสดงรายการทรัพย์สินและหนี้สินของตนเอง คู่สมรส และบุตรที่ยังไม่บรรลุนิติภาวะ ต่อคณะกรรมการ ป.ป.ช. อย่างถูกต้องและครบถ้วนตามความเป็นจริงเมื่อเข้ารับตำแหน่ง ห้ามจงใจปกปิดข้อเท็จจริงหรือแสดงข้อมูลเท็จ เพื่อป้องกันมิให้ถูกดำเนินคดีอาญาหรือถูกเพิกถอนสิทธิทางการเมือง,⚪️ เทา,-,ไม่มี,ราชกิจจานุเบกษา เล่ม ๑๓๗ ตอนที่ ๗ ก หน้า ๑๓-๑๘,,,"ผู้ดำรงตำแหน่งทางการเมือง, ผู้บริหารท้องถิ่น, เจ้าหน้าที่ของรัฐ","ยื่นบัญชีแสดงรายการทรัพย์สินและหนี้สิน, ปกปิดข้อเท็จจริง","บัญชีทรัพย์สินและหนี้สิน, ตำแหน่งทางการเมืองท้องถิ่น","คณะกรรมการ ป.ป.ช., ศาลฎีกาแผนกคดีอาญาของผู้ดำรงตำแหน่งทางการเมือง, พระราชบัญญัติประกอบรัฐธรรมนูญว่าด้วยการป้องกันและปราบปรามการทุจริต",-,"CC1, CC29",[CC1]: เอกสารระบุถึงความผิดของผู้ดำรงตำแหน่งทางการเมือง (นายก อบต.) ที่จงใจยื่นบัญชีทรัพย์สินและหนี้สินอันเป็นเท็จหรือปกปิดข้อเท็จจริงต่อคณะกรรมการ ป.ป.ช. [CC29]: เอกสารนี้เป็นคำพิพากษาของศาลฎีกาแผนกคดีอาญาของผู้ดำรงตำแหน่งทางการเมือง ซึ่งพิจารณาความผิดและลงโทษผู้ดำรงตำแหน่งทางการเมืองท้องถิ่นโดยตรง,100%,ลงโทษตาม พ.ร.ป. ว่าด้วยการป้องกันและปราบปรามการทุจริต พ.ศ. 2542 แต่ให้ยกเว้นความผิดกรณีพ้นจากตำแหน่งมาแล้ว 1 ปี เนื่องจาก พ.ร.ป. ฉบับใหม่ (พ.ศ. 2561) ไม่ได้กำหนดให้ผู้บริหารท้องถิ่นมีหน้าที่ดังกล่าวอีกต่อไป
56,100056,คำพิพากษาของศาลฎีกาแผนกคดีอาญาของผู้ดำรงตำแหน่งทางการเมือง เรื่อง การแสดงบัญชีรายการทรัพย์สินและหนี้สิน [คดีหมายเลขดำที่ อม. ๒๑๒/๒๕๖๑ คดีหมายเลขแดงที่ อม. ๑๙๑/๒๕๖๒ ,https://ratchakitcha.soc.go.th/documents/17116650.pdf,บังคับใช้,,,,27,มกราคม,2563,27 มกราคม 2563,-,คำพิพากษาของศาลฎีกาแผนกคดีอาญา,-,ศาลฎีกาแผนกคดีอาญาของผู้ดำรงตำแหน่งทางการเมือง,-,-,-,ศาลฎีกาแผนกคดีอาญาของผู้ดำรงตำแหน่งทางการเมืองพิพากษาว่า อดีตรองนายกเทศมนตรีตำบลสันป่าเปา จงใจไม่ยื่นบัญชีแสดงรายการทรัพย์สินและหนี้สินพร้อมเอกสารประกอบต่อคณะกรรมการ ป.ป.ช. กรณีพ้นจากตำแหน่ง โดยให้ห้ามดำรงตำแหน่งทางการเมืองเป็นเวลา 5 ปี นับแต่วันที่พ้นจากตำแหน่ง ส่วนคดีอาญาให้ยกฟ้องเนื่องจากขาดอายุความ และข้อหากรณีพ้นจากตำแหน่งมาแล้ว 1 ปี ให้ยกฟ้องเพราะกฎหมายใหม่ยกเลิกความผิดแล้ว,ผู้ดำรงตำแหน่งทางการเมืองและผู้บริหารท้องถิ่นมีหน้าที่ต้องยื่นบัญชีแสดงรายการทรัพย์สินและหนี้สินของตนเอง คู่สมรส และบุตรที่ยังไม่บรรลุนิติภาวะ พร้อมด้วยเอกสารประกอบให้ถูกต้องและครบถ้วนต่อ ป.ป.ช. ภายในระยะเวลาที่กฎหมายกำหนดเมื่อเข้ารับหรือพ้นจากตำแหน่ง เพื่อป้องกันการถูกดำเนินคดีและถูกตัดสิทธิทางการเมือง,⚪️ เทา,-,ไม่มี,ราชกิจจานุเบกษา เล่ม ๑๓๗ ตอนที่ ๗ ก หน้า ๑๙-๒๓,"คู่มือการยื่นบัญชีแสดงรายการทรัพย์สินและหนี้สิน (สำนักงาน ป.ป.ช.), แบบบัญชีแสดงรายการทรัพย์สินและหนี้สินสำหรับผู้ดำรงตำแหน่งทางการเมืองและเจ้าหน้าที่ของรัฐ",,"ผู้ดำรงตำแหน่งทางการเมือง, ผู้บริหารท้องถิ่น, เจ้าหน้าที่ของรัฐ","ไม่ยื่นบัญชีแสดงรายการทรัพย์สินและหนี้สิน, ดำเนินคดีอาญา, พิพากษา, ห้ามดำรงตำแหน่งทางการเมือง","บัญชีแสดงรายการทรัพย์สินและหนี้สิน, ตำแหน่งทางการเมืองท้องถิ่น","ศาลฎีกาแผนกคดีอาญาของผู้ดำรงตำแหน่งทางการเมือง, คณะกรรมการ ป.ป.ช., พระราชบัญญัติประกอบรัฐธรรมนูญว่าด้วยการป้องกันและปราบปรามการทุจริต",-,"CC1, CC29",[CC1]: คำพิพากษาระบุความผิดของผู้ดำรงตำแหน่งทางการเมืองท้องถิ่น (รองนายกเทศมนตรีตำบล) ที่ไม่ยื่นบัญชีทรัพย์สินและหนี้สินและเอกสารประกอบต่อคณะกรรมการ ป.ป.ช. ให้ถูกต้องครบถ้วนภายในเวลาที่กฎหมายกำหนด [CC29]: เอกสารฉบับนี้เป็นคำพิพากษาของศาลฎีกาแผนกคดีอาญาของผู้ดำรงตำแหน่งทางการเมือง ซึ่งเป็นการบังคับใช้มาตรการทางกฎหมายและระบุบทลงโทษต่อนักการเมืองโดยตรง,100%,ยกฟ้องคดีอาญาตามมาตรา 119 เนื่องจากขาดอายุความ (เกิน 5 ปี) แต่บังคับใช้มาตรการห้ามดำรงตำแหน่งทางการเมือง 5 ปี และยกเว้นความผิดกรณีไม่ยื่นบัญชีหลังพ้นจากตำแหน่ง 1 ปี เนื่องจาก พ.ร.ป. ป.ป.ช. ฉบับใหม่ (พ.ศ. 2561) ไม่ได้กำหนดให้ผู้บริหารท้องถิ่นมีหน้าที่ดังกล่าวอีกต่อไป
57,100057,คำพิพากษาของศาลฎีกาแผนกคดีอาญาของผู้ดำรงตำแหน่งทางการเมือง เรื่อง การแสดงบัญชีรายการทรัพย์สินและหนี้สิน [คดีหมายเลขดำที่ อม. ๑๘/๒๕๖๒ คดีหมายเลขแดงที่ อม. ๒๐๖/๒๕๖๒ ,https://ratchakitcha.soc.go.th/documents/17116651.pdf,บังคับใช้,,,,27,มกราคม,2563,27 มกราคม 2563,-,คำพิพากษาของศาลฎีกาแผนกคดีอาญา,-,ศาลฎีกาแผนกคดีอาญาของผู้ดำรงตำแหน่งทางการเมือง,-,-,-,"ศาลฎีกาแผนกคดีอาญาของผู้ดำรงตำแหน่งทางการเมืองพิพากษาว่า อดีตรองนายกองค์การบริหารส่วนตำบลจารพัต จงใจยื่นบัญชีแสดงรายการทรัพย์สินและหนี้สินพร้อมเอกสารประกอบเป็นเท็จหรือปกปิดข้อเท็จจริงต่อคณะกรรมการ ป.ป.ช. กรณีเข้ารับและพ้นจากตำแหน่ง โดยพิพากษาให้ห้ามดำรงตำแหน่งทางการเมืองเป็นเวลา 5 ปี นับแต่วันที่พ้นจากตำแหน่ง พร้อมลงโทษจำคุก 1 เดือน และปรับ 4,000 บาท (โทษจำคุกให้รอการลงโทษไว้ 1 ปี) ส่วนกรณีพ้นจากตำแหน่งมาแล้ว 1 ปี ให้ยกคำร้องเนื่องจากกฎหมายใหม่ไม่ได้กำหนดให้เป็นความผิดแล้ว",ผู้ดำรงตำแหน่งทางการเมืองและผู้บริหารท้องถิ่นมีหน้าที่ต้องยื่นบัญชีแสดงรายการทรัพย์สินและหนี้สินของตนเอง คู่สมรส และบุตรที่ยังไม่บรรลุนิติภาวะ พร้อมด้วยเอกสารประกอบให้ถูกต้องและครบถ้วนต่อ ป.ป.ช. ภายในระยะเวลาที่กฎหมายกำหนดเมื่อเข้ารับหรือพ้นจากตำแหน่ง เพื่อหลีกเลี่ยงการถูกดำเนินคดีอาญาและถูกตัดสิทธิทางการเมือง,⚪️ เทา,-,ไม่มี,ราชกิจจานุเบกษา เล่ม ๑๓๗ ตอนที่ ๗ ก หน้า ๒๔-๒๗,"คู่มือการยื่นบัญชีแสดงรายการทรัพย์สินและหนี้สิน (สำนักงาน ป.ป.ช.), แบบบัญชีแสดงรายการทรัพย์สินและหนี้สินสำหรับผู้ดำรงตำแหน่งทางการเมืองและเจ้าหน้าที่ของรัฐ",,"ผู้ดำรงตำแหน่งทางการเมือง, ผู้บริหารท้องถิ่น, เจ้าหน้าที่ของรัฐ","ยื่นบัญชีแสดงรายการทรัพย์สินและหนี้สิน, ปกปิดข้อเท็จจริง, ดำเนินคดีอาญา, พิพากษาลงโทษ, ห้ามดำรงตำแหน่งทางการเมือง","บัญชีแสดงรายการทรัพย์สินและหนี้สิน, ตำแหน่งทางการเมืองท้องถิ่น","ศาลฎีกาแผนกคดีอาญาของผู้ดำรงตำแหน่งทางการเมือง, คณะกรรมการ ป.ป.ช., พระราชบัญญัติประกอบรัฐธรรมนูญว่าด้วยการป้องกันและปราบปรามการทุจริต",-,"CC1, CC29",[CC1]: คำพิพากษาระบุความผิดของผู้ดำรงตำแหน่งทางการเมือง (รองนายก อบต.) ที่จงใจยื่นบัญชีทรัพย์สินและหนี้สินอันเป็นเท็จหรือปกปิดข้อเท็จจริง (ไม่แสดงรายการเงินกู้ธนาคาร) ต่อคณะกรรมการ ป.ป.ช. [CC29]: เอกสารนี้เป็นคำพิพากษาของศาลฎีกาแผนกคดีอาญาของผู้ดำรงตำแหน่งทางการเมือง ซึ่งเป็นการดำเนินคดีและบังคับใช้มาตรการทางกฎหมายต่อนักการเมืองโดยตรง,100%,ลงโทษตาม พ.ร.ป. ว่าด้วยการป้องกันและปราบปรามการทุจริต พ.ศ. 2542 และให้ยกเว้นความผิดกรณีปกปิดข้อมูลเมื่อพ้นจากตำแหน่งมาแล้ว 1 ปี เนื่องจาก พ.ร.ป. ฉบับใหม่ (พ.ศ. 2561) ไม่ได้กำหนดให้ผู้บริหารท้องถิ่นมีหน้าที่ดังกล่าวอีกต่อไป
58,100058,คำพิพากษาของศาลฎีกาแผนกคดีอาญาของผู้ดำรงตำแหน่งทางการเมือง เรื่อง การแสดงบัญชีรายการทรัพย์สินและหนี้สิน [คดีหมายเลขดำที่ อม. ๓๐๗/๒๕๖๑ คดีหมายเลขแดงที่ อม. ๒๐๗/๒๕๖๒ ,https://ratchakitcha.soc.go.th/documents/17116652.pdf,บังคับใช้,,,,27,มกราคม,2563,27 มกราคม 2563,-,คำพิพากษาของศาลฎีกาแผนกคดีอาญา,-,ศาลฎีกาแผนกคดีอาญาของผู้ดำรงตำแหน่งทางการเมือง,-,-,-,"ศาลฎีกาแผนกคดีอาญาของผู้ดำรงตำแหน่งทางการเมืองพิพากษาว่า อดีตรองนายกเทศมนตรีตำบลบัวสว่าง จงใจยื่นบัญชีแสดงรายการทรัพย์สินและหนี้สินพร้อมเอกสารประกอบเป็นเท็จหรือปกปิดข้อเท็จจริงต่อคณะกรรมการ ป.ป.ช. กรณีเข้ารับและพ้นจากตำแหน่ง โดยให้ห้ามดำรงตำแหน่งทางการเมืองเป็นเวลา 5 ปี นับแต่วันที่พ้นจากตำแหน่ง พร้อมลงโทษจำคุก 1 เดือน และปรับ 4,000 บาท (โทษจำคุกให้รอการลงโทษไว้ 1 ปี) ส่วนกรณีพ้นจากตำแหน่งมาแล้ว 1 ปี ให้ยกคำร้องเนื่องจากกฎหมายใหม่ไม่ได้กำหนดให้เป็นการกระทำความผิดแล้ว",ผู้ดำรงตำแหน่งทางการเมืองและผู้บริหารท้องถิ่นมีหน้าที่ต้องยื่นบัญชีแสดงรายการทรัพย์สินและหนี้สินของตนเอง คู่สมรส และบุตรที่ยังไม่บรรลุนิติภาวะ พร้อมด้วยเอกสารประกอบให้ถูกต้องและครบถ้วนตามความเป็นจริงต่อ ป.ป.ช. ภายในระยะเวลาที่กฎหมายกำหนดเมื่อเข้ารับหรือพ้นจากตำแหน่ง เพื่อหลีกเลี่ยงการถูกดำเนินคดีอาญาและถูกตัดสิทธิทางการเมือง,⚪️ เทา,-,ไม่มี,ราชกิจจานุเบกษา เล่ม ๑๓๗ ตอนที่ ๗ ก หน้า ๒๘-๓๑,"คู่มือการยื่นบัญชีแสดงรายการทรัพย์สินและหนี้สิน (สำนักงาน ป.ป.ช.), แบบบัญชีแสดงรายการทรัพย์สินและหนี้สินสำหรับผู้ดำรงตำแหน่งทางการเมืองและเจ้าหน้าที่ของรัฐ",,"ผู้ดำรงตำแหน่งทางการเมือง, ผู้บริหารท้องถิ่น, เจ้าหน้าที่ของรัฐ","ยื่นบัญชีแสดงรายการทรัพย์สินและหนี้สิน, ปกปิดข้อเท็จจริง, ดำเนินคดีอาญา, พิพากษาลงโทษ, ห้ามดำรงตำแหน่งทางการเมือง","บัญชีแสดงรายการทรัพย์สินและหนี้สิน, ตำแหน่งทางการเมืองท้องถิ่น, ที่ดิน","ศาลฎีกาแผนกคดีอาญาของผู้ดำรงตำแหน่งทางการเมือง, คณะกรรมการ ป.ป.ช., พระราชบัญญัติประกอบรัฐธรรมนูญว่าด้วยการป้องกันและปราบปรามการทุจริต",-,"CC1, CC29",[CC1]: คำพิพากษาระบุความผิดของผู้ดำรงตำแหน่งทางการเมืองท้องถิ่น (รองนายกเทศมนตรีตำบล) ที่จงใจยื่นบัญชีทรัพย์สินและหนี้สินอันเป็นเท็จหรือปกปิดข้อเท็จจริง (ไม่แสดงรายการที่ดิน) ต่อคณะกรรมการ ป.ป.ช. [CC29]: เอกสารนี้เป็นคำพิพากษาของศาลฎีกาแผนกคดีอาญาของผู้ดำรงตำแหน่งทางการเมือง ซึ่งเป็นการดำเนินกระบวนพิจารณาคดีและบังคับใช้มาตรการทางกฎหมายต่อนักการเมืองโดยตรง,100%,ลงโทษตาม พ.ร.ป. ว่าด้วยการป้องกันและปราบปรามการทุจริต พ.ศ. 2542 และให้ยกเว้นความผิดกรณีปกปิดข้อมูลเมื่อพ้นจากตำแหน่งมาแล้ว 1 ปี เนื่องจาก พ.ร.ป. ฉบับใหม่ (พ.ศ. 2561) ไม่ได้กำหนดให้ผู้บริหารท้องถิ่นมีหน้าที่ดังกล่าวอีกต่อไป
59,100059,พระราชกฤษฎีกาปิดประชุมรัฐสภาสมัยประชุมสามัญประจำปีครั้งที่สอง พ.ศ. ๒๕๖๓,https://ratchakitcha.soc.go.th/documents/17116667.pdf,สิ้นผล,,,,23,มกราคม,2563,23 มกราคม 2563,-,พระราชกฤษฎีกา,-,คณะรัฐมนตรี (ครม.),-,-,-,มีพระบรมราชโองการโปรดเกล้าฯ ให้ตราพระราชกฤษฎีกาปิดประชุมรัฐสภาสมัยประชุมสามัญประจำปีครั้งที่สอง ตั้งแต่วันที่ 29 กุมภาพันธ์ พ.ศ. 2563 เนื่องจากครบกำหนดเวลา 120 วันของสมัยประชุมดังกล่าว,-,⚪️ เทา,-,ไม่มี,ราชกิจจานุเบกษา เล่ม ๑๓๗ ตอนที่ 5 ก หน้า ๑-๒,-,,รัฐสภา,ปิดประชุมรัฐสภา,รัฐสภา,"พระราชกฤษฎีกา, ปิดประชุมรัฐสภาสมัยประชุมสามัญ, รัฐธรรมนูญแห่งราชอาณาจักรไทย",-,CC10,[CC10]: เป็นพระราชกฤษฎีกาที่ออกตามรัฐธรรมนูญ มาตรา 122 และ 175 เพื่อกำหนดวันปิดประชุมรัฐสภาสมัยประชุมสามัญประจำปีครั้งที่สอง ซึ่งเป็นกระบวนการทางนิติบัญญัติของรัฐสภา ไม่มีผลบังคับใช้หรือสร้างหน้าที่ควบคุมการประกอบการของภาคธุรกิจเอกชนโดยตรง,100%,ปิดประชุมรัฐสภาสมัยประชุมสามัญประจำปีครั้งที่สอง ตั้งแต่วันที่ 29 กุมภาพันธ์ พ.ศ. 2563
60,100060,พระราชกฤษฎีกาให้มีการเลือกตั้งสมาชิกสภาผู้แทนราษฎรจังหวัดกำแพงเพชร เขตเลือกตั้งที่ ๒ แทนตำแหน่งที่ว่าง พ.ศ. ๒๕๖๓,https://ratchakitcha.soc.go.th/documents/17116668.pdf,สิ้นผล,,,,23,มกราคม,2563,23 มกราคม 2563,-,พระราชกฤษฎีกา,-,"สำนักงานคณะกรรมการการเลือกตั้ง (กกต.), องค์กรอิสระ",-,-,กำแพงเพชร,กำหนดให้มีการจัดการเลือกตั้งสมาชิกสภาผู้แทนราษฎรแบบแบ่งเขตเลือกตั้งขึ้นแทนตำแหน่งที่ว่างลง สำหรับจังหวัดกำแพงเพชร เขตเลือกตั้งที่ 2,ผู้ประสงค์จะสมัครรับเลือกตั้งและผู้มีสิทธิเลือกตั้งในพื้นที่เขตเลือกตั้งที่ 2 จังหวัดกำแพงเพชร ต้องติดตามประกาศกำหนดวันรับสมัครและวันเลือกตั้งจากคณะกรรมการการเลือกตั้งเพื่อเตรียมตัวใช้สิทธิหรือลงสมัครตามขั้นตอนที่กฎหมายกำหนด,⚪️ เทา,-,ไม่มี,ราชกิจจานุเบกษา เล่ม ๑๓๗ ตอนที่ 5 ก,-,,"คณะกรรมการการเลือกตั้ง, ผู้มีสิทธิเลือกตั้งจังหวัดกำแพงเพชร เขตเลือกตั้งที่ ๒",จัดการเลือกตั้ง,สมาชิกสภาผู้แทนราษฎร,"พระราชกฤษฎีกา, เลือกตั้งแทนตำแหน่งที่ว่าง, รัฐธรรมนูญแห่งราชอาณาจักรไทย",-,"CC5, CB5",[CC5]: เป็นพระราชกฤษฎีกาที่อาศัยอำนาจตามรัฐธรรมนูญ มาตรา 105 และ 175 กำหนดให้มีการจัดการเลือกตั้งสมาชิกสภาผู้แทนราษฎรแบบแบ่งเขตเลือกตั้งขึ้นแทนตำแหน่งที่ว่าง โดยให้ประธานกรรมการการเลือกตั้งรักษาการตามพระราชกฤษฎีกานี้ [CB5]: เป็นการประกาศจัดให้มีการเลือกตั้งซึ่งส่งผลโดยตรงต่อพรรคการเมืองและผู้สมัครรับเลือกตั้งที่ต้องเตรียมตัวเข้าสู่กระบวนการเลือกตั้งในเขตดังกล่าว,100%,จัดให้มีการเลือกตั้ง ส.ส. จังหวัดกำแพงเพชร เขตเลือกตั้งที่ 2 แทนตำแหน่งที่ว่าง
61,100061,กฎกระทรวงแบ่งส่วนราชการกรมการค้าภายใน กระทรวงพาณิชย์ พ.ศ. ๒๕๖๓,https://ratchakitcha.soc.go.th/documents/17116669.pdf,บังคับใช้,,,,23,มกราคม,2563,23 มกราคม 2563,-,กฎกระทรวง,พระราชบัญญัติระเบียบบริหารราชการแผ่นดิน พ.ศ. ๒๕๓๔ มาตรา ๘ ฉ,"กรมการค้าภายใน, กระทรวงพาณิชย์",-,-,-,ปรับปรุงการแบ่งส่วนราชการและกำหนดหน้าที่อำนาจใหม่ของกรมการค้าภายใน กระทรวงพาณิชย์ โดยแบ่งส่วนราชการออกเป็น 9 กอง และกลุ่มงานสนับสนุน พร้อมทั้งยุบเลิกสำนักส่งเสริมการแข่งขันทางการค้าเพื่อมิให้เกิดความซ้ำซ้อนกับสำนักงานคณะกรรมการการแข่งขันทางการค้า,ผู้ประกอบธุรกิจที่ต้องติดต่อราชการเกี่ยวกับการค้าภายใน มาตราชั่งตวงวัด คลังสินค้า ไซโล และห้องเย็น ควรศึกษาโครงสร้างส่วนราชการใหม่ของกรมการค้าภายในเพื่อติดต่อประสานงานและยื่นเอกสารให้ถูกต้องตามอำนาจหน้าที่ของแต่ละกอง,🔵 ฟ้า,ระเบียบภาครัฐ,ไม่มี,ราชกิจจานุเบกษา เล่ม ๑๓๗ ตอนที่ 5 ก หน้า 5-๑๔,-,,"กรมการค้าภายใน กระทรวงพาณิชย์, ข้าราชการและเจ้าหน้าที่สังกัดกรมการค้าภายใน","แบ่งส่วนราชการ, กำหนดหน้าที่และอำนาจ, กำกับดูแล","กรมการค้าภายใน, ส่วนราชการ","กฎกระทรวง, พระราชบัญญัติระเบียบบริหารราชการแผ่นดิน",-,CC17,[CC17]: เอกสารนี้เป็นกฎกระทรวงที่ออกตาม พ.ร.บ.ระเบียบบริหารราชการแผ่นดิน เพื่อกำหนดโครงสร้างและการแบ่งส่วนราชการภายในกรมการค้าภายใน รวมถึงระบุอำนาจหน้าที่ของแต่ละกอง (เช่น กองชั่งตวงวัด กองกฎหมาย) เพื่อให้ประชาชนและผู้ติดต่อราชการทราบถึงโครงสร้างอำนาจหน้าที่ ไม่มีมาตราใดที่สร้างหน้าที่โดยตรงที่ภาคธุรกิจต้องปฏิบัติตามเพื่อหลีกเลี่ยงบทลงโทษจากเอกสารฉบับนี้,100%,ยกเลิกกฎกระทรวงแบ่งส่วนราชการกรมการค้าภายใน กระทรวงพาณิชย์ พ.ศ. 2556
62,100062,กฎกระทรวงแบ่งส่วนราชการกรมทรัพย์สินทางปัญญา กระทรวงพาณิชย์ พ.ศ. ๒๕๖๓,https://ratchakitcha.soc.go.th/documents/17116670.pdf,บังคับใช้,,กฎกระทรวงแบ่งส่วนราชการกรมทรัพย์สินทางปัญญา กระทรวงพาณิชย์ พ.ศ. ๒๕๕๖,,23,มกราคม,2563,23 มกราคม 2563,-,กฎกระทรวง,พระราชบัญญัติระเบียบบริหารราชการแผ่นดิน พ.ศ. ๒๕๓๔ มาตรา ๘ ฉ,"กรมทรัพย์สินทางปัญญา, กระทรวงพาณิชย์",-,-,-,กำหนดการแบ่งส่วนราชการและหน้าที่อำนาจของกรมทรัพย์สินทางปัญญา กระทรวงพาณิชย์ใหม่ เพื่อสนับสนุนการบริหารจัดการทรัพย์สินทางปัญญาเชิงพาณิชย์ โดยแบ่งออกเป็น 11 ส่วนราชการหลัก เช่น กองเครื่องหมายการค้า กองลิขสิทธิ์ กองสิทธิบัตร และกองสิ่งบ่งชี้ทางภูมิศาสตร์,ผู้ประกอบธุรกิจ ศิลปิน หรือนักประดิษฐ์ ที่ต้องการขอรับความคุ้มครอง แจ้งข้อมูล หรือไกล่เกลี่ยข้อพิพาทด้านทรัพย์สินทางปัญญา ควรตรวจสอบโครงสร้างส่วนราชการใหม่ของกรมทรัพย์สินทางปัญญา เพื่อติดต่อยื่นเรื่องให้ตรงกับกองที่รับผิดชอบ,🔵 ฟ้า,ระเบียบภาครัฐ,ไม่มี,ราชกิจจานุเบกษา เล่ม ๑๓๗ ตอนที่ 5 ก หน้า ๑๕-๒๔,-,,"กรมทรัพย์สินทางปัญญา กระทรวงพาณิชย์, ข้าราชการและเจ้าหน้าที่สังกัดกรมทรัพย์สินทางปัญญา","แบ่งส่วนราชการ, กำหนดหน้าที่และอำนาจ","กรมทรัพย์สินทางปัญญา, ส่วนราชการ","กฎกระทรวง, พระราชบัญญัติระเบียบบริหารราชการแผ่นดิน, ทรัพย์สินทางปัญญา",-,CC17,"[CC17]: เอกสารนี้เป็นกฎกระทรวงที่ออกตาม พ.ร.บ.ระเบียบบริหารราชการแผ่นดิน เพื่อกำหนดโครงสร้างและการแบ่งส่วนราชการภายในกรมทรัพย์สินทางปัญญา (เช่น กองเครื่องหมายการค้า, กองลิขสิทธิ์, กองสิทธิบัตร) เป็นกฎหมายจัดระเบียบการบริหารราชการแผ่นดิน เพื่อให้ประชาชนและผู้ติดต่อราชการทราบอำนาจหน้าที่ของแต่ละกอง ไม่มีบทบัญญัติที่บังคับสร้างหน้าที่หรือบทลงโทษแก่ภาคธุรกิจเอกชนโดยตรง",100%,ยกเลิกกฎกระทรวงแบ่งส่วนราชการกรมทรัพย์สินทางปัญญา กระทรวงพาณิชย์ พ.ศ. 2556
63,100063,ประกาศคณะกรรมการการเลือกตั้ง เรื่อง พรรคเพื่อสหกรณ์ไทยสิ้นสภาพความเป็นพรรคการเมือง,https://ratchakitcha.soc.go.th/documents/17116675.pdf,บังคับใช้,,,,23,มกราคม,2563,23 มกราคม 2563,-,ประกาศ,"พระราชบัญญัติประกอบรัฐธรรมนูญว่าด้วยพรรคการเมือง พ.ศ. 2560 มาตรา 141, พระราชบัญญัติประกอบรัฐธรรมนูญว่าด้วยพรรคการเมือง พ.ศ. 2560 มาตรา 91","สำนักงานคณะกรรมการการเลือกตั้ง (กกต.), องค์กรอิสระ",-,-,-,คณะกรรมการการเลือกตั้งประกาศให้พรรคเพื่อสหกรณ์ไทยสิ้นสภาพความเป็นพรรคการเมือง เนื่องจากไม่สามารถดำเนินการให้แล้วเสร็จตามระยะเวลาที่กำหนดในพระราชบัญญัติประกอบรัฐธรรมนูญว่าด้วยพรรคการเมือง พ.ศ. 2560 และที่แก้ไขเพิ่มเติม,ผู้ที่เกี่ยวข้องต้องยุติการดำเนินกิจกรรมทางการเมืองในนามพรรคเพื่อสหกรณ์ไทย เนื่องจากพรรคได้สิ้นสภาพความเป็นพรรคการเมืองตามกฎหมายแล้วตั้งแต่วันที่ประกาศในราชกิจจานุเบกษา,🟡 เหลือง,เสียสิทธิประโยชน์ / ผลทางนิติกรรม,ไม่มี,ราชกิจจานุเบกษา เล่ม ๑๓๗ ตอนที่ 5 ก หน้า ๔๔,คู่มือการดำเนินกิจการของพรรคการเมือง (สำนักงานคณะกรรมการการเลือกตั้ง),,"พรรคเพื่อสหกรณ์ไทย, พรรคการเมือง","สิ้นสภาพความเป็นพรรคการเมือง, ตรวจสอบข้อเท็จจริง",พรรคการเมือง,"สิ้นสภาพความเป็นพรรคการเมือง, คณะกรรมการการเลือกตั้ง, พระราชบัญญัติประกอบรัฐธรรมนูญว่าด้วยพรรคการเมือง, คำสั่งหัวหน้าคณะรักษาความสงบแห่งชาติ",CB5,CC5,"[CB5]: เอกสารบังคับใช้กับ ""พรรคการเมือง"" โดยตรง โดยประกาศให้พรรคเพื่อสหกรณ์ไทยสิ้นสภาพความเป็นพรรคการเมือง เนื่องจากไม่ปฏิบัติตาม พ.ร.ป. ว่าด้วยพรรคการเมือง พ.ศ. 2560 ตามกรอบเวลาที่กฎหมายกำหนด [CC5]: เป็นประกาศที่ออกโดยคณะกรรมการการเลือกตั้ง (กกต.) ในฐานะนายทะเบียนพรรคการเมือง ซึ่งผู้บริหารพรรคและพรรคการเมืองต้องรับทราบและปฏิบัติตาม",100%,พรรคเพื่อสหกรณ์ไทยสิ้นสภาพความเป็นพรรคการเมือง เนื่องจากไม่ดำเนินการตามมาตรา 141 วรรคหนึ่ง (3) และมาตรา 141/1 วรรคสี่ ให้แล้วเสร็จภายในเวลา 1 ปี
64,100064,ประกาศคณะกรรมการการเลือกตั้ง เรื่อง พรรคมหาชนสิ้นสภาพความเป็นพรรคการเมือง,https://ratchakitcha.soc.go.th/documents/17116676.pdf,บังคับใช้,,,,23,มกราคม,2563,23 มกราคม 2563,-,ประกาศ,"พระราชบัญญัติประกอบรัฐธรรมนูญว่าด้วยพรรคการเมือง พ.ศ. 2560 มาตรา 91, พระราชบัญญัติประกอบรัฐธรรมนูญว่าด้วยพรรคการเมือง พ.ศ. 2560 มาตรา 141","สำนักงานคณะกรรมการการเลือกตั้ง (กกต.), องค์กรอิสระ",-,-,-,คณะกรรมการการเลือกตั้งประกาศให้พรรคมหาชนสิ้นสภาพความเป็นพรรคการเมือง เนื่องจากคณะกรรมการบริหารพรรคมีมติเอกฉันท์ให้เลิกพรรค และพรรคไม่สามารถดำเนินการให้แล้วเสร็จตามระยะเวลาที่กฎหมายพรรคการเมืองกำหนด,สมาชิกพรรคและผู้ที่เกี่ยวข้องต้องรับทราบและยุติการดำเนินกิจกรรมทางการเมืองในนามพรรคมหาชน เนื่องจากพรรคได้สิ้นสภาพความเป็นพรรคการเมืองตามกฎหมายแล้วตั้งแต่วันที่ประกาศในราชกิจจานุเบกษา,🟡 เหลือง,เสียสิทธิประโยชน์ / ผลทางนิติกรรม,ไม่มี,ราชกิจจานุเบกษา เล่ม ๑๓๗ ตอนที่ 5 ก หน้า ๔๕,คู่มือการดำเนินกิจการของพรรคการเมือง (สำนักงานคณะกรรมการการเลือกตั้ง),,"พรรคมหาชน, พรรคการเมือง","เลิกพรรค, สิ้นสภาพความเป็นพรรคการเมือง, ตรวจสอบข้อเท็จจริง",พรรคการเมือง,"สิ้นสภาพความเป็นพรรคการเมือง, คณะกรรมการการเลือกตั้ง, พระราชบัญญัติประกอบรัฐธรรมนูญว่าด้วยพรรคการเมือง, คำสั่งหัวหน้าคณะรักษาความสงบแห่งชาติ",CB5,CC5,"[CB5]: เนื้อหาประกาศบังคับใช้และส่งผลทางกฎหมายโดยตรงต่อ ""พรรคการเมือง"" (พรรคมหาชน) โดยชี้ขาดให้สิ้นสภาพความเป็นพรรคการเมือง เนื่องจากที่ประชุมคณะกรรมการบริหารพรรคมีมติเอกฉันท์ให้เลิกพรรค และพรรคไม่สามารถดำเนินการตามกรอบเวลาของ พ.ร.ป. ว่าด้วยพรรคการเมือง พ.ศ. 2560 ได้ [CC5]: เป็นประกาศทางการที่ออกโดยคณะกรรมการการเลือกตั้ง (กกต.) เพื่อดำเนินการตามขั้นตอนการเพิกถอนสถานะทางกฎหมายของพรรคการเมือง ซึ่งผู้บริหารพรรค สมาชิก และประชาชนต้องรับทราบ",100%,พรรคมหาชนสิ้นสภาพความเป็นพรรคการเมือง เนื่องจากมีมติให้เลิกพรรคและไม่ดำเนินการตาม ม.141 วรรคหนึ่ง (3) และ ม.141/1 วรรคสี่ ให้แล้วเสร็จภายในเวลาที่กำหนด
65,100065,ประกาศคณะกรรมการการเลือกตั้ง เรื่อง พรรคแทนคุณแผ่นดินสิ้นสภาพความเป็นพรรคการเมือง,https://ratchakitcha.soc.go.th/documents/17116677.pdf,บังคับใช้,,,,23,มกราคม,2563,23 มกราคม 2563,-,ประกาศ,"พระราชบัญญัติประกอบรัฐธรรมนูญว่าด้วยพรรคการเมือง พ.ศ. 2560 มาตรา 141, พระราชบัญญัติประกอบรัฐธรรมนูญว่าด้วยพรรคการเมือง พ.ศ. 2560 มาตรา 91","สำนักงานคณะกรรมการการเลือกตั้ง (กกต.), องค์กรอิสระ",-,-,-,คณะกรรมการการเลือกตั้งประกาศให้พรรคแทนคุณแผ่นดินสิ้นสภาพความเป็นพรรคการเมือง เนื่องจากพรรคไม่สามารถดำเนินการให้แล้วเสร็จตามระยะเวลาที่กำหนดในพระราชบัญญัติประกอบรัฐธรรมนูญว่าด้วยพรรคการเมือง พ.ศ. 2560 และที่แก้ไขเพิ่มเติม,สมาชิกและผู้เกี่ยวข้องต้องรับทราบการสิ้นสภาพของพรรคการเมือง และยุติการดำเนินกิจกรรมต่างๆ ในนามของพรรคแทนคุณแผ่นดินตามที่กฎหมายกำหนด,🟡 เหลือง,เสียสิทธิประโยชน์ / ผลทางนิติกรรม,ไม่มี,ราชกิจจานุเบกษา เล่ม ๑๓๗ ตอนที่ 5 ก หน้า ๔๖,คู่มือการดำเนินกิจการของพรรคการเมือง (สำนักงานคณะกรรมการการเลือกตั้ง),,"พรรคแทนคุณแผ่นดิน, พรรคการเมือง","สิ้นสภาพความเป็นพรรคการเมือง, ตรวจสอบข้อเท็จจริง",พรรคการเมือง,"สิ้นสภาพความเป็นพรรคการเมือง, คณะกรรมการการเลือกตั้ง, พระราชบัญญัติประกอบรัฐธรรมนูญว่าด้วยพรรคการเมือง, คำสั่งหัวหน้าคณะรักษาความสงบแห่งชาติ",CB5,CC5,[CB5]: ประกาศนี้ส่งผลทางกฎหมายโดยตรงต่อพรรคการเมือง (พรรคแทนคุณแผ่นดิน) โดยให้สิ้นสภาพความเป็นพรรคการเมือง เนื่องจากไม่ปฏิบัติตาม พ.ร.ป. ว่าด้วยพรรคการเมือง พ.ศ. 2560 ภายในกรอบเวลาที่กฎหมายกำหนด [CC5]: เป็นประกาศที่ออกโดยคณะกรรมการการเลือกตั้ง (กกต.) ในฐานะนายทะเบียนพรรคการเมือง เพื่อดำเนินการเพิกถอนสถานะทางกฎหมายของพรรคการเมืองตามอำนาจหน้าที่,100%,พรรคแทนคุณแผ่นดินสิ้นสภาพความเป็นพรรคการเมือง เนื่องจากไม่ดำเนินการตามมาตรา 141 วรรคหนึ่ง (3) และมาตรา 141/1 วรรคสี่ ให้แล้วเสร็จภายในเวลาที่กำหนด
66,100066,พระราชกฤษฎีกาออกตามความในประมวลรัษฎากร ว่าด้วยการยกเว้นรัษฎากร (ฉบับที่ ๖๙๐) พ.ศ. ๒๕๖๓,https://ratchakitcha.soc.go.th/documents/17116088.pdf,สิ้นผล,,,,20,มกราคม,2563,21 มกราคม 2563,-,พระราชกฤษฎีกา,ประมวลรัษฎากร มาตรา 3 (1),"กรมสรรพากร, กระทรวงการคลัง",-,-,-,ยกเว้นภาษีเงินได้ให้แก่บริษัทหรือห้างหุ้นส่วนนิติบุคคลเป็นจำนวนร้อยละ 50 ของรายจ่ายที่จ่ายจริงสำหรับการลงทุนในเครื่องจักรใหม่ที่ไม่ใช่การซ่อมแซมให้คงสภาพเดิม โดยต้องเป็นรายจ่ายที่จ่ายระหว่างวันที่ 1 กันยายน 2562 ถึง 31 พฤษภาคม 2563 และเครื่องจักรต้องพร้อมใช้งานภายใน 31 ธันวาคม 2563,บริษัทหรือห้างหุ้นส่วนนิติบุคคลที่ต้องการใช้สิทธิยกเว้นภาษี ต้องจัดทำโครงการลงทุนและแผนการจ่ายเงินเพื่อแจ้งต่ออธิบดี และต้องดูแลไม่ให้นำเครื่องจักรดังกล่าวไปใช้ร่วมกับสิทธิประโยชน์ทางภาษีอื่นหรือใช้ในกิจการที่ได้รับยกเว้นภาษีตามกฎหมายว่าด้วยการส่งเสริมการลงทุน หากผิดเงื่อนไขจะต้องนำเงินได้ที่ได้รับยกเว้นไปรวมคำนวณเสียภาษี,🟡 เหลือง,เสียสิทธิประโยชน์ / ผลทางนิติกรรม,โครงการลงทุนและแผนการจ่ายเงิน,ราชกิจจานุเบกษา เล่ม ๑๓๗ ตอนที่ ๕ ก หน้า ๑-๔,"ประกาศอธิบดีกรมสรรพากรเกี่ยวกับภาษีเงินได้ (เรื่องหลักเกณฑ์การยกเว้นภาษีเงินได้สำหรับการลงทุนในเครื่องจักรตาม พ.ร.ฎ. 690), แบบแจ้งโครงการลงทุนและแผนการจ่ายเงิน (กรมสรรพากร)",,บริษัทหรือห้างหุ้นส่วนนิติบุคคล,"ยกเว้นภาษีเงินได้, ลงทุนในเครื่องจักร, คำนวณกำไรสุทธิ","เครื่องจักร, ภาษีเงินได้นิติบุคคล","ยกเว้นรัษฎากร, ประมวลรัษฎากร, ภาษีเงินได้นิติบุคคล, เครื่องจักร, ลีสซิ่ง",-,"BW2, BW14",[BW2]: มาตรา 4 และ 7 กำหนดให้บริษัทหรือห้างหุ้นส่วนนิติบุคคลต้องคำนวณกำไรสุทธิเพื่อเสียภาษีเงินได้ โดยมีเงื่อนไขการนำรายได้ที่เคยได้รับสิทธิยกเว้นไปรวมเป็นรายได้หากปฏิบัติผิดเงื่อนไข [BW14]: เป็นพระราชกฤษฎีกาว่าด้วยการยกเว้นรัษฎากรโดยตรง (ตามมาตรา 4) ที่ให้สิทธิประโยชน์ทางภาษีในการยกเว้นภาษีเงินได้นิติบุคคลจำนวนร้อยละ 50 ของรายจ่ายเพื่อการลงทุนในเครื่องจักร,100%,บังคับใช้ตั้งแต่วันที่ 21 มกราคม 2563 (ครอบคลุมรายจ่ายตั้งแต่ 1 ก.ย. 2562 - 31 พ.ค. 2563) โดยยกเว้นไม่ใช้กับกิจการให้เช่าแบบลีสซิ่ง และกิจการที่ได้รับสิทธิประโยชน์ทางภาษีจาก BOI หรือ EEC อยู่แล้ว
67,100067,พระราชกฤษฎีกาลดภาษีที่ดินและสิ่งปลูกสร้าง พ.ศ. ๒๕๖๓,https://ratchakitcha.soc.go.th/documents/17116089.pdf,บังคับใช้,,,,20,มกราคม,2563,1 มกราคม 2563,-,พระราชกฤษฎีกา,พระราชบัญญัติภาษีที่ดินและสิ่งปลูกสร้าง พ.ศ. 2562 มาตรา 55,"กระทรวงการคลัง, กระทรวงมหาดไทย",-,-,-,"กำหนดให้ลดหย่อนภาษีที่ดินและสิ่งปลูกสร้างในอัตราร้อยละ 50 และร้อยละ 90 สำหรับที่ดินหรือสิ่งปลูกสร้างบางประเภท เช่น ที่อยู่อาศัยที่ได้รับมรดก, โรงผลิตไฟฟ้า, เขื่อน, อสังหาริมทรัพย์รอการขาย (NPA) ของสถาบันการเงิน, ที่ดินอยู่ระหว่างการพัฒนาโครงการอสังหาริมทรัพย์, ที่ดินของสถาบันอุดมศึกษาเอกชน, โรงเรียนเอกชน, สนามกีฬา และลานจอดรถสาธารณะ เป็นต้น",เจ้าของทรัพย์สิน สถาบันการเงิน หรือผู้ประกอบการที่เข้าข่ายได้รับสิทธิการลดหย่อนภาษีตามที่กฎหมายกำหนด ควรตรวจสอบคุณสมบัติและเตรียมเอกสารหลักฐานให้พร้อมเพื่อใช้ประกอบการประเมินและการชำระภาษีที่ดินและสิ่งปลูกสร้างกับองค์กรปกครองส่วนท้องถิ่นในพื้นที่,🟡 เหลือง,เสียสิทธิประโยชน์ / ผลทางนิติกรรม,ไม่มี,ราชกิจจานุเบกษา เล่ม ๑๓๗ ตอนที่ ๕ ก หน้า ๕-๙,คู่มือการชำระภาษีที่ดินและสิ่งปลูกสร้าง (องค์กรปกครองส่วนท้องถิ่น),,"บุคคลธรรมดา, สถาบันการเงิน, ผู้ประกอบการพัฒนาอสังหาริมทรัพย์, สถาบันอุดมศึกษาเอกชน, โรงเรียนเอกชน, ผู้ให้บริการสถานที่สาธารณะ, สนามบิน, การทางพิเศษแห่งประเทศไทย, ผู้ได้รับสัมปทานทางหลวง","ลดภาษีที่ดินและสิ่งปลูกสร้าง, ครอบครองอสังหาริมทรัพย์, พัฒนาอสังหาริมทรัพย์, ให้บริการสาธารณะ","ที่อยู่อาศัย, โรงผลิตไฟฟ้า, เขื่อน, อสังหาริมทรัพย์รอการขาย (NPA), โครงการจัดสรร, อาคารชุด, นิคมอุตสาหกรรม, โรงเรียน, สปอร์ตคลับ, สวนสนุก, สวนสัตว์, ลานจอดรถ, สนามบิน, ทางพิเศษ","พระราชกฤษฎีกา, ลดภาษี, ภาษีที่ดินและสิ่งปลูกสร้าง, อสังหาริมทรัพย์รอการขาย, สถาบันการเงินเฉพาะกิจ, บริษัทบริหารสินทรัพย์, สถาบันอุดมศึกษาเอกชน, โรงเรียนเอกชน","K1, AK1, AK5, AF1, AM3, AM5, AM6, AU4, AU6, B8","BC2, BC5, BD1, BF2, BW7","[K1]: [Direct Duty] เป็นผู้ครอบครองที่ดินที่ตั้งโรงผลิตไฟฟ้าและเขื่อนผลิตไฟฟ้า ได้รับสิทธิลดภาษี 50% ตามมาตรา 3(2)-(3)

[AK1]: [Direct Duty] เป็นสถาบันการเงินที่ถือครองอสังหาริมทรัพย์รอการขาย (NPA) ไม่เกิน 5 ปี ได้รับสิทธิลดภาษี 90% ตามมาตรา 4(1)(ก)-(ค)

[AK5]: [Direct Duty] เป็นบริษัทบริหารสินทรัพย์ที่ถือครองอสังหาริมทรัพย์รอการขาย ได้รับสิทธิลดภาษี 90% ตามมาตรา 4(1)(ง)

[AF1]: [Direct Duty] เป็นผู้พัฒนาโครงการจัดสรร อาคารชุด และนิคมอุตสาหกรรมที่อยู่ระหว่างการพัฒนาหรือยังไม่ได้ขาย ได้รับสิทธิลดภาษี 90% ตามมาตรา 4(2)-(5)

[AM3]: [Direct Duty] เป็นผู้ครอบครองที่ดินที่ใช้เป็นที่ตั้งโรงเรียนเอกชนในระบบ ได้รับสิทธิลดภาษี 90% ตามมาตรา 4(7)(ก)

[AM5]: [Direct Duty] เป็นผู้ครอบครองที่ดินที่ตั้งโรงเรียนเอกชนนอกระบบ (สอนศาสนา, ตาดีกา, ปอเนาะ) ได้รับสิทธิลดภาษี 90% ตามมาตรา 4(7)(ข)-(ง)

[AM6]: [Direct Duty] เป็นผู้ครอบครองที่ดินที่ตั้งสถาบันอุดมศึกษาเอกชน ได้รับสิทธิลดภาษี 90% ตามมาตรา 4(6)

[AU4]: [Direct Duty] เป็นผู้ประกอบการสวนสนุกที่มีเครื่องเล่นที่ได้รับอนุญาต ได้รับสิทธิลดภาษี 90% ตามมาตรา 4(8)(ค)

[AU6]: [Direct Duty] เป็นเจ้าของสถานที่ให้บริการเล่นกีฬาหรือสมาคมกีฬาที่ กกท. กำหนด ได้รับสิทธิลดภาษี 90% ตามมาตรา 4(8)(ก)

[B8]: [Direct Duty] เป็นผู้ประกอบกิจการสวนสัตว์ที่ได้รับอนุญาต ได้รับสิทธิลดภาษี 90% ตามมาตรา 4(8)(ข)

[BC2]: [Direct Duty] เป็นองค์กรหรือผู้ดูแลลานจอดรถของการรถไฟฟ้าขนส่งมวลชนแห่งประเทศไทย ได้รับสิทธิลดภาษี 90% ตามมาตรา 4(8)(ง)

[BC5]: [Direct Duty] เป็นองค์กรหรือผู้ดูแลลานจอดรถโดยสารสาธารณะในสถานีขนส่งผู้โดยสาร ได้รับสิทธิลดภาษี 90% ตามมาตรา 4(8)(จ)

[BD1]: [Direct Duty] เป็นผู้รับสัมปทานหรือเจ้าของถนนทางพิเศษและทางหลวงสัมปทาน ได้รับสิทธิลดภาษี 90% ตามมาตรา 4(10)

[BF2]: [Direct Duty] เป็นผู้ประกอบการหรือผู้ดูแลพื้นที่สนามบิน (ทางวิ่ง ทางขับ ลานจอดอากาศยาน) ได้รับสิทธิลดภาษี 90% ตามมาตรา 4(9)

[BW7]: [Direct Duty] เป็นกฎหมายที่เกี่ยวข้องกับภาระภาษีอากรโดยตรง (ภาษีที่ดินและสิ่งปลูกสร้าง) และให้สิทธิประโยชน์ทางภาษีแก่ผู้ประกอบการ",100%,พระราชกฤษฎีกานี้ออกตามความในมาตรา 55 แห่ง พ.ร.บ.ภาษีที่ดินและสิ่งปลูกสร้าง พ.ศ. 2562 มีผลบังคับใช้ตั้งแต่ 1 ม.ค. 2563 เป็นต้นไป เพื่อลดหย่อนภาษี 50% และ 90% ให้กับกลุ่มธุรกิจและประเภททรัพย์สินที่กำหนดเป็นการเฉพาะ
68,100068,พระราชกฤษฎีกากำหนดเขตที่ดินที่จะเวนคืน ในท้องที่ตำบลอาจสามารถ อำเภอเมืองนครพนม จังหวัดนครพนม พ.ศ. ๒๕๖๓,https://ratchakitcha.soc.go.th/documents/17116090.pdf,สิ้นผล,,,,20,มกราคม,2563,21 มกราคม 2563,20 มกราคม 2568,พระราชกฤษฎีกา,พระราชบัญญัติว่าด้วยการเวนคืนและการได้มาซึ่งอสังหาริมทรัพย์ พ.ศ. 2562 มาตรา 8,"กรมการขนส่งทางบก, กระทรวงคมนาคม",-,เมืองนครพนม,นครพนม,กำหนดเขตที่ดินที่จะเวนคืนในตำบลอาจสามารถ อำเภอเมืองนครพนม จังหวัดนครพนม เพื่อสร้างศูนย์การขนส่งชายแดนจังหวัดนครพนม โดยให้อำนาจเจ้าหน้าที่เข้าสำรวจภายใน 180 วัน และกฎหมายมีผลบังคับใช้เป็นระยะเวลา 5 ปี,เจ้าของที่ดินและอสังหาริมทรัพย์ในเขตพื้นที่ตามแผนที่แนบท้าย ต้องให้ความร่วมมือและอำนวยความสะดวกแก่เจ้าหน้าที่กรมการขนส่งทางบกในการเข้าสำรวจพื้นที่เพื่อการเวนคืน,⚪️ เทา,-,ไม่มี,ราชกิจจานุเบกษา เล่ม ๑๓๗ ตอนที่ ๕ ก หน้า ๑๐-๑๒,-,,เจ้าของที่ดินและอสังหาริมทรัพย์ในเขตพื้นที่ที่กำหนด,"เวนคืน, กำหนดเขตที่ดินที่จะเวนคืน, สร้างศูนย์การขนส่งชายแดน","ที่ดิน, อสังหาริมทรัพย์, ศูนย์การขนส่งชายแดน","พระราชกฤษฎีกา, เวนคืนที่ดิน, พระราชบัญญัติว่าด้วยการเวนคืนและการได้มาซึ่งอสังหาริมทรัพย์, กรมการขนส่งทางบก",CD3,-,[CD3]: พระราชกฤษฎีกานี้กำหนดเขตที่ดินที่จะเวนคืนเพื่อสร้างศูนย์การขนส่งชายแดน ซึ่งกระทบโดยตรงต่อเจ้าของที่ดินหรือผู้ครอบครองอสังหาริมทรัพย์ที่อยู่ในแนวเขตเวนคืน (ตำบลอาจสามารถ อำเภอเมืองนครพนม จังหวัดนครพนม) ที่จะต้องถูกเวนคืนที่ดินเพื่อโครงการสาธารณูปโภคของรัฐ ตามมาตรา 3 และ 5,100%,ให้บังคับใช้ได้มีกำหนด 5 ปีนับแต่วันถัดจากวันประกาศในราชกิจจานุเบกษา (ประกาศ 20 มกราคม 2563) โดยให้กรมการขนส่งทางบกเป็นเจ้าหน้าที่ในการเวนคืน
69,100069,พระราชกฤษฎีกากำหนดเขตพื้นที่เพื่อการอนุญาตให้ตั้งสถานบริการในท้องที่จังหวัดนครราชสีมา (ฉบับที่ ๒) พ.ศ. ๒๕๖๓,https://ratchakitcha.soc.go.th/documents/17116091.pdf,บังคับใช้,,,,20,มกราคม,2563,21 มกราคม 2563,-,พระราชกฤษฎีกา,พระราชบัญญัติสถานบริการ พ.ศ. 2509 มาตรา 5,กระทรวงมหาดไทย,-,เมืองนครราชสีมา,นครราชสีมา,กำหนดเขตพื้นที่เพิ่มเติมสำหรับการอนุญาตให้ตั้งสถานบริการในบริเวณอำเภอเมืองนครราชสีมา จังหวัดนครราชสีมา เพื่อรักษาความสงบเรียบร้อย โดยกฎหมายนี้ไม่ใช้บังคับกับสถานบริการที่ได้รับอนุญาตไปแล้วก่อนหน้า และสถานบริการที่อยู่ในสถานที่ตั้งโรงแรม,ผู้ประกอบการที่ประสงค์จะเปิดสถานบริการแห่งใหม่ในจังหวัดนครราชสีมา ต้องตรวจสอบที่ตั้งให้แน่ชัดว่าอยู่ในเขตพื้นที่อนุญาตตามแผนที่แนบท้ายกฎหมายฉบับนี้ หากอยู่นอกแนวเขตจะไม่สามารถขออนุญาตตั้งสถานบริการได้,ฟ้า,ระเบียบภาครัฐ,ใบอนุญาตตั้งสถานบริการ,ราชกิจจานุเบกษา เล่ม ๑๓๗ ตอนที่ ๕ ก หน้า ๑๓-๑๕,คู่มือการขออนุญาตตั้งสถานบริการ (กระทรวงมหาดไทย/กรมการปกครอง),,ผู้ประสงค์จะขออนุญาตตั้งสถานบริการในท้องที่จังหวัดนครราชสีมา,"ตั้งสถานบริการ, อนุญาตให้ตั้งสถานบริการ","สถานบริการ, เขตพื้นที่ (โซนนิ่ง)","พระราชกฤษฎีกา, กำหนดเขตพื้นที่, อนุญาตให้ตั้งสถานบริการ, พระราชบัญญัติสถานบริการ","AV1, AV2, AV3, AV4, AE2",CD2,[AV1]: บังคับใช้กับผู้ประกอบการผับ บาร์ สถานบันเทิง ที่ต้องการตั้งสถานบริการในท้องที่จังหวัดนครราชสีมา จะต้องตั้งอยู่ในเขตพื้นที่บริเวณที่กำหนดตามมาตรา 3 [AV2]: บังคับใช้กับผู้ประกอบการร้านคาราโอเกะที่เข้าข่ายเป็นสถานบริการ ซึ่งต้องอยู่ภายใต้แนวเขตพื้นที่ที่อนุญาตตามมาตรา 3 [AV3]: บังคับใช้กับผู้ประกอบกิจการอาบอบนวด ที่ต้องการตั้งสถานบริการใหม่ในพื้นที่นครราชสีมา ต้องอยู่ในเขตพื้นที่โซนนิ่งตามมาตรา 3 [AV4]: บังคับใช้กับผู้ประกอบการเลาจน์และคลับเมมเบอร์ ซึ่งเป็นสถานบริการที่ต้องตั้งในพื้นที่ที่กำหนดตามมาตรา 3 [AE2]: มาตรา 4 ระบุข้อยกเว้นอย่างชัดเจนว่า พระราชกฤษฎีกานี้ไม่ใช้บังคับแก่สถานบริการที่อยู่ในสถานที่ตั้งโรงแรมตามกฎหมายว่าด้วยโรงแรม [CD2]: มาตรา 3 มีการกำหนดแนวเขตพื้นที่โซนนิ่ง (Zoning) เพื่อการใช้ประโยชน์ที่ดินอย่างชัดเจนด้วยการระบุพิกัด ระยะทาง และจุดบรรจบจากถนน/ทางหลวง ซึ่งผู้พัฒนาที่ดินและสถาปนิกจำเป็นต้องนำไปใช้ประกอบการประเมินศักยภาพที่ดิน,100%,ไม่บังคับใช้แก่สถานบริการที่ได้รับอนุญาตก่อนวันที่พระราชกฤษฎีกานี้ใช้บังคับ (20 ม.ค. 2563) และสถานบริการที่ตั้งอยู่ในโรงแรมตามกฎหมายว่าด้วยโรงแรม
70,100070,พระราชกฤษฎีกากำหนดเขตพื้นที่เพื่อการอนุญาตให้ตั้งสถานบริการในท้องที่จังหวัดร้อยเอ็ด (ฉบับที่ ๒) พ.ศ. ๒๕๖๓,https://ratchakitcha.soc.go.th/documents/17116092.pdf,บังคับใช้,,,,20,มกราคม,2563,21 มกราคม 2563,-,พระราชกฤษฎีกา,พระราชบัญญัติสถานบริการ พ.ศ. 2509 มาตรา 5,กระทรวงมหาดไทย,-,เมืองร้อยเอ็ด,ร้อยเอ็ด,กำหนดเขตพื้นที่เพิ่มเติมสำหรับการอนุญาตให้ตั้งสถานบริการในอำเภอเมืองร้อยเอ็ด จังหวัดร้อยเอ็ด เพื่อรักษาความสงบเรียบร้อย โดยไม่ใช้บังคับกับสถานบริการที่ได้รับอนุญาตก่อนกฎหมายนี้ใช้บังคับและสถานบริการในโรงแรม,ผู้ประสงค์จะเปิดสถานบริการแห่งใหม่ในจังหวัดร้อยเอ็ด ต้องตรวจสอบที่ตั้งให้แน่ชัดว่าอยู่ในเขตพื้นที่อนุญาตตามแผนที่แนบท้ายกฎหมายฉบับนี้ หากอยู่นอกแนวเขตจะไม่สามารถขออนุญาตตั้งสถานบริการได้,ฟ้า,ระเบียบภาครัฐ,ใบอนุญาตตั้งสถานบริการ,ราชกิจจานุเบกษา เล่ม ๑๓๗ ตอนที่ ๕ ก หน้า ๑๖-๑๘,คู่มือการขออนุญาตตั้งสถานบริการ (กระทรวงมหาดไทย/กรมการปกครอง),,ผู้ประสงค์จะขออนุญาตตั้งสถานบริการในท้องที่จังหวัดร้อยเอ็ด,"ตั้งสถานบริการ, อนุญาตให้ตั้งสถานบริการ","สถานบริการ, เขตพื้นที่ (โซนนิ่ง)","พระราชกฤษฎีกา, กำหนดเขตพื้นที่, อนุญาตให้ตั้งสถานบริการ, พระราชบัญญัติสถานบริการ","AV1, AV2, AV3, AV4, AE2",CD2,[AV1]: บังคับใช้กับผู้ประกอบการผับ บาร์ สถานบันเทิง ที่ต้องการตั้งสถานบริการในท้องที่จังหวัดร้อยเอ็ด จะต้องตั้งอยู่ในเขตพื้นที่บริเวณที่กำหนดตามมาตรา 3 [AV2]: บังคับใช้กับผู้ประกอบการร้านคาราโอเกะที่เข้าข่ายเป็นสถานบริการ ซึ่งต้องอยู่ภายใต้แนวเขตพื้นที่ที่อนุญาตตามมาตรา 3 [AV3]: บังคับใช้กับผู้ประกอบกิจการอาบอบนวด ที่ต้องการตั้งสถานบริการใหม่ในพื้นที่ร้อยเอ็ด ต้องอยู่ในเขตพื้นที่โซนนิ่งตามมาตรา 3 [AV4]: บังคับใช้กับผู้ประกอบการเลาจน์และคลับเมมเบอร์ ซึ่งเป็นสถานบริการที่ต้องตั้งในพื้นที่ที่กำหนดตามมาตรา 3 [AE2]: มาตรา 4 ระบุข้อยกเว้นอย่างชัดเจนว่า พระราชกฤษฎีกานี้ไม่ใช้บังคับแก่สถานบริการที่อยู่ในสถานที่ตั้งโรงแรมตามกฎหมายว่าด้วยโรงแรม [CD2]: มาตรา 3 มีการกำหนดแนวเขตพื้นที่โซนนิ่ง (Zoning) เพื่อการใช้ประโยชน์ที่ดินอย่างชัดเจนด้วยการระบุพิกัด ระยะทาง และจุดบรรจบจากถนน/ทางหลวง ซึ่งผู้พัฒนาที่ดินและสถาปนิกจำเป็นต้องนำไปใช้ประกอบการประเมินศักยภาพที่ดิน,100%,ไม่บังคับใช้แก่สถานบริการที่ได้รับอนุญาตก่อนวันที่พระราชกฤษฎีกานี้ใช้บังคับ (20 ม.ค. 2563) และสถานบริการที่ตั้งอยู่ในโรงแรมตามกฎหมายว่าด้วยโรงแรม
71,100071,พระราชกฤษฎีกากำหนดเขตพื้นที่เพื่อการอนุญาตให้ตั้งสถานบริการในท้องที่จังหวัดนครสวรรค์ (ฉบับที่ ๒) พ.ศ. ๒๕๖๓,https://ratchakitcha.soc.go.th/documents/17116093.pdf,บังคับใช้,,,,20,มกราคม,2563,21 มกราคม 2563,-,พระราชกฤษฎีกา,พระราชบัญญัติสถานบริการ พ.ศ. 2509 มาตรา 5,กระทรวงมหาดไทย,-,-,นครสวรรค์,กำหนดเขตพื้นที่เพิ่มเติมเพื่อการอนุญาตให้ตั้งสถานบริการในท้องที่จังหวัดนครสวรรค์ จำนวน 4 บริเวณ เพื่อรักษาความสงบเรียบร้อย โดยยกเว้นไม่ใช้บังคับกับสถานบริการที่ได้รับอนุญาตให้ตั้งก่อนวันที่พระราชกฤษฎีกานี้ใช้บังคับ และสถานบริการที่อยู่ในสถานที่ตั้งโรงแรมตามกฎหมาย,ผู้ประกอบการที่ประสงค์จะตั้งสถานบริการแห่งใหม่ในพื้นที่จังหวัดนครสวรรค์ ต้องตรวจสอบพิกัดที่ตั้งสถานประกอบการว่าอยู่ในแนวเขตพื้นที่ที่ได้รับอนุญาตทั้ง 4 บริเวณตามกฎหมายฉบับนี้หรือไม่ เพื่อให้สามารถยื่นขออนุญาตตั้งสถานบริการได้อย่างถูกต้อง,โทษเชื่อมโยงจากกฎหมายแม่,รอเชื่อมโยง: พ.ร.บ. สถานบริการ พ.ศ. 2509 มาตรา 5,ใบอนุญาตตั้งสถานบริการ,ราชกิจจานุเบกษา เล่ม 137 ตอนที่ 5 ก หน้า 19,"1) คู่มือการขออนุญาตตั้งสถานบริการตามพระราชบัญญัติสถานบริการ พ.ศ. 2509

2) แบบคำขอรับใบอนุญาตตั้งสถานบริการ (แบบ ส.ส.1)",,ผู้ประกอบกิจการสถานบริการในท้องที่จังหวัดนครสวรรค์,"ตั้งสถานบริการ, อนุญาตให้ตั้งสถานบริการ","สถานบริการ, เขตพื้นที่ (โซนนิ่ง)","พระราชกฤษฎีกา, กำหนดเขตพื้นที่, อนุญาตให้ตั้งสถานบริการ, พระราชบัญญัติสถานบริการ","AV1, AV2, AV3, AV4, AE2",CD2,[AV1]: บังคับใช้กับผู้ประกอบการผับ บาร์ สถานบันเทิง ที่ต้องการตั้งสถานบริการในท้องที่จังหวัดร้อยเอ็ด จะต้องตั้งอยู่ในเขตพื้นที่บริเวณที่กำหนดตามมาตรา 3 [AV2]: บังคับใช้กับผู้ประกอบการร้านคาราโอเกะที่เข้าข่ายเป็นสถานบริการ ซึ่งต้องอยู่ภายใต้แนวเขตพื้นที่ที่อนุญาตตามมาตรา 3 [AV3]: บังคับใช้กับผู้ประกอบกิจการอาบอบนวด ที่ต้องการตั้งสถานบริการใหม่ในพื้นที่ร้อยเอ็ด ต้องอยู่ในเขตพื้นที่โซนนิ่งตามมาตรา 3 [AV4]: บังคับใช้กับผู้ประกอบการเลาจน์และคลับเมมเบอร์ ซึ่งเป็นสถานบริการที่ต้องตั้งในพื้นที่ที่กำหนดตามมาตรา 3 [AE2]: มาตรา 4 ระบุข้อยกเว้นอย่างชัดเจนว่า พระราชกฤษฎีกานี้ไม่ใช้บังคับแก่สถานบริการที่อยู่ในสถานที่ตั้งโรงแรมตามกฎหมายว่าด้วยโรงแรม [CD2]: มาตรา 3 มีการกำหนดแนวเขตพื้นที่โซนนิ่ง (Zoning) เพื่อการใช้ประโยชน์ที่ดินอย่างชัดเจนด้วยการระบุพิกัด ระยะทาง และจุดบรรจบจากถนน/ทางหลวง ซึ่งผู้พัฒนาที่ดินและสถาปนิกจำเป็นต้องนำไปใช้ประกอบการประเมินศักยภาพที่ดิน,100%,ไม่บังคับใช้แก่สถานบริการที่ได้รับอนุญาตก่อนวันที่พระราชกฤษฎีกานี้ใช้บังคับ (20 ม.ค. 2563) และสถานบริการที่ตั้งอยู่ในโรงแรมตามกฎหมายว่าด้วยโรงแรม
72,100072,พระราชกฤษฎีกากำหนดเขตพื้นที่เพื่อการอนุญาตให้ตั้งสถานบริการในท้องที่จังหวัดสมุทรปราการ (ฉบับที่ ๒) พ.ศ. ๒๕๖๓,https://ratchakitcha.soc.go.th/documents/17116094.pdf,บังคับใช้,,,,20,มกราคม,2563,21 มกราคม 2563,-,พระราชกฤษฎีกา,พระราชบัญญัติสถานบริการ พ.ศ. 2509 มาตรา 5,กระทรวงมหาดไทย,-,-,สมุทรปราการ,กำหนดเขตพื้นที่เพื่อการอนุญาตให้ตั้งสถานบริการเพิ่มเติมในท้องที่จังหวัดสมุทรปราการ บริเวณคลองมหาชื้นและถนนเทพารักษ์ เพื่อรักษาความสงบเรียบร้อย โดยไม่ใช้บังคับแก่สถานบริการที่ได้รับอนุญาตให้ตั้งก่อนวันที่กฎหมายนี้ใช้บังคับ และสถานบริการที่ตั้งอยู่ในโรงแรมตามกฎหมายว่าด้วยโรงแรม,ผู้ประกอบการที่ประสงค์จะตั้งสถานบริการแห่งใหม่ในพื้นที่จังหวัดสมุทรปราการ ต้องตรวจสอบพิกัดที่ตั้งสถานประกอบการว่าอยู่ในแนวเขตพื้นที่ที่ได้รับอนุญาตตามกฎหมายฉบับนี้หรือไม่ เพื่อให้สามารถดำเนินการยื่นขออนุญาตตั้งสถานบริการได้อย่างถูกต้องตามกฎหมาย,โทษเชื่อมโยงจากกฎหมายแม่,รอเชื่อมโยง: พ.ร.บ. สถานบริการ พ.ศ. 2509 มาตรา 5,ใบอนุญาตตั้งสถานบริการ,ราชกิจจานุเบกษา เล่ม 137 ตอนที่ 5 ก หน้า 25,"1) คู่มือการขออนุญาตตั้งสถานบริการตามพระราชบัญญัติสถานบริการ พ.ศ. 2509

2) แบบคำขอรับใบอนุญาตตั้งสถานบริการ (แบบ ส.ส.1)",,ผู้ประกอบกิจการสถานบริการในท้องที่จังหวัดสมุทรปราการ,"ตั้งสถานบริการ, กำหนดเขตพื้นที่","สถานบริการ, ที่ดิน, โรงแรม","พระราชกฤษฎีกา, กำหนดเขตพื้นที่, สถานบริการ, โซนนิ่ง, ข้อยกเว้น","AV1, AV2, AV3, AV4, AE2",CD2,"[AV1, AV2, AV3, AV4]: ตามมาตรา ๓ ของพระราชกฤษฎีกาทั้ง ๒ ฉบับ กำหนดพิกัดเขตพื้นที่และปริมณฑล (โซนนิ่ง) ซึ่งเป็นเงื่อนไขบังคับโดยตรงสำหรับผู้ประกอบการที่ต้องการขออนุญาตตั้ง ""สถานบริการ"" แห่งใหม่ ซึ่งตามนิยามครอบคลุมถึง ผับ บาร์ ร้านคาราโอเกะ อาบอบนวด และเลาจน์

[AE2]: ตามมาตรา ๔ ระบุข้อยกเว้นอย่างชัดเจนว่า พระราชกฤษฎีกานี้ไม่ใช้บังคับแก่ ""สถานบริการที่อยู่ในสถานที่ตั้งโรงแรมตามกฎหมายว่าด้วยโรงแรม"" ทำให้ธุรกิจโรงแรมตึกใหญ่ที่มีสถานบริการภายในตัวอาคารได้รับข้อยกเว้น

[CD2]: ตามมาตรา ๓ การระบุพิกัดแนวเขตพื้นที่ผูกมัดกับการใช้ประโยชน์ที่ดินในระดับผังเมือง ซึ่งเจ้าของที่ดินหรือนักพัฒนาอสังหาริมทรัพย์ต้องใช้เป็นข้อมูลประเมินศักยภาพการใช้ที่ดิน",100%,ไม่บังคับใช้แก่สถานบริการที่ได้รับอนุญาตก่อนวันที่พระราชกฤษฎีกานี้ใช้บังคับ (20 ม.ค. 2563) และสถานบริการที่ตั้งอยู่ในโรงแรมตามกฎหมายว่าด้วยโรงแรม
73,100073,พระราชกฤษฎีกากำหนดเขตพื้นที่เพื่อการอนุญาตให้ตั้งสถานบริการในท้องที่จังหวัดสระบุรี (ฉบับที่ ๒) พ.ศ. ๒๕๖๓,https://ratchakitcha.soc.go.th/documents/17116095.pdf,บังคับใช้,,,,20,มกราคม,2563,21 มกราคม 2563,-,พระราชกฤษฎีกา,พระราชบัญญัติสถานบริการ พ.ศ. 2509 มาตรา 5,กระทรวงมหาดไทย,-,"บ้านหมอ, แก่งคอย, วิหารแดง",สระบุรี,กำหนดเขตพื้นที่เพื่อการอนุญาตให้ตั้งสถานบริการเพิ่มเติมในท้องที่จังหวัดสระบุรี จำนวน 3 บริเวณ (อำเภอบ้านหมอ อำเภอแก่งคอย และอำเภอวิหารแดง) เพื่อรักษาความสงบเรียบร้อย โดยไม่ใช้บังคับแก่สถานบริการที่ได้รับอนุญาตให้ตั้งก่อนวันที่กฎหมายนี้ใช้บังคับ และสถานบริการที่ตั้งอยู่ในโรงแรมตามกฎหมายว่าด้วยโรงแรม,ผู้ประกอบการที่ประสงค์จะตั้งสถานบริการแห่งใหม่ในพื้นที่จังหวัดสระบุรี ต้องตรวจสอบพิกัดที่ตั้งสถานประกอบการว่าอยู่ในแนวเขตพื้นที่ที่ได้รับอนุญาตตามกฎหมายฉบับนี้หรือไม่ เพื่อให้สามารถดำเนินการยื่นขออนุญาตตั้งสถานบริการได้อย่างถูกต้องตามกฎหมาย,โทษเชื่อมโยงจากกฎหมายแม่,รอเชื่อมโยง: พ.ร.บ. สถานบริการ พ.ศ. 2509 มาตรา 5,ใบอนุญาตตั้งสถานบริการ,ราชกิจจานุเบกษา เล่ม 137 ตอนที่ 5 ก หน้า 29,"1) คู่มือการขออนุญาตตั้งสถานบริการตามพระราชบัญญัติสถานบริการ พ.ศ. 2509

2) แบบคำขอรับใบอนุญาตตั้งสถานบริการ (แบบ ส.ส.1)",,ผู้ประกอบกิจการสถานบริการในท้องที่จังหวัดสระบุรี,"ตั้ง, กำหนดเขตพื้นที่, ขออนุญาต","สถานบริการ, พื้นที่, ที่ดิน, โรงแรม","พระราชกฤษฎีกา, กำหนดเขตพื้นที่, สถานบริการ, จังหวัดสระบุรี, โซนนิ่ง, ข้อยกเว้น","AV1, AV2, AV3, AV4, AE2",CD2,"[AV1, AV2, AV3, AV4]: ตามมาตรา ๓ กำหนดพิกัดเขตพื้นที่และปริมณฑล (โซนนิ่ง) อย่างละเอียด ซึ่งเป็นเงื่อนไขบังคับโดยตรงสำหรับผู้ประกอบการที่ต้องการขออนุญาตตั้ง ""สถานบริการ"" แห่งใหม่ในท้องที่จังหวัดสระบุรี

[AE2]: ตามมาตรา ๔ ระบุข้อยกเว้นอย่างชัดเจนว่า พระราชกฤษฎีกานี้ไม่ใช้บังคับแก่สถานบริการที่อยู่ในสถานที่ตั้ง ""โรงแรม"" ตามกฎหมายว่าด้วยโรงแรม ธุรกิจโรงแรมตึกใหญ่ที่มีสถานบริการภายในจึงได้รับข้อยกเว้น

[CD2]: ตามมาตรา ๓ การระบุพิกัดแนวเขตพื้นที่ผูกมัดกับการใช้ประโยชน์ที่ดินในระดับผังเมือง ซึ่งเจ้าของที่ดินหรือนักพัฒนาอสังหาริมทรัพย์ต้องใช้เป็นข้อมูลประเมินศักยภาพการใช้ที่ดินก่อนนำไปพัฒนาหรือให้เช่าเพื่อทำสถานบริการ",100%,ไม่บังคับใช้แก่สถานบริการที่ได้รับอนุญาตก่อนวันที่พระราชกฤษฎีกานี้ใช้บังคับ (20 ม.ค. 2563) และสถานบริการที่ตั้งอยู่ในโรงแรมตามกฎหมายว่าด้วยโรงแรม
74,100074,ระเบียบคณะกรรมการกิจการกระจายเสียง กิจการโทรทัศน์ และกิจการโทรคมนาคมแห่งชาติ ว่าด้วยค่าตอบแทนผู้ปฏิบัติงานในตำแหน่งบริหาร (ฉบับที่ ๒) พ.ศ. ๒๕๖๓,https://ratchakitcha.soc.go.th/documents/17117501.pdf,บังคับใช้,,,"ระเบียบคณะกรรมการกิจการกระจายเสียง กิจการโทรทัศน์ และกิจการโทรคมนาคมแห่งชาติว่าด้วยค่าตอบแทนผู้ปฏิบัติงานในตำแหน่งบริหาร พ.ศ. ๒๕๕๘ (ข้อ ๕, ข้อ ๖, ข้อ ๘)",20,มกราคม,2563,12 พฤศจิกายน 2562,-,ระเบียบ,"พระราชบัญญัติองค์กรจัดสรรคลื่นความถี่และกำกับการประกอบกิจการวิทยุกระจายเสียง วิทยุโทรทัศน์ และกิจการโทรคมนาคม พ.ศ. 2553 มาตรา 27 (19), พระราชบัญญัติองค์กรจัดสรรคลื่นความถี่และกำกับการประกอบกิจการวิทยุกระจายเสียง วิทยุโทรทัศน์ และกิจการโทรคมนาคม พ.ศ. 2553 มาตรา 58",สำนักงานคณะกรรมการกิจการกระจายเสียง กิจการโทรทัศน์ และกิจการโทรคมนาคมแห่งชาติ (กสทช.),-,-,-,"แก้ไขเพิ่มเติมระเบียบว่าด้วยค่าตอบแทนผู้ปฏิบัติงานในตำแหน่งบริหารของ กสทช. โดยกำหนดอัตราค่าตอบแทนใหม่สำหรับตำแหน่งบริหารระดับต่าง ๆ (รองเลขาธิการ, ผู้ช่วยเลขาธิการ, ผู้อำนวยการสำนัก, ผู้อำนวยการส่วน) ทั้งในกรณีดำรงตำแหน่งปกติและกรณีรักษาการแทน พร้อมทั้งกำหนดว่าหากได้รับแต่งตั้งให้ปฏิบัติหน้าที่หลายตำแหน่งพร้อมกัน ให้มีสิทธิได้รับค่าตอบแทนในตำแหน่งที่มีอัตราสูงสุดเพียงตำแหน่งเดียว",เจ้าหน้าที่และผู้บริหารภายในสำนักงาน กสทช. ต้องรับทราบและปฏิบัติตามหลักเกณฑ์การจ่ายค่าตอบแทนใหม่ ฝ่ายทรัพยากรบุคคลและฝ่ายการเงินต้องปรับปรุงระบบการเบิกจ่ายค่าตอบแทนผู้บริหารให้สอดคล้องกับอัตราและเงื่อนไขที่กำหนดในระเบียบฉบับนี้,⚪️ เทา ,-,ไม่มี,ราชกิจจานุเบกษา เล่ม 137 ตอนพิเศษ 15 ง หน้า 8,-,,พนักงานสำนักงาน กสทช. ที่ดำรงตำแหน่งบริหารและผู้รักษาการแทน,"กำหนดค่าตอบแทน, จ่ายค่าตอบแทน, แต่งตั้งตำแหน่ง, รักษาการในตำแหน่ง","ตำแหน่งบริหาร, พนักงาน กสทช.","ระเบียบ กสทช., ค่าตอบแทนผู้ปฏิบัติงาน, องค์กรจัดสรรคลื่นความถี่",-,CC30,[CC30]: ตามระเบียบข้อ ๓ และข้อ ๔ เป็นการกำหนดและปรับปรุงอัตราค่าตอบแทนรายเดือนสำหรับพนักงานของสำนักงาน กสทช. ที่ดำรงตำแหน่งบริหารและผู้ที่ได้รับแต่งตั้งให้รักษาการแทน ซึ่งเป็นระเบียบปฏิบัติและสวัสดิการภายในสำหรับสำนักงาน กสทช. โดยตรง ไม่มีบทบังคับหรือกำหนดหน้าที่ให้ผู้ประกอบกิจการกระจายเสียง โทรทัศน์ และโทรคมนาคมในภาคเอกชนต้องปฏิบัติตาม,100%,"แก้ไขเพิ่มเติมและยกเลิกความในข้อ ๕, ข้อ ๖ และข้อ ๘ ของระเบียบ กสทช. ว่าด้วยค่าตอบแทนผู้ปฏิบัติงานในตำแหน่งบริหาร พ.ศ. ๒๕๕๘"
75,100075,ระเบียบคณะกรรมการกิจการกระจายเสียง กิจการโทรทัศน์ และกิจการโทรคมนาคมแห่งชาติ ว่าด้วยอัตราเงินเดือน และค่าตอบแทนอื่นของเลขาธิการคณะกรรมการกิจการกระจายเสียงกิจการโทรทัศน์ และกิจการโทรคมนาคมแห่งชาติ (ฉบับที่ ๒) พ.ศ. ๒๕๖๓,https://ratchakitcha.soc.go.th/documents/17117502.pdf,บังคับใช้,รอตรวจสอบจากฐานข้อมูล,-,ระเบียบคณะกรรมการกิจการกระจายเสียง กิจการโทรทัศน์ และกิจการโทรคมนาคมแห่งชาติว่าด้วยอัตราเงินเดือน และค่าตอบแทนอื่นของเลขาธิการคณะกรรมการกิจการกระจายเสียง กิจการโทรทัศน์ และกิจการโทรคมนาคมแห่งชาติ พ.ศ. ๒๕๕๕ (ข้อ ๕),20,มกราคม,2563,21 มกราคม 2563,-,ระเบียบ,"พระราชบัญญัติองค์กรจัดสรรคลื่นความถี่และกำกับการประกอบกิจการวิทยุกระจายเสียง วิทยุโทรทัศน์ และกิจการโทรคมนาคม พ.ศ. 2553 มาตรา 27 (19), พระราชบัญญัติองค์กรจัดสรรคลื่นความถี่และกำกับการประกอบกิจการวิทยุกระจายเสียง วิทยุโทรทัศน์ และกิจการโทรคมนาคม พ.ศ. 2553 มาตรา 58",สำนักงานคณะกรรมการกิจการกระจายเสียง กิจการโทรทัศน์ และกิจการโทรคมนาคมแห่งชาติ (กสทช.),-,-,-,"แก้ไขเพิ่มเติมระเบียบ กสทช. ว่าด้วยอัตราเงินเดือนและค่าตอบแทนอื่นของเลขาธิการ กสทช. โดยปรับปรุงให้ได้รับค่าตอบแทนประจำตำแหน่งอัตราใหม่เดือนละ 100,000 บาท และเพิ่มหมวดให้ได้รับค่าตอบแทนอื่น ๆ ตามที่คณะกรรมการกำหนด อย่างไรก็ตาม อัตราใหม่นี้ไม่ให้นำมาบังคับใช้แก่ผู้ที่ดำรงตำแหน่งเลขาธิการอยู่ในวันที่ระเบียบนี้มีผลบังคับใช้",ฝ่ายทรัพยากรบุคคลและฝ่ายการเงินของสำนักงาน กสทช. จะต้องศึกษาและปรับปรุงหลักเกณฑ์การจ่ายค่าตอบแทนประจำตำแหน่งและค่าตอบแทนอื่น ๆ สำหรับเลขาธิการ กสทช. ให้สอดคล้องกับระเบียบนี้ พร้อมทั้งระมัดระวังเงื่อนไขการยกเว้นบังคับใช้สำหรับผู้ที่ดำรงตำแหน่งอยู่เดิม,⚪️ เทา ,-,ไม่มี,ราชกิจจานุเบกษา เล่ม 137 ตอนพิเศษ 15 ง หน้า 10-11,-,,เลขาธิการคณะกรรมการกิจการกระจายเสียง กิจการโทรทัศน์ และกิจการโทรคมนาคมแห่งชาติ,"กำหนดอัตราเงินเดือน, จ่ายค่าตอบแทน","ตำแหน่งเลขาธิการ, พนักงาน กสทช.","ระเบียบ กสทช., อัตราเงินเดือน, ค่าตอบแทนประจำตำแหน่ง, องค์กรจัดสรรคลื่นความถี่",-,CC30,"[CC30]: ตามข้อ ๓ และข้อ ๔ เป็นการกำหนดและแก้ไขเพิ่มเติมระเบียบว่าด้วยอัตราค่าตอบแทนประจำตำแหน่งและค่าตอบแทนอื่นเฉพาะสำหรับตำแหน่ง ""เลขาธิการ กสทช."" ซึ่งถือเป็นระเบียบการบริหารงานบุคคลและสวัสดิการภายในของสำนักงาน กสทช. โดยตรง ไม่มีบทบังคับหรือหน้าที่ให้ผู้ประกอบกิจการในภาคเอกชนต้องปฏิบัติตาม",100%,ข้อ ๓ ให้ยกเลิกความใน ๕.๓ ในข้อ ๕ ของระเบียบเดิม (พ.ศ. ๒๕๕๕) และข้อ ๕ ระบุบทเฉพาะกาลมิให้นำข้อ ๓ มาใช้บังคับแก่ผู้ดำรงตำแหน่งเลขาธิการในวันที่ระเบียบนี้ใช้บังคับ
76,100076,ระเบียบคณะกรรมการกิจการกระจายเสียง กิจการโทรทัศน์ และกิจการโทรคมนาคมแห่งชาติ ว่าด้วยการบริหารงานบุคคล (ฉบับที่ ๖) พ.ศ. ๒๕๖๓,https://ratchakitcha.soc.go.th/documents/17117503.pdf,บังคับใช้,รอตรวจสอบจากฐานข้อมูล,-,ระเบียบคณะกรรมการกิจการกระจายเสียง กิจการโทรทัศน์ และกิจการโทรคมนาคมแห่งชาติ ว่าด้วยการบริหารงานบุคคล พ.ศ. ๒๕๕๕ (ข้อ ๒๙),20,มกราคม,2563,21 มกราคม 2563,-,ระเบียบ,"พระราชบัญญัติองค์กรจัดสรรคลื่นความถี่และกำกับการประกอบกิจการวิทยุกระจายเสียง วิทยุโทรทัศน์ และกิจการโทรคมนาคม พ.ศ. ๒๕๕๓ มาตรา ๒๗ (๑๙), พระราชบัญญัติองค์กรจัดสรรคลื่นความถี่และกำกับการประกอบกิจการวิทยุกระจายเสียง วิทยุโทรทัศน์ และกิจการโทรคมนาคม พ.ศ. ๒๕๕๓ มาตรา ๕๘","{""suggested_new_agency"": ""คณะกรรมการกิจการกระจายเสียง กิจการโทรทัศน์ และกิจการโทรคมนาคมแห่งชาติ""}",-,-,-,แก้ไขเพิ่มเติมระเบียบว่าด้วยการบริหารงานบุคคลของสำนักงาน กสทช. โดยปรับปรุงหลักเกณฑ์และวิธีการคัดเลือก บรรจุ และแต่งตั้งบุคคลดำรงตำแหน่งรองเลขาธิการ (ระดับ บ๑) และผู้อำนวยการสำนัก (ระดับ บ๒) โดยกำหนดให้รองเลขาธิการเป็นพนักงานสัญญาจ้าง มีวาระดำรงตำแหน่งคราวละ 5 ปี และรวมกันสูงสุดไม่เกิน 10 ปี,สำนักงาน กสทช. ต้องปฏิบัติตามหลักเกณฑ์ใหม่ในการเปิดรับสมัครและคัดเลือกบุคคลเพื่อบรรจุหรือแต่งตั้งในตำแหน่งผู้บริหารระดับสูง (ทั้งจากพนักงานภายในหรือบุคคลภายนอก) และต้องควบคุมวาระการดำรงตำแหน่งของรองเลขาธิการให้เป็นไปตามระเบียบ,⚪️ เทา ,-,ไม่มี,ราชกิจจานุเบกษา เล่ม 137 ตอนพิเศษ 15 ง หน้า 12-13,-,,สำนักงานคณะกรรมการกิจการกระจายเสียง กิจการโทรทัศน์ และกิจการโทรคมนาคมแห่งชาติ (กสทช.) และพนักงานหรือผู้ดำรงตำแหน่งบริหาร,"คัดเลือกบุคคล, บรรจุ, แต่งตั้ง, บริหารงานบุคคล","พนักงาน กสทช., ตำแหน่งรองเลขาธิการ, ตำแหน่งผู้อำนวยการสำนัก","ระเบียบ กสทช., การบริหารงานบุคคล, องค์กรจัดสรรคลื่นความถี่",-,CC30,[CC30]: ตามข้อ ๓ เป็นการแก้ไขหลักเกณฑ์และวิธีการคัดเลือก บรรจุ แต่งตั้ง ตลอดจนกำหนดระยะเวลาวาระการดำรงตำแหน่งของรองเลขาธิการและผู้อำนวยการสำนัก ซึ่งถือเป็นระเบียบปฏิบัติเกี่ยวกับการบริหารงานบุคคลภายในของสำนักงาน กสทช. โดยตรง ไม่มีข้อบังคับที่ผูกมัดหรือกำหนดหน้าที่ให้ผู้ประกอบกิจการโทรคมนาคมหรือภาคเอกชนต้องปฏิบัติตาม,100%,ข้อ ๓ ให้ยกเลิกความในข้อ ๒๙ ของระเบียบเดิม (พ.ศ. ๒๕๕๕) และข้อ ๔ มีบทเฉพาะกาลมิให้นำระยะเวลาการปฏิบัติงานก่อนระเบียบนี้ใช้บังคับมารวมคำนวณในวาระการดำรงตำแหน่งรองเลขาธิการ
77,100077,พระราชกฤษฎีกาถอนสภาพการเป็นสาธารณสมบัติของแผ่นดินที่ใช้เพื่อประโยชน์ของแผ่นดินโดยเฉพาะของที่ราชพัสดุ ในท้องที่ตำบลเขาพระงาม อำเภอเมืองลพบุรี จังหวัดลพบุรี พ.ศ. ๒๕๖๓,https://ratchakitcha.soc.go.th/documents/17116030.pdf,บังคับใช้,,,,16,มกราคม,2563,17 มกราคม 2563,-,พระราชกฤษฎีกา,พระราชบัญญัติที่ราชพัสดุ พ.ศ. 2562 มาตรา 34,กระทรวงการคลัง,-,เมืองลพบุรี,ลพบุรี,ถอนสภาพที่ราชพัสดุบางส่วนซึ่งเดิมเป็นสาธารณสมบัติของแผ่นดินที่ใช้เพื่อประโยชน์ของแผ่นดินโดยเฉพาะ ในพื้นที่ตำบลเขาพระงาม อำเภอเมืองลพบุรี จังหวัดลพบุรี (เนื้อที่ประมาณ 45 ไร่ 1 งาน 34 ตารางวา) เนื่องจากหน่วยงานเดิม (กองทัพบก) เลิกใช้ประโยชน์แล้ว เพื่อมอบหมายให้กระทรวงการคลังนำไปบริหารจัดการตามกฎหมายที่ราชพัสดุต่อไป,ประชาชนหรือนิติบุคคลที่สนใจหรือมีความประสงค์จะขอใช้หรือเช่าที่ดินราชพัสดุแปลงดังกล่าว สามารถติดต่อสอบถามรายละเอียดและดำเนินการตามระเบียบของกรมธนารักษ์ กระทรวงการคลังต่อไปได้,⚪️ เทา ,-,ไม่มี,ราชกิจจานุเบกษา เล่ม 137 ตอนที่ 4 ก หน้า 1-3,-,,"หน่วยงานภาครัฐ (กระทรวงการคลัง, กรมธนารักษ์, กองทัพบก)","ถอนสภาพ, เลิกใช้ประโยชน์","ที่ราชพัสดุ, สาธารณสมบัติของแผ่นดิน, ที่ดิน","พระราชกฤษฎีกาถอนสภาพ, ที่ราชพัสดุ, กระทรวงการคลัง",-,CC17,[CC17]: พระราชกฤษฎีกานี้เกี่ยวกับการบริหารจัดการทรัพย์สินของรัฐ (ที่ราชพัสดุ) โดยกระทรวงการคลัง และการเลิกใช้ประโยชน์โดยกองทัพบก ซึ่งเป็นการใช้อำนาจตาม พ.ร.บ. ที่ราชพัสดุ เป็นกฎหมายที่เกี่ยวข้องกับการบริหารราชการแผ่นดิน ไม่มีผลบังคับใช้กับธุรกิจเอกชนโดยตรง,100%,-
78,100078,ประกาศคณะกรรมการการเลือกตั้ง เรื่อง พรรคเพื่อธรรมสิ้นสภาพความเป็นพรรคการเมือง,https://ratchakitcha.soc.go.th/documents/17116032.pdf,บังคับใช้,,,,16,มกราคม,2563,16 มกราคม 2563,-,ประกาศ,"พระราชบัญญัติประกอบรัฐธรรมนูญว่าด้วยพรรคการเมือง พ.ศ. 2560 มาตรา 91 วรรคหนึ่ง (7), พระราชบัญญัติประกอบรัฐธรรมนูญว่าด้วยพรรคการเมือง พ.ศ. 2560 มาตรา 91 วรรคสอง",สำนักงานคณะกรรมการการเลือกตั้ง (กกต.),-,-,-,คณะกรรมการการเลือกตั้งประกาศให้พรรคเพื่อธรรมสิ้นสภาพความเป็นพรรคการเมือง เนื่องจากที่ประชุมใหญ่วิสามัญของพรรคมีมติเอกฉันท์ให้เลิกพรรคตามข้อบังคับของพรรค,ประชาชนและผู้ที่เกี่ยวข้องรับทราบการสิ้นสภาพความเป็นพรรคการเมืองของพรรคเพื่อธรรม โดยไม่สามารถดำเนินกิจกรรมหรือทำธุรกรรมใด ๆ ในนามพรรคการเมืองนี้ได้อีกต่อไป,⚪️ เทา ,-,ไม่มี,ราชกิจจานุเบกษา เล่ม 137 ตอนที่ 4 ก หน้า 11,-,,พรรคเพื่อธรรม,"เลิกพรรคการเมือง, สิ้นสภาพพรรคการเมือง",พรรคการเมือง,"ประกาศคณะกรรมการการเลือกตั้ง, พรรคการเมือง, พระราชบัญญัติประกอบรัฐธรรมนูญ",CB5,CC5,"[CB5]: ประกาศฉบับนี้บังคับใช้กับพรรคการเมืองโดยตรง โดยระบุถึงกรณีที่พรรคเพื่อธรรมมีมติให้เลิกพรรค ซึ่งส่งผลให้ต้องสิ้นสภาพความเป็นพรรคการเมืองตามมาตรา 91 วรรคหนึ่ง (7) แห่งพระราชบัญญัติประกอบรัฐธรรมนูญว่าด้วยพรรคการเมือง พ.ศ. 2560 

[CC5]: ประกาศฉบับนี้ออกโดยคณะกรรมการการเลือกตั้ง (กกต.) เพื่อใช้อำนาจหน้าที่ในการประกาศให้พรรคการเมืองสิ้นสภาพความเป็นพรรคการเมือง ตามมาตรา 91 วรรคหนึ่ง (7) และวรรคสอง แห่งพระราชบัญญัติประกอบรัฐธรรมนูญว่าด้วยพรรคการเมือง พ.ศ. 2560",100%,มีผลให้พรรคเพื่อธรรมสิ้นสภาพความเป็นพรรคการเมือง ตั้งแต่วันที่ประกาศในราชกิจจานุเบกษา
79,100079,ประกาศคณะกรรมการการเลือกตั้ง เรื่อง พรรคชาติประชาธิปไตยก้าวหน้าสิ้นสภาพความเป็นพรรคการเมือง,https://ratchakitcha.soc.go.th/documents/17116033.pdf,บังคับใช้,,,,16,มกราคม,2563,16 มกราคม 2563,-,ประกาศ,"พระราชบัญญัติประกอบรัฐธรรมนูญว่าด้วยพรรคการเมือง พ.ศ. 2560 มาตรา 141 วรรคสอง, พระราชบัญญัติประกอบรัฐธรรมนูญว่าด้วยพรรคการเมือง พ.ศ. 2560 มาตรา 91 วรรคสอง",สำนักงานคณะกรรมการการเลือกตั้ง (กกต.),-,-,-,คณะกรรมการการเลือกตั้งประกาศให้พรรคชาติประชาธิปไตยก้าวหน้าสิ้นสภาพความเป็นพรรคการเมือง เนื่องจากพรรคไม่สามารถดำเนินการตามที่กฎหมายประกอบรัฐธรรมนูญกำหนดไว้ภายในระยะเวลาที่ได้รับการขยายให้จนแล้วเสร็จได้,ประชาชนและผู้ที่เกี่ยวข้องรับทราบการสิ้นสภาพความเป็นพรรคการเมืองของพรรคชาติประชาธิปไตยก้าวหน้า โดยพรรคการเมืองดังกล่าวไม่สามารถดำเนินกิจกรรมทางการเมืองหรือทำธุรกรรมใด ๆ ในนามพรรคการเมืองได้อีกต่อไป,⚪️ เทา ,-,ไม่มี,ราชกิจจานุเบกษา เล่ม 137 ตอนที่ 4 ก หน้า 12-13,-,,พรรคชาติประชาธิปไตยก้าวหน้า,"สิ้นสภาพความเป็นพรรคการเมือง, ดำเนินการไม่แล้วเสร็จ",พรรคการเมือง,"ประกาศคณะกรรมการการเลือกตั้ง, พรรคการเมือง, พระราชบัญญัติประกอบรัฐธรรมนูญว่าด้วยพรรคการเมือง",CB5,CC5,"[CB5]: ประกาศฉบับนี้ระบุถึงพรรคการเมืองโดยตรง (พรรคชาติประชาธิปไตยก้าวหน้า) ที่ต้องสิ้นสภาพความเป็นพรรคการเมือง เนื่องจากไม่สามารถดำเนินการให้แล้วเสร็จตามมาตรา ๑๔๑ แห่งพระราชบัญญัติประกอบรัฐธรรมนูญว่าด้วยพรรคการเมือง พ.ศ. ๒๕๖๐ 

[CC5]: ประกาศฉบับนี้ออกและบังคับใช้โดยคณะกรรมการการเลือกตั้ง (กกต.) เพื่อประกาศให้พรรคการเมืองสิ้นสภาพความเป็นพรรคการเมืองตามอำนาจหน้าที่",100%,
80,100080,กฎกระทรวงกำหนดหลักเกณฑ์ วิธีการได้มา คุณสมบัติ ลักษณะต้องห้าม การแต่งตั้ง และการพ้นจากตำแหน่งของประธานกรรมการและกรรมการซึ่งคณะรัฐมนตรีแต่งตั้งในคณะกรรมการการอุดมศึกษา พ.ศ. ๒๕๖๓,https://ratchakitcha.soc.go.th/documents/17120986.pdf,บังคับใช้,,,,14,มกราคม,2563,14 มกราคม 2563,-,กฎกระทรวง,"พระราชบัญญัติระเบียบบริหารราชการกระทรวงการอุดมศึกษา วิทยาศาสตร์ วิจัยและนวัตกรรม พ.ศ. 2562 มาตรา 6 วรรคหนึ่ง, พระราชบัญญัติระเบียบบริหารราชการกระทรวงการอุดมศึกษา วิทยาศาสตร์ วิจัยและนวัตกรรม พ.ศ. 2562 มาตรา 20 วรรคห้า",กระทรวงการอุดมศึกษา วิทยาศาสตร์ วิจัยและนวัตกรรม,-,-,-,กำหนดหลักเกณฑ์ วิธีการได้มา คุณสมบัติ (เช่น อายุไม่ต่ำกว่า 35 ปีบริบูรณ์ ไม่เป็นบุคคลล้มละลาย ไม่มีประวัติเสื่อมเสียทางจริยธรรม) ลักษณะต้องห้าม การสรรหา การแต่งตั้ง และเหตุแห่งการพ้นจากตำแหน่งของประธานกรรมการ กรรมการ และกรรมการผู้ทรงคุณวุฒิในคณะกรรมการการอุดมศึกษา,สถาบันอุดมศึกษาและองค์กรที่เกี่ยวข้อง (เช่น สมาคมสถาบันอุดมศึกษาเอกชนแห่งประเทศไทย) ที่มีหน้าที่เสนอชื่อบุคคลเพื่อรับการแต่งตั้ง ต้องตรวจสอบคุณสมบัติและลักษณะต้องห้ามของผู้ถูกเสนอชื่อให้ครบถ้วน และยื่นเอกสารการเสนอชื่อตามรูปแบบและภายในระยะเวลาที่ปลัดกระทรวงประกาศกำหนด,⚪️ เทา ,-,ไม่มี,ราชกิจจานุเบกษา เล่ม 137 ตอนที่ 3 ก หน้า 19,1) แบบการเสนอชื่อและเอกสารหลักฐานประกอบการพิจารณาของคณะกรรมการสรรหา (ตามที่ปลัดกระทรวงการอุดมศึกษา วิทยาศาสตร์ วิจัยและนวัตกรรมประกาศกำหนด),,"สถาบันอุดมศึกษา, สมาคมสถาบันอุดมศึกษาเอกชนแห่งประเทศไทย, และบุคคลที่ได้รับการเสนอชื่อหรือสมัครเพื่อแต่งตั้งเป็นคณะกรรมการการอุดมศึกษา","กำหนดหลักเกณฑ์, เสนอชื่อ, สรรหา, แต่งตั้ง, พ้นจากตำแหน่ง","คณะกรรมการการอุดมศึกษา, สถาบันอุดมศึกษา","กฎกระทรวง, คณะกรรมการการอุดมศึกษา, กระทรวงการอุดมศึกษา",AM6,"CC17, CB3","[AM6]: ตามข้อ ๘, ๙, และ ๑๐ บังคับให้ ""สถาบันอุดมศึกษา"" (มหาวิทยาลัย) เป็นผู้มีสิทธิและหน้าที่ในการเสนอชื่อบุคคลเพื่อเข้ารับการพิจารณาสรรหาและแต่งตั้งเป็นกรรมการและกรรมการผู้ทรงคุณวุฒิในคณะกรรมการการอุดมศึกษา

[CC17]: กฎกระทรวงนี้ออกตาม พ.ร.บ. ระเบียบบริหารราชการกระทรวงการอุดมศึกษาฯ เป็นการกำหนดโครงสร้าง หลักเกณฑ์ และกระบวนการได้มาซึ่งคณะกรรมการระดับชาติ จึงเป็นเรื่องที่เกี่ยวข้องกับการบริหารราชการแผ่นดินและการใช้อำนาจรัฐโดยตรง

[CB3]: ตามข้อ ๖ กำหนดให้ ""สมาคมสถาบันอุดมศึกษาเอกชนแห่งประเทศไทย"" มีหน้าที่รับผิดชอบโดยตรงในการพิจารณาเสนอชื่อบุคคลไปยังปลัดกระทรวงเพื่อแต่งตั้งเป็นประธานกรรมการ",100%,-
81,100081,คำพิพากษาของศาลฎีกาแผนกคดีอาญาของผู้ดำรงตำแหน่งทางการเมือง เรื่อง ความผิดต่อตำแหน่งหน้าที่ราชการ ความผิดต่อพระราชบัญญัติว่าด้วยความผิดของพนักงานในองค์การหรือหน่วยงานของรัฐ [คดีหมายเลขดำที่ อม. ๑/๒๕๕๑ คดีหมายเลขแดงที่ อม. ๑๐/๒๕๕๒,https://ratchakitcha.soc.go.th/documents/17120988.pdf,บังคับใช้,,,,14,มกราคม,2563,6 มิถุนายน 2562,-,คำพิพากษา,-,ศาลฎีกาแผนกคดีอาญาของผู้ดำรงตำแหน่งทางการเมือง,-,-,-,ศาลฎีกาแผนกคดีอาญาของผู้ดำรงตำแหน่งทางการเมืองมีคำพิพากษาในคดีการอนุมัติและดำเนินการโครงการออกสลากพิเศษแบบเลขท้าย 3 ตัว และ 2 ตัว (หวยบนดิน) โดยวินิจฉัยว่าอดีตนายกรัฐมนตรี (จำเลยที่ 1) มีความผิดฐานปฏิบัติหน้าที่โดยมิชอบตามประมวลกฎหมายอาญา มาตรา 157 (เดิม) ประกอบมาตรา 83 เนื่องจากสั่งการให้ดำเนินโครงการโดยฝ่าฝืนต่อพระราชบัญญัติสำนักงานสลากกินแบ่งรัฐบาล พ.ศ. 2517 จึงมีมติให้ลงโทษจำคุก 2 ปี โดยไม่มีความผิดฐานเบียดบังทรัพย์,ผู้บริหารและเจ้าหน้าที่ของรัฐต้องดำเนินโครงการหรือนโยบายต่างๆ ให้อยู่ภายใต้กรอบวัตถุประสงค์และอำนาจหน้าที่ตามที่กฎหมายระบุไว้อย่างเคร่งครัด หากต้องการดำเนินโครงการที่ไม่มีกฎหมายรองรับหรืออยู่นอกเหนืออำนาจ จะต้องดำเนินการแก้ไขข้อกฎหมายที่เกี่ยวข้องให้สมบูรณ์ก่อน เพื่อป้องกันมิให้เกิดความผิดทางอาญาฐานปฏิบัติหน้าที่โดยมิชอบ,⚪️ เทา ,-,ไม่มี,ราชกิจจานุเบกษา เล่ม 137 ตอนที่ 3 ก หน้า 25-52,-,,คณะรัฐมนตรีและผู้บริหารระดับสูงของสำนักงานสลากกินแบ่งรัฐบาล รวมถึงเจ้าพนักงานรัฐที่เกี่ยวข้องกับการออกสลาก,"ปฏิบัติหน้าที่โดยมิชอบ, อนุมัติโครงการ, ออกสลากพิเศษแบบเลขท้าย","สลากกินแบ่งรัฐบาล, หวยบนดิน, เงินรายได้แผ่นดิน","คำพิพากษาศาลฎีกาแผนกคดีอาญาของผู้ดำรงตำแหน่งทางการเมือง, ประมวลกฎหมายอาญา มาตรา ๑๕๗, ปฏิบัติหน้าที่โดยมิชอบ, พระราชบัญญัติสำนักงานสลากกินแบ่งรัฐบาล",-,CC29,[CC29]: เอกสารนี้คือคำพิพากษาของศาลฎีกาแผนกคดีอาญาของผู้ดำรงตำแหน่งทางการเมือง (คดีหมายเลขแดงที่ อม. ๑๐/๒๕๕๒) ซึ่งมีคำพิพากษาลงโทษจำคุกอดีตนายกรัฐมนตรี (จำเลยที่ ๑) ในความผิดฐานปฏิบัติหน้าที่โดยมิชอบ ตามประมวลกฎหมายอาญา มาตรา ๑๕๗ กรณีสั่งการและอนุมัติโครงการออกสลากพิเศษแบบเลขท้าย ๓ ตัว และ ๒ ตัว (หวยบนดิน) โดยขัดต่อวัตถุประสงค์ของกฎหมายสำนักงานสลากกินแบ่งรัฐบาล จึงเป็นเอกสารที่จัดอยู่ในหมวดคดีอาญานักการเมืองโดยตรง,100%,คำพิพากษาคดีหวยบนดิน (คดีหมายเลขแดงที่ อม. ๑๐/๒๕๕๒) ลงโทษจำคุกจำเลยที่ ๑ เป็นเวลา ๒ ปี โดยไม่รอลงอาญา
82,100082,ประกาศคณะกรรมการการเลือกตั้ง เรื่อง พรรคเมืองไทยของเราสิ้นสภาพความเป็นพรรคการเมือง,https://ratchakitcha.soc.go.th/documents/17115518.pdf,บังคับใช้,,,,8,มกราคม,2563,8 มกราคม 2563,-,ประกาศ,"พระราชบัญญัติประกอบรัฐธรรมนูญว่าด้วยพรรคการเมือง พ.ศ. 2560 มาตรา 141 วรรคสอง, พระราชบัญญัติประกอบรัฐธรรมนูญว่าด้วยพรรคการเมือง พ.ศ. 2560 มาตรา 91 วรรคสอง",สำนักงานคณะกรรมการการเลือกตั้ง (กกต.),-,-,-,คณะกรรมการการเลือกตั้งประกาศให้พรรคเมืองไทยของเราสิ้นสภาพความเป็นพรรคการเมือง เนื่องจากพรรคไม่สามารถดำเนินการตามเงื่อนไขของกฎหมายประกอบรัฐธรรมนูญว่าด้วยพรรคการเมืองภายในระยะเวลาที่กำหนดให้แล้วเสร็จได้,ประชาชนและผู้ที่เกี่ยวข้องต้องรับทราบการสิ้นสภาพความเป็นพรรคการเมืองของพรรคเมืองไทยของเรา และพรรคจะไม่สามารถดำเนินกิจกรรมใด ๆ ทางการเมืองหรือทำธุรกรรมในนามพรรคการเมืองได้อีกต่อไป,⚪️ เทา ,-,ไม่มี,ราชกิจจานุเบกษา เล่ม 137 ตอนที่ 2 ก หน้า 6-7,-,,พรรคเมืองไทยของเรา,"สิ้นสภาพความเป็นพรรคการเมือง, ดำเนินการไม่แล้วเสร็จ",พรรคการเมือง,"ประกาศคณะกรรมการการเลือกตั้ง, พรรคการเมือง, พระราชบัญญัติประกอบรัฐธรรมนูญว่าด้วยพรรคการเมือง",-,"CB5, CC5","[CB5]: ประกาศฉบับนี้ระบุถึงพรรคการเมืองโดยตรง (พรรคเมืองไทยของเรา) ที่ต้องสิ้นสภาพความเป็นพรรคการเมือง เนื่องจากไม่สามารถดำเนินการให้แล้วเสร็จตามมาตรา ๑๔๑ แห่งพระราชบัญญัติประกอบรัฐธรรมนูญว่าด้วยพรรคการเมือง พ.ศ. ๒๕๖๐ 

[CC5]: ประกาศฉบับนี้ออกและบังคับใช้โดยคณะกรรมการการเลือกตั้ง (กกต.) เพื่อประกาศให้พรรคการเมืองสิ้นสภาพความเป็นพรรคการเมืองตามอำนาจหน้าที่",100%,
83,100083,ประกาศคณะกรรมการการเลือกตั้ง เรื่อง พรรคพลังคนกีฬาสิ้นสภาพความเป็นพรรคการเมือง,https://ratchakitcha.soc.go.th/documents/17115519.pdf,บังคับใช้,,,,8,มกราคม,2563,8 มกราคม 2563,-,ประกาศ,"พระราชบัญญัติประกอบรัฐธรรมนูญว่าด้วยพรรคการเมือง พ.ศ. 2560 มาตรา 141 วรรคสอง, พระราชบัญญัติประกอบรัฐธรรมนูญว่าด้วยพรรคการเมือง พ.ศ. 2560 มาตรา 91 วรรคสอง",สำนักงานคณะกรรมการการเลือกตั้ง (กกต.),-,-,-,คณะกรรมการการเลือกตั้งประกาศให้พรรคพลังคนกีฬาสิ้นสภาพความเป็นพรรคการเมือง เนื่องจากพรรคไม่สามารถดำเนินการตามเงื่อนไขของกฎหมายประกอบรัฐธรรมนูญว่าด้วยพรรคการเมืองภายในระยะเวลาที่กำหนดให้แล้วเสร็จได้,ประชาชนและผู้ที่เกี่ยวข้องต้องรับทราบการสิ้นสภาพความเป็นพรรคการเมืองของพรรคพลังคนกีฬา และพรรคจะไม่สามารถดำเนินกิจกรรมใด ๆ ทางการเมืองหรือทำธุรกรรมในนามพรรคการเมืองได้อีกต่อไป,⚪️ เทา ,-,ไม่มี,ราชกิจจานุเบกษา เล่ม 137 ตอนที่ 2 ก หน้า 8,-,,พรรคพลังคนกีฬา,"สิ้นสภาพความเป็นพรรคการเมือง, ดำเนินการไม่แล้วเสร็จ",พรรคการเมือง,"ประกาศคณะกรรมการการเลือกตั้ง, พรรคการเมือง, พระราชบัญญัติประกอบรัฐธรรมนูญว่าด้วยพรรคการเมือง",-,"CB5, CC5","[CB5]: ประกาศฉบับนี้ระบุถึงพรรคการเมืองโดยตรง (พรรคพลังคนกีฬา) ที่ต้องสิ้นสภาพความเป็นพรรคการเมือง เนื่องจากไม่สามารถดำเนินการให้แล้วเสร็จตามมาตรา ๑๔๑ แห่งพระราชบัญญัติประกอบรัฐธรรมนูญว่าด้วยพรรคการเมือง พ.ศ. ๒๕๖๐ 

[CC5]: ประกาศฉบับนี้ออกและบังคับใช้โดยคณะกรรมการการเลือกตั้ง (กกต.) เพื่อประกาศให้พรรคการเมืองสิ้นสภาพความเป็นพรรคการเมืองตามอำนาจหน้าที่",100%,
84,100084,คำพิพากษาของศาลฎีกาแผนกคดีอาญาของผู้ดำรงตำแหน่งทางการเมือง เรื่อง การแสดงบัญชีรายการทรัพย์สินและหนี้สิน [คดีหมายเลขดำที่ อม. ๑/๒๕๖๒ คดีหมายเลขแดงที่ อม. ๒๓๗/๒๕๖๒ ,https://ratchakitcha.soc.go.th/documents/17115520.pdf,บังคับใช้,,,,10,มกราคม,2563,16 กันยายน 2562,-,คำพิพากษา,-,ศาลฎีกาแผนกคดีอาญาของผู้ดำรงตำแหน่งทางการเมือง,-,-,-,ศาลฎีกาแผนกคดีอาญาของผู้ดำรงตำแหน่งทางการเมืองมีคำพิพากษาว่า ผู้ถูกกล่าวหา (อดีตสมาชิกสภาผู้แทนราษฎร) จงใจยื่นบัญชีแสดงรายการทรัพย์สินและหนี้สินและเอกสารประกอบด้วยข้อความอันเป็นเท็จ หรือปกปิดข้อเท็จจริงที่ควรแจ้งให้ทราบในกรณีพ้นจากตำแหน่ง โดยมีรายการทรัพย์สินและหนี้สินที่ไม่ตรงตามความเป็นจริงหลายรายการ ศาลจึงพิพากษาห้ามดำรงตำแหน่งทางการเมือง 5 ปี และลงโทษจำคุก 2 เดือน,ผู้ดำรงตำแหน่งทางการเมืองและเจ้าหน้าที่ของรัฐมีหน้าที่ต้องยื่นบัญชีแสดงรายการทรัพย์สินและหนี้สินของตน คู่สมรส และบุตรที่ยังไม่บรรลุนิติภาวะอย่างถูกต้องตามความเป็นจริงทุกประการ หากจงใจปกปิดข้อเท็จจริงหรือยื่นเอกสารเท็จจะมีความผิดและต้องรับโทษทางอาญา รวมถึงถูกตัดสิทธิทางการเมือง,⚪️ เทา ,-,แบบ ตส.ป.ป.ช.6 (บัญชีแสดงรายการทรัพย์สินและหนี้สิน),ราชกิจจานุเบกษา เล่ม 137 ตอนที่ 2 ก หน้า 9-23,"1) คู่มือการยื่นบัญชีแสดงรายการทรัพย์สินและหนี้สินของเจ้าหน้าที่ของรัฐ ตาม พ.ร.บ. ประกอบรัฐธรรมนูญว่าด้วยการป้องกันและปราบปรามการทุจริต

2) แบบบัญชีแสดงรายการทรัพย์สินและหนี้สิน (แบบ ตส.ป.ป.ช.6)",,ผู้ดำรงตำแหน่งทางการเมือง และเจ้าหน้าที่ของรัฐ (ในกรณีนี้คืออดีตสมาชิกสภาผู้แทนราษฎร),"ยื่นบัญชีทรัพย์สินและหนี้สิน, แจ้งข้อความอันเป็นเท็จ, ปกปิดข้อเท็จจริง",บัญชีทรัพย์สินและหนี้สิน,"คำพิพากษาศาลฎีกาแผนกคดีอาญาของผู้ดำรงตำแหน่งทางการเมือง, พ.ร.ป. ว่าด้วยการป้องกันและปราบปรามการทุจริต, จงใจยื่นบัญชีเท็จ, ป.ป.ช.",-,"CC1, CC29","[CC1]: คำพิพากษาฉบับนี้ชี้ขาดความผิดตาม พ.ร.ป. ว่าด้วยการป้องกันและปราบปรามการทุจริต พ.ศ. 2542 และ พ.ศ. 2561 กรณีที่เจ้าหน้าที่ของรัฐ (อดีตสมาชิกสภาผู้แทนราษฎร) จงใจยื่นบัญชีแสดงรายการทรัพย์สินและหนี้สินอันเป็นเท็จต่อคณะกรรมการ ป.ป.ช. ซึ่งเป็นกฎหมายบังคับผู้ดำรงตำแหน่งทางการเมือง

[CC29]: เอกสารฉบับนี้เป็นคำพิพากษาของศาลฎีกาแผนกคดีอาญาของผู้ดำรงตำแหน่งทางการเมือง (คดีหมายเลขแดงที่ อม. 237/2562) ตัดสินลงโทษจำคุกและตัดสิทธิทางการเมืองผู้ดำรงตำแหน่งทางการเมือง จึงจัดอยู่ในหมวดคดีอาญานักการเมืองโดยตรง",100%,
85,100085,คำพิพากษาของศาลฎีกาแผนกคดีอาญาของผู้ดำรงตำแหน่งทางการเมือง เรื่อง การแสดงบัญชีรายการทรัพย์สินและหนี้สิน [คดีหมายเลขดำที่ อม. ๒/๒๕๖๒ คดีหมายเลขแดงที่ อม. ๒๓๙/๒๕๖๒ ,https://ratchakitcha.soc.go.th/documents/17115521.pdf,บังคับใช้,,,,10,มกราคม,2563,17 กันยายน 2562,-,คำพิพากษา,-,ศาลฎีกาแผนกคดีอาญาของผู้ดำรงตำแหน่งทางการเมือง,-,-,-,"ศาลฎีกาแผนกคดีอาญาของผู้ดำรงตำแหน่งทางการเมืองมีคำพิพากษาว่า ผู้ถูกกล่าวหา (อดีตสมาชิกสภาผู้แทนราษฎร) จงใจยื่นบัญชีแสดงรายการทรัพย์สินและหนี้สินและเอกสารประกอบด้วยข้อความอันเป็นเท็จ หรือปกปิดข้อเท็จจริงที่ควรแจ้งให้ทราบในกรณีพ้นจากตำแหน่ง โดยไม่แสดงรายการหนี้สินกู้ยืมเงินจำนวน 2,000,000 บาท ศาลจึงพิพากษาห้ามดำรงตำแหน่งทางการเมือง 5 ปี จำคุก 1 เดือน และปรับ 4,000 บาท โดยโทษจำคุกให้รอการลงโทษไว้ 1 ปี",ผู้ดำรงตำแหน่งทางการเมืองและเจ้าหน้าที่ของรัฐมีหน้าที่ต้องยื่นบัญชีแสดงรายการทรัพย์สินและหนี้สินของตน คู่สมรส และบุตรที่ยังไม่บรรลุนิติภาวะให้ครบถ้วนและถูกต้องตามความเป็นจริงทุกประการ รวมถึงหนี้สินจากการกู้ยืมเงิน หากจงใจปกปิดข้อเท็จจริงจะมีความผิดและต้องรับโทษทางอาญา รวมถึงถูกตัดสิทธิทางการเมือง,⚪️ เทา,-,แบบบัญชีแสดงรายการทรัพย์สินและหนี้สิน,ราชกิจจานุเบกษา เล่ม 137 ตอนที่ 2 ก หน้า 24-27,"1) คู่มือการยื่นบัญชีแสดงรายการทรัพย์สินและหนี้สินของเจ้าหน้าที่ของรัฐและผู้ดำรงตำแหน่งทางการเมือง ตาม พ.ร.บ.ประกอบรัฐธรรมนูญว่าด้วยการป้องกันและปราบปรามการทุจริต

2) แบบบัญชีแสดงรายการทรัพย์สินและหนี้สินต่อคณะกรรมการ ป.ป.ช.",,ผู้ดำรงตำแหน่งทางการเมือง และเจ้าหน้าที่ของรัฐ (อดีตสมาชิกสภาผู้แทนราษฎร),"ยื่นบัญชีทรัพย์สินและหนี้สิน, แจ้งข้อความอันเป็นเท็จ, ปกปิดข้อเท็จจริง",บัญชีทรัพย์สินและหนี้สิน,"คำพิพากษาศาลฎีกาแผนกคดีอาญาของผู้ดำรงตำแหน่งทางการเมือง, พ.ร.ป. ว่าด้วยการป้องกันและปราบปรามการทุจริต, ป.ป.ช., จงใจยื่นบัญชีเท็จ",-,"CC1, CC29","[CC1]: คำพิพากษาฉบับนี้เป็นการตัดสินความผิดตาม พ.ร.ป. ว่าด้วยการป้องกันและปราบปรามการทุจริต กรณีอดีตสมาชิกสภาผู้แทนราษฎรจงใจยื่นบัญชีแสดงรายการทรัพย์สินและหนี้สินอันเป็นเท็จและปกปิดข้อเท็จจริงต่อ ป.ป.ช.

[CC29]: เอกสารเป็นคำพิพากษาของศาลฎีกาแผนกคดีอาญาของผู้ดำรงตำแหน่งทางการเมือง (คดีหมายเลขแดงที่ อม. ๒๓๙/๒๕๖๒) จึงเป็นข้อมูลในกลุ่มคดีอาญานักการเมืองโดยตรง",100%,
86,100086,ประกาศคณะกรรมการบริหารศาลยุติธรรม เรื่อง เปลี่ยนแปลงสถานที่ตั้งของศาลแรงงานภาค ๓,https://ratchakitcha.soc.go.th/documents/17115271.pdf,บังคับใช้,,,,7,มกราคม,2563,6 มกราคม 2563,-,ประกาศ,พระธรรมนูญศาลยุติธรรม มาตรา 4 วรรคสาม,คณะกรรมการบริหารศาลยุติธรรม,-,เมืองนครราชสีมา,นครราชสีมา,ประกาศเปลี่ยนแปลงสถานที่ตั้งของศาลแรงงานภาค 3 จากอาคารที่ทำการหลังเดิมไปยังอาคารที่ทำการหลังใหม่ ณ เลขที่ 6 ถนนกำแหงสงคราม ตำบลในเมือง อำเภอเมืองนครราชสีมา จังหวัดนครราชสีมา โดยให้เริ่มทำการตั้งแต่วันที่ 6 มกราคม 2563 เป็นต้นไป,ประชาชน ทนายความ หรือผู้ที่มีอรรถคดีและจำเป็นต้องติดต่อราชการกับศาลแรงงานภาค 3 จะต้องเดินทางไปติดต่องานหรือดำเนินกระบวนพิจารณาคดีที่อาคารที่ทำการศาลหลังใหม่ตามที่อยู่ที่ได้ประกาศไว้,⚪️ เทา,-,ไม่มี,ราชกิจจานุเบกษา เล่ม 137 ตอนที่ 1 ก หน้า 23,-,,ประชาชน ทนายความ และคู่ความที่มีอรรถคดีในศาลแรงงานภาค 3,"เปลี่ยนแปลงสถานที่ตั้ง, ย้ายที่ทำการ","ศาลแรงงานภาค ๓, ที่ทำการศาล","ประกาศคณะกรรมการบริหารศาลยุติธรรม, พระธรรมนูญศาลยุติธรรม, สถานที่ตั้ง",-,CC4,[CC4]: ประกาศฉบับนี้ออกโดยคณะกรรมการบริหารศาลยุติธรรม อาศัยอำนาจตามพระธรรมนูญศาลยุติธรรม เพื่อแจ้งการเปลี่ยนแปลงสถานที่ตั้งและอาคารที่ทำการหลังใหม่ของศาลแรงงานภาค ๓ ซึ่งถือเป็นระเบียบและข้อมูลราชการฝ่ายตุลาการที่ทนายความ นิติกร และคู่ความที่ต้องดำเนินกระบวนพิจารณาคดีจำเป็นต้องรับทราบเพื่อใช้ในการติดต่อราชการศาลได้อย่างถูกต้อง,100%,ให้เริ่มทำการ ณ อาคารที่ทำการหลังใหม่ เลขที่ ๖ ถนนกำแหงสงคราม ตำบลในเมือง อำเภอเมืองนครราชสีมา จังหวัดนครราชสีมา ตั้งแต่วันที่ ๒ มกราคม ๒๕๖๓ เป็นต้นไป
87,100087,ระเบียบองค์การบริหารส่วนตำบลบ้านยาง ว่าด้วยข้อมูลข่าวสารของทางราชการ พ.ศ. ๒๕๖๓,https://ratchakitcha.soc.go.th/documents/9793.pdf,บังคับใช้,,,,6,ตุลาคม,2566,7 ตุลาคม 2566,-,ระเบียบ,"พระราชบัญญัติข้อมูลข่าวสาร พ.ศ. 2540 มาตรา 9, ประกาศคณะกรรมการข้อมูลข่าวสารของราชการ ลงวันที่ 24 กุมภาพันธ์ 2541 เรื่อง หลักเกณฑ์และวิธีการเกี่ยวกับการจัดให้มีข้อมูลข่าวสารของราชการ ข้อ 4, ประกาศคณะกรรมการข้อมูลข่าวสารของราชการ ลงวันที่ 7 พฤษภาคม 2542 เรื่อง การเรียกเก็บค่าธรรมเนียมการขอสำเนาหรือขอสำเนาที่มีคำรับรองถูกต้องของข้อมูลข่าวสาร",องค์การบริหารส่วนตำบลบ้านยาง,องค์การบริหารส่วนตำบล บ้านยาง,เมืองบุรีรัมย์,บุรีรัมย์,กำหนดหลักเกณฑ์และวิธีการในการจัดการ การขอ และการให้บริการข้อมูลข่าวสารของทางราชการที่อยู่ในความครอบครองขององค์การบริหารส่วนตำบลบ้านยาง เพื่อรับรองสิทธิของประชาชนในการเข้าถึงข้อมูลข่าวสารอย่างเป็นระบบและรวดเร็ว,ประชาชนหรือนิติบุคคลที่ประสงค์จะขอตรวจดูหรือขอสำเนาข้อมูลข่าวสารของทางราชการ จะต้องยื่นคำขอเป็นหนังสือตามแบบที่กำหนดต่อเจ้าหน้าที่ศูนย์ข้อมูลข่าวสารขององค์การบริหารส่วนตำบลบ้านยาง พร้อมชำระค่าธรรมเนียมการทำสำเนาตามหลักเกณฑ์ที่ทางราชการกำหนด,⚪️ เทา,-,ไม่มี,ราชกิจจานุเบกษา เล่ม 140 ตอนพิเศษ 251 ง หน้า 1-7,"1) คู่มือการปฏิบัติตาม พ.ร.บ. ข้อมูลข่าวสารของราชการ พ.ศ. 2540

2) แบบคำขอข้อมูลข่าวสารขององค์การบริหารส่วนตำบลบ้านยาง",,ประชาชนทั่วไปและหน่วยงานในสังกัดองค์การบริหารส่วนตำบลบ้านยาง,"จัดตั้งศูนย์ข้อมูลข่าวสาร, บริการข้อมูลข่าวสาร, ขออนุญาต, เปิดเผยข้อมูล, เรียกเก็บค่าธรรมเนียม","ข้อมูลข่าวสารของราชการ, ข้อมูลข่าวสารส่วนบุคคล, สำเนาเอกสาร","ระเบียบองค์การบริหารส่วนตำบล, ข้อมูลข่าวสารของทางราชการ, พระราชบัญญัติข้อมูลข่าวสาร, คณะกรรมการข้อมูลข่าวสาร",,CC19,"[CC19]: ตามหมวด ๓ และหมวด ๔ (ข้อ ๑๑ ถึง ๒๐) บังคับให้ อบต. ต้องจัดตั้งศูนย์ข้อมูลข่าวสาร จัดระบบการเข้าถึง และกำหนดขั้นตอนการพิจารณาอนุญาตเปิดเผยข้อมูลข่าวสารแก่ประชาชนโดยตรง

",100%,-
88,100088,ประกาศคณะกรรมการสิทธิมนุษยชนแห่งชาติ เรื่อง ยกเลิกประกาศคณะกรรมการสิทธิมนุษยชนแห่งชาติ เรื่อง แนวปฏิบัติกรณีกรรมการสิทธิมนุษยชนแห่งชาติถูกกล่าวหาว่าฝ่าฝืนหรือไม่ปฏิบัติตามมาตรฐานทางจริยธรรม พ.ศ. ๒๕๖๓ พ.ศ. ๒๕๖๖,https://ratchakitcha.soc.go.th/documents/140A042N0000000002400.pdf,บังคับใช้,,ประกาศคณะกรรมการสิทธิมนุษยชนแห่งชาติ เรื่อง แนวปฏิบัติกรณีกรรมการสิทธิมนุษยชนแห่งชาติถูกกล่าวหาว่าฝ่าฝืนหรือไม่ปฏิบัติตามมาตรฐานทางจริยธรรม พ.ศ. ๒๕๖๓,,18,กรกฎาคม,2566,19 กรกฎาคม 2566,-,ประกาศ,"พระราชบัญญัติประกอบรัฐธรรมนูญว่าด้วยคณะกรรมการสิทธิมนุษยชนแห่งชาติ พ.ศ. 2560 มาตรา 17, พระราชบัญญัติประกอบรัฐธรรมนูญว่าด้วยคณะกรรมการสิทธิมนุษยชนแห่งชาติ พ.ศ. 2560 มาตรา 23 วรรคสาม, พระราชบัญญัติประกอบรัฐธรรมนูญว่าด้วยคณะกรรมการสิทธิมนุษยชนแห่งชาติ พ.ศ. 2560 มาตรา 25, พระราชบัญญัติประกอบรัฐธรรมนูญว่าด้วยคณะกรรมการสิทธิมนุษยชนแห่งชาติ พ.ศ. 2560 มาตรา 27 (5)","สำนักงานคณะกรรมการสิทธิมนุษยชนแห่งชาติ, องค์กรอิสระ",-,-,-,ประกาศยกเลิกแนวปฏิบัติกรณีกรรมการสิทธิมนุษยชนแห่งชาติถูกกล่าวหาว่าฝ่าฝืนหรือไม่ปฏิบัติตามมาตรฐานทางจริยธรรม พ.ศ. 2563 เนื่องจากเนื้อหาไม่สอดคล้องกับสภาวการณ์ปัจจุบันและไม่เคยมีการบังคับใช้ประกาศดังกล่าว,รับทราบการยกเลิกประกาศฉบับเดิม เพื่อให้การดำเนินงานของคณะกรรมการสิทธิมนุษยชนแห่งชาติเป็นไปตามกฎหมายหรือมาตรฐานทางจริยธรรมฉบับอื่นที่เกี่ยวข้องและมีความทันสมัย,⚪️ เทา,-,ไม่มี,ราชกิจจานุเบกษา เล่ม 140 ตอนที่ 42 ก หน้า 24,-,,กรรมการสิทธิมนุษยชนแห่งชาติ,"ยกเลิกประกาศ, ฝ่าฝืนจริยธรรม","กรรมการสิทธิมนุษยชนแห่งชาติ, มาตรฐานทางจริยธรรม","ประกาศคณะกรรมการสิทธิมนุษยชนแห่งชาติ, มาตรฐานทางจริยธรรม, พระราชบัญญัติประกอบรัฐธรรมนูญ",-,CC8,[CC8]: ประกาศฉบับนี้เป็นการยกเลิกแนวปฏิบัติเกี่ยวกับการกล่าวหาว่ากรรมการสิทธิมนุษยชนแห่งชาติฝ่าฝืนหรือไม่ปฏิบัติตามมาตรฐานทางจริยธรรม ซึ่งเป็นข้อกำหนดและระเบียบปฏิบัติที่ใช้บังคับกับคณะกรรมการสิทธิมนุษยชนแห่งชาติ (กสม.) โดยตรง,100%,ยกเลิกประกาศคณะกรรมการสิทธิมนุษยชนแห่งชาติ เรื่อง แนวปฏิบัติกรณีกรรมการสิทธิมนุษยชนแห่งชาติถูกกล่าวหาว่าฝ่าฝืนหรือไม่ปฏิบัติตามมาตรฐานทางจริยธรรม พ.ศ. ๒๕๖๓
89,100089,พระราชกฤษฎีกายกเลิกพระราชกฤษฎีกากำหนดเขตสำรวจการกักตุนโภคภัณฑ์ พ.ศ. ๒๕๖๓ พ.ศ. ๒๕๖๖,https://ratchakitcha.soc.go.th/documents/140A033N0000000002700.pdf,บังคับใช้,,พระราชกฤษฎีกากำหนดเขตสำรวจการกักตุนโภคภัณฑ์ พ.ศ. ๒๕๖๓,,1,มิถุนายน,2566,2 มิถุนายน 2566,-,พระราชกฤษฎีกา,พระราชบัญญัติสำรวจการกักตุนโภคภัณฑ์ พ.ศ. 2497 มาตรา 8,-,-,-,-,ยกเลิกพระราชกฤษฎีกากำหนดเขตสำรวจการกักตุนโภคภัณฑ์ พ.ศ. 2563 เนื่องจากสถานการณ์ที่เป็นเหตุผลในการออกพระราชกฤษฎีกาฉบับดังกล่าวได้สิ้นสุดลงแล้ว,-,⚪️ เทา (Amendment / No Impact),-,ไม่มี,ราชกิจจานุเบกษา เล่ม 140 ตอนที่ 34 ก หน้า 27-29,-,,ประชาชนและผู้ประกอบธุรกิจที่เคยอยู่ภายใต้เขตสำรวจการกักตุนโภคภัณฑ์ตามพระราชกฤษฎีกา พ.ศ. 2563,"ยกเลิกเขตสำรวจ, ยกเลิกประกาศ, ควบคุมการกักตุน","โภคภัณฑ์, สินค้าอุปโภคบริโภค, สินค้าควบคุม","พระราชกฤษฎีกายกเลิก, สำรวจการกักตุนโภคภัณฑ์, ภาวะฉุกเฉิน",,BO4,[BO4 การยกเลิกพระราชกฤษฎีกานี้ทำให้มาตรการป้องกันการกักตุนสินค้า (Anti-Hoarding) ที่บังคับใช้ในสถานการณ์ฉุกเฉินสิ้นสุดลง ธุรกิจจึงกลับเข้าสู่ระเบียบการแข่งขันทางการค้าและการจัดการสต็อกสินค้าในภาวะปกติตามกฎหมายว่าด้วยราคาสินค้าและบริการ,100%,ยกเลิกพระราชกฤษฎีกากำหนดเขตสำรวจการกักตุนโภคภัณฑ์ พ.ศ. ๒๕๖๓ เนื่องจากสภาพการณ์สิ้นสุดลง
90,100090,ระเบียบองค์การบริหารส่วนตำบลเมืองน้อย ว่าด้วยข้อมูลข่าวสารของราชการ พ.ศ. ๒๕๖๓,https://ratchakitcha.soc.go.th/documents/140D120S0000000003900.pdf,บังคับใช้,,,,24,พฤษภาคม,2566,25 พฤษภาคม 2566,-,ระเบียบ,"พระราชบัญญัติข้อมูลข่าวสารของราชการ พ.ศ. 2540 มาตรา 9, ประกาศคณะกรรมการข้อมูลข่าวสารของราชการลงวันที่ 24 กุมภาพันธ์ พ.ศ. 2541 เรื่อง หลักเกณฑ์และวิธีการเกี่ยวกับจัดให้มีข้อมูลข่าวสารของราชการไว้ให้ประชาชนเข้าตรวจดู ข้อ 4, พระราชกฤษฎีกาว่าด้วยหลักเกณฑ์ และวิธีการบริหารกิจการบ้านเมืองที่ดี พ.ศ. 2546 มาตรา 38",องค์การบริหารส่วนตำบลเมืองน้อย,องค์การบริหารส่วนตำบล เมืองน้อย,กันทรารมย์,ศรีสะเกษ,กำหนดระเบียบและตั้งศูนย์ข้อมูลข่าวสารระดับตำบล เพื่อจัดการและให้บริการข้อมูลข่าวสารขององค์การบริหารส่วนตำบลเมืองน้อยให้เป็นระบบ รวดเร็ว และรองรับสิทธิของประชาชนในการเข้าถึงข้อมูลข่าวสารของราชการ,ประชาชนหรือหน่วยงานที่ต้องการข้อมูลข่าวสารสามารถเดินทางไปติดต่อ ณ ศูนย์ข้อมูลข่าวสารขององค์การบริหารส่วนตำบลเมืองน้อย โดยให้ยื่นคำขอเป็นหนังสือตามแบบที่กำหนด และต้องชำระค่าธรรมเนียมในการทำสำเนาตามระเบียบที่ทางราชการประกาศไว้,🔵 ฟ้า (ระเบียบภาครัฐ),-,แบบคำขอข้อมูลข่าวสารขององค์การบริหารส่วนตำบลเมืองน้อย,ราชกิจจานุเบกษา เล่ม 140 ตอนพิเศษ 120 ง หน้า 39-44,"1) คู่มือการปฏิบัติตามพระราชบัญญัติข้อมูลข่าวสารของราชการ พ.ศ. 2540
2) แบบคำขอข้อมูลข่าวสารขององค์การบริหารส่วนตำบลเมืองน้อย

","1) https://www.senate.go.th/assets/portals/1/files/manual2540.pdf
2) https://www.muangnoi.go.th/fileupload/6926597855.pdf",ประชาชนทั่วไปและหน่วยงานในสังกัดองค์การบริหารส่วนตำบลเมืองน้อย,"จัดตั้งศูนย์ข้อมูลข่าวสาร, บริการข้อมูลข่าวสาร, ขออนุญาต, เปิดเผยข้อมูล, เรียกเก็บค่าธรรมเนียม","ข้อมูลข่าวสารของราชการ, ข้อมูลข่าวสารส่วนบุคคล, สำเนาเอกสาร","ระเบียบองค์การบริหารส่วนตำบล, ข้อมูลข่าวสารของทางราชการ, พระราชบัญญัติข้อมูลข่าวสาร, คณะกรรมการข้อมูลข่าวสาร",-,CC19,"[CC19]: ตามหมวด ๓ และหมวด ๔ (ข้อ ๑๒ ถึง ๒๑) บังคับให้ อบต.เมืองน้อย ต้องจัดตั้งศูนย์ข้อมูลข่าวสาร จัดระบบการเข้าถึง และกำหนดขั้นตอนการพิจารณาอนุญาตเปิดเผยข้อมูลข่าวสารแก่ประชาชนโดยตรง
",100%,ยกเลิกระเบียบองค์การบริหารส่วนตำบลเมืองน้อย ว่าด้วยข้อมูลข่าวสารของราชการ พ.ศ. ๒๕๕๒
91,100091,ระเบียบองค์การบริหารส่วนตำบลเมืองน้อย ว่าด้วยการรักษาความเป็นระเบียบเรียบร้อยและความปลอดภัยในการให้ประชาชนเข้าตรวจดูข้อมูลข่าวสาร พ.ศ. ๒๕๖๓,https://ratchakitcha.soc.go.th/documents/140D120S0000000004500.pdf,บังคับใช้,,,,24,พฤษภาคม,2566,24 พฤษภาคม 2566,-,ระเบียบ,"พระราชบัญญัติข้อมูลข่าวสารของราชการ พ.ศ. 2540 มาตรา 9, ประกาศคณะกรรมการข้อมูลข่าวสารของราชการลงวันที่ 24 กุมภาพันธ์ พ.ศ. 2541 เรื่อง หลักเกณฑ์และวิธีการเกี่ยวกับการจัดให้มีข้อมูลข่าวสารของราชการไว้ให้ประชาชนเข้าตรวจดู ข้อ 4",องค์การบริหารส่วนตำบลเมืองน้อย,องค์การบริหารส่วนตำบล เมืองน้อย,กันทรารมย์,ศรีสะเกษ,กำหนดระเบียบและข้อปฏิบัติสำหรับการใช้บริการศูนย์ข้อมูลข่าวสารขององค์การบริหารส่วนตำบลเมืองน้อย เพื่อให้ประชาชนเข้าตรวจดู ศึกษา ค้นคว้าข้อมูลข่าวสารด้วยความเป็นระเบียบเรียบร้อยและปลอดภัย,ผู้ที่ต้องการเข้าใช้บริการศูนย์ข้อมูลข่าวสาร ต้องแต่งกายสุภาพ ลงทะเบียน ห้ามนำอาวุธ อาหาร เครื่องดื่ม หรือสัตว์เลี้ยงเข้าไปในศูนย์ รวมถึงต้องใช้ความระมัดระวังในการตรวจดูข้อมูลและห้ามนำเอกสารออกนอกศูนย์เว้นแต่ได้รับอนุญาต หากทำให้ข้อมูลเสียหายจะต้องรับผิดชอบชดใช้,🟠 ส้ม (โทษทางปกครอง/แพ่ง),โทษทางปกครอง / โทษทางแพ่ง,ไม่มี,ราชกิจจานุเบกษา เล่ม 140 ตอนพิเศษ 120 ง หน้า 45-46,"คู่มือการให้บริการข้อมูลข่าวสารของราชการตาม พ.ร.บ.ข้อมูลข่าวสารของราชการ พ.ศ. 2540
"," https://www.senate.go.th/assets/portals/1/files/manual2540.pdf
",ประชาชนทั่วไปที่ขอเข้าตรวจดูข้อมูลข่าวสาร ณ ศูนย์ข้อมูลข่าวสารขององค์การบริหารส่วนตำบลเมืองน้อย,"เข้าตรวจดู, ศึกษา, ค้นคว้า, รักษาความสงบเรียบร้อย","ข้อมูลข่าวสารของราชการ, ศูนย์ข้อมูลข่าวสาร","ระเบียบองค์การบริหารส่วนตำบล, พระราชบัญญัติข้อมูลข่าวสารของราชการ, ตรวจดูข้อมูลข่าวสาร",-,CC19,[CC19]: ระเบียบฉบับนี้กำหนดแนวทางปฏิบัติและข้อห้าม (เช่น การแต่งกาย การห้ามนำอาหาร อาวุธ และสัตว์เลี้ยงเข้าสถานที่ รวมถึงการลงทะเบียน) สำหรับประชาชนทั่วไปที่เข้ามาติดต่อขอตรวจดู ศึกษา และค้นคว้าข้อมูลข่าวสารของราชการ ณ ศูนย์ข้อมูลข่าวสารขององค์การบริหารส่วนตำบลเมืองน้อย ซึ่งเป็นการกำหนดระเบียบสถานที่เพื่อรองรับการเข้าถึงข้อมูลข่าวสารตาม พ.ร.บ. ข้อมูลข่าวสารของราชการ พ.ศ. ๒๕๔๐,100%,
92,100092,ระเบียบองค์การบริหารส่วนตำบลกฤษณา ว่าด้วยข้อมูลข่าวสารของราชการ พ.ศ. ๒๕๖๓,https://ratchakitcha.soc.go.th/documents/140D120S0000000004700.pdf,บังคับใช้,,,,24,พฤษภาคม,2566,25 พฤษภาคม 2566,-,ระเบียบ,"พระราชบัญญัติข้อมูลข่าวสารของราชการ พ.ศ. 2540 มาตรา 9, ประกาศคณะกรรมการข้อมูลข่าวสารของราชการ เรื่อง หลักเกณฑ์และวิธีการเกี่ยวกับการจัดให้มีข้อมูลข่าวสารของราชการไว้ให้ประชาชนเข้าตรวจดู ข้อ 4",องค์การบริหารส่วนตำบลกฤษณา,องค์การบริหารส่วนตำบล กฤษณา,ขุขันธ์,ศรีสะเกษ,กำหนดหลักเกณฑ์ วิธีการจัดการ การขอ และการให้บริการข้อมูลข่าวสารของราชการที่อยู่ในความรับผิดชอบขององค์การบริหารส่วนตำบลกฤษณา โดยให้จัดตั้งศูนย์ข้อมูลข่าวสารเพื่อให้บริการประชาชนเข้าตรวจดูและค้นคว้าข้อมูลได้อย่างเป็นระบบ,ประชาชนหรือนิติบุคคลที่ต้องการขอข้อมูลหรือทำสำเนาข้อมูลข่าวสารของทางราชการ ให้ยื่นคำขอเป็นหนังสือต่อเจ้าหน้าที่ศูนย์ข้อมูลข่าวสารตามแบบที่กำหนด และต้องปฏิบัติตามหลักเกณฑ์รวมถึงการชำระค่าธรรมเนียมตามที่องค์การบริหารส่วนตำบลกฤษณาประกาศไว้,🔵 ฟ้า (ระเบียบภาครัฐ),-,แบบคำขอข้อมูลข่าวสารขององค์การบริหารส่วนตำบลกฤษณา,ราชกิจจานุเบกษา เล่ม 140 ตอนพิเศษ 120 ง หน้า 47-52,"1) คู่มือการปฏิบัติตามพระราชบัญญัติข้อมูลข่าวสารของราชการ พ.ศ. 2540

2) แบบคำขอข้อมูลข่าวสารขององค์การบริหารส่วนตำบลกฤษณา","1) https://www.senate.go.th/assets/portals/1/files/manual2540.pdf
2) https://krissana.go.th/news/doc_download/a_180118_042931.pdf",ประชาชนทั่วไปและหน่วยงานในสังกัดองค์การบริหารส่วนตำบลกฤษณา,"จัดตั้งศูนย์ข้อมูลข่าวสาร, บริการข้อมูลข่าวสาร, ขออนุญาต, เปิดเผยข้อมูล, เรียกเก็บค่าธรรมเนียม","ข้อมูลข่าวสารของราชการ, ข้อมูลข่าวสารส่วนบุคคล, สำเนาเอกสาร","ระเบียบองค์การบริหารส่วนตำบล, ข้อมูลข่าวสารของทางราชการ, พระราชบัญญัติข้อมูลข่าวสาร, คณะกรรมการข้อมูลข่าวสาร",-,CC19,[CC19]: ตามหมวด ๓ และหมวด ๔ (ข้อ ๑๑ ถึง ๒๐) บังคับให้ อบต.กฤษณา ต้องจัดตั้งศูนย์ข้อมูลข่าวสาร จัดระบบการเข้าถึง และกำหนดขั้นตอนการพิจารณาอนุญาตเปิดเผยข้อมูลข่าวสารแก่ประชาชนโดยตรง,100%,-
93,100093,ระเบียบคณะกรรมการสิทธิมนุษยชนแห่งชาติ เรื่อง ยกเลิกระเบียบคณะกรรมการสิทธิมนุษยชนแห่งชาติว่าด้วยการส่งเสริมความร่วมมือและประสานงานด้านสิทธิมนุษยชนในภูมิภาค พ.ศ. ๒๕๖๓ พ.ศ. ๒๕๖๖,https://ratchakitcha.soc.go.th/documents/140A014N0000000003000.pdf,บังคับใช้,,ระเบียบคณะกรรมการสิทธิมนุษยชนแห่งชาติว่าด้วยการส่งเสริมความร่วมมือและประสานงานด้านสิทธิมนุษยชนในภูมิภาค พ.ศ. ๒๕๖๓,,1,มีนาคม,2566,2 มีนาคม 2566,-,ระเบียบ,"พระราชบัญญัติประกอบรัฐธรรมนูญว่าด้วยคณะกรรมการสิทธิมนุษยชนแห่งชาติ พ.ศ. 2560 มาตรา 26 (5), พระราชบัญญัติประกอบรัฐธรรมนูญว่าด้วยคณะกรรมการสิทธิมนุษยชนแห่งชาติ พ.ศ. 2560 มาตรา 27 (1), พระราชบัญญัติประกอบรัฐธรรมนูญว่าด้วยคณะกรรมการสิทธิมนุษยชนแห่งชาติ พ.ศ. 2560 มาตรา 27 (2), พระราชบัญญัติประกอบรัฐธรรมนูญว่าด้วยคณะกรรมการสิทธิมนุษยชนแห่งชาติ พ.ศ. 2560 มาตรา 27 (3), พระราชบัญญัติประกอบรัฐธรรมนูญว่าด้วยคณะกรรมการสิทธิมนุษยชนแห่งชาติ พ.ศ. 2560 มาตรา 27 (5), พระราชบัญญัติประกอบรัฐธรรมนูญว่าด้วยคณะกรรมการสิทธิมนุษยชนแห่งชาติ พ.ศ. 2560 มาตรา 49 (4)","สำนักงานคณะกรรมการสิทธิมนุษยชนแห่งชาติ, องค์กรอิสระ",-,-,-,ยกเลิกระเบียบคณะกรรมการสิทธิมนุษยชนแห่งชาติว่าด้วยการส่งเสริมความร่วมมือและประสานงานด้านสิทธิมนุษยชนในภูมิภาค พ.ศ. 2563 เนื่องจากได้มีการปรับเปลี่ยนรูปแบบการดำเนินงานและจัดตั้งสำนักงานคณะกรรมการสิทธิมนุษยชนแห่งชาติภูมิภาคเพื่อปฏิบัติงานในพื้นที่โดยตรงแทนแล้ว,บุคคล นิติบุคคล หรือองค์กรภาคประชาสังคมที่ต้องประสานงานและดำเนินความร่วมมือด้านสิทธิมนุษยชนในระดับภูมิภาค ควรรับทราบการยกเลิกระเบียบฉบับเดิม และปรับเปลี่ยนกระบวนการดำเนินงานไปติดต่อประสานงานกับสำนักงานคณะกรรมการสิทธิมนุษยชนแห่งชาติภูมิภาคที่ได้จัดตั้งขึ้นใหม่ให้สอดคล้องกับโครงสร้างปัจจุบัน,⚪️ เทา (Amendment / No Impact),-,ไม่มี,ราชกิจจานุเบกษา เล่ม 140 ตอนที่ 14 ก หน้า 3,-,-,สำนักงานคณะกรรมการสิทธิมนุษยชนแห่งชาติ,"ยกเลิกระเบียบ, ส่งเสริมความร่วมมือ, ประสานงาน",สิทธิมนุษยชน,"ระเบียบคณะกรรมการสิทธิมนุษยชนแห่งชาติ, ยกเลิกระเบียบ, สิทธิมนุษยชน",-,CC8,[CC8]: ระเบียบฉบับนี้เป็นการยกเลิกระเบียบการประสานงานด้านสิทธิมนุษยชนภูมิภาคฉบับเดิมของคณะกรรมการสิทธิมนุษยชนแห่งชาติ (กสม.) เนื่องจากมีการปรับเปลี่ยนรูปแบบการทำงานและจัดตั้งสำนักงาน กสม. ภูมิภาคขึ้นเพื่อดำเนินงานในพื้นที่แทน จึงเป็นระเบียบที่เกี่ยวข้องกับการบริหารจัดการภายในและการปฏิบัติงานของ กสม. โดยตรง,100%,ยกเลิกระเบียบคณะกรรมการสิทธิมนุษยชนแห่งชาติว่าด้วยการส่งเสริมความร่วมมือและประสานงานด้านสิทธิมนุษยชนในภูมิภาค พ.ศ. ๒๕๖๓
94,100094,ระเบียบกระทรวงศึกษาธิการ ว่าด้วยการยกเลิกระเบียบกระทรวงศึกษาธิการ ว่าด้วยการไว้ทรงผมของนักเรียน พ.ศ. ๒๕๖๓ พ.ศ. ๒๕๖๖,https://ratchakitcha.soc.go.th/documents/140D023S0000000000500.pdf,บังคับใช้,,ระเบียบกระทรวงศึกษาธิการ ว่าด้วยการไว้ทรงผมของนักเรียน พ.ศ. ๒๕๖๓,,2,กุมภาพันธ์,2566,3 กุมภาพันธ์ 2566,-,ระเบียบ,"พระราชบัญญัติระเบียบบริหารราชการกระทรวงศึกษาธิการ พ.ศ. 2546 มาตรา 8, พระราชบัญญัติระเบียบบริหารราชการกระทรวงศึกษาธิการ พ.ศ. 2546 มาตรา 12",กระทรวงศึกษาธิการ,-,-,-,ยกเลิกระเบียบกระทรวงศึกษาธิการว่าด้วยการไว้ทรงผมของนักเรียน พ.ศ. 2563,สถานศึกษาควรปรับปรุงหรือกำหนดแนวปฏิบัติภายในเกี่ยวกับการไว้ทรงผมของนักเรียนให้มีความเหมาะสมและสอดคล้องกับการยกเลิกระเบียบส่วนกลางฉบับนี้ โดยไม่ขัดต่อนโยบายหรือแนวทางใหม่ที่กระทรวงกำหนด,⚪️ เทา (Amendment / No Impact),-,ไม่มี,ราชกิจจานุเบกษา เล่ม 140 ตอนพิเศษ 23 ง หน้า 5,-,,นักเรียนและสถานศึกษาในสังกัดกระทรวงศึกษาธิการ,"ยกเลิกระเบียบ, ไว้ทรงผม","นักเรียน, ทรงผม","ระเบียบกระทรวงศึกษาธิการ, ยกเลิกระเบียบ, ทรงผมนักเรียน","AM2, AM3, AM4, AM9, AM11, AM20",-,"[AM2]: [Direct Duty] เป็นสถานศึกษาระดับก่อนประถมศึกษาในสังกัดกระทรวงศึกษาธิการที่จัดการศึกษาขั้นพื้นฐาน ต้องปฏิบัติตามข้อกำหนดในระเบียบ อ้างอิงข้อ 3

[AM3]: [Direct Duty] เป็นสถานศึกษาระดับประถมและมัธยมศึกษา (การศึกษาขั้นพื้นฐาน) ที่มีหน้าที่ควบคุมความเรียบร้อยของนักเรียนและสามารถวางระเบียบเฉพาะของสถานศึกษาได้ อ้างอิงข้อ 3 และข้อ 7

[AM4]: [Direct Duty] เป็นโรงเรียนนานาชาติในระบบที่จัดการศึกษาขั้นพื้นฐาน ภายใต้การกำกับดูแลของกระทรวงศึกษาธิการ จึงเข้าข่ายเป็น ""สถานศึกษา"" ที่ต้องปฏิบัติตามระเบียบหรือสามารถใช้คณะกรรมการสถานศึกษาวางระเบียบเฉพาะของตนเองได้ อ้างอิงข้อ 3 และข้อ 7

[AM9]: [Direct Duty] เป็นสถานศึกษาที่จัดการศึกษาวิชาชีพ (ระดับ ปวช. ซึ่งถือเป็นส่วนหนึ่งของการศึกษาขั้นพื้นฐาน) ในสังกัดกระทรวงศึกษาธิการ จึงต้องปฏิบัติตามข้อบังคับเรื่องทรงผมนักเรียน อ้างอิงข้อ 3

[AM11]: [Direct Duty] เป็นโรงเรียนเอกชนสอนศาสนาควบคู่วิชาสามัญซึ่งจัดการศึกษาขั้นพื้นฐาน ต้องปฏิบัติตามระเบียบและสามารถผ่อนผันตามความเชื่อทางศาสนาได้ อ้างอิงข้อ 3 และข้อ 6

[AM20]: [Direct Duty] เป็นสถานศึกษาของรัฐที่จัดการศึกษาขั้นพื้นฐาน ซึ่งต้องบังคับใช้และวางระเบียบเรื่องทรงผมนักเรียน อ้างอิงข้อ 3 และข้อ 7",100%,ยกเลิกระเบียบกระทรวงศึกษาธิการ ว่าด้วยการไว้ทรงผมของนักเรียน พ.ศ. ๒๕๖๓
95,100095,ระเบียบสำนักงานทะเบียนหุ้นส่วนบริษัทกลาง ว่าด้วยการจดทะเบียนห้างหุ้นส่วนและบริษัท (ฉบับที่ ๓) พ.ศ. ๒๕๖๓,https://ratchakitcha.soc.go.th/documents/140D013S0000000005200.pdf,บังคับใช้,,,"ระเบียบสำนักงานทะเบียนหุ้นส่วนบริษัทกลางว่าด้วยการจดทะเบียนห้างหุ้นส่วนและบริษัท พ.ศ. ๒๕๖๑ (ข้อ ๓๘, รายละเอียดคำขอจดทะเบียน, แบบ บอจ.๒, หนังสือบริคณห์สนธิฉบับแก้ไขเพิ่มเติม, ชื่อ คำ หรือข้อความที่ไม่สามารถใช้เป็นชื่อของห้างหุ้นส่วนหรือบริษัท), ระเบียบสำนักงานทะเบียนหุ้นส่วนบริษัทกลางว่าด้วยการจดทะเบียนห้างหุ้นส่วนและบริษัท (ฉบับที่ ๒) พ.ศ. ๒๕๖๒ (ข้อ ๔๔)",19,มกราคม,2566,8 มกราคม 2563,-,ระเบียบ,"กฎกระทรวงจัดตั้งสำนักงานทะเบียนหุ้นส่วนบริษัท แต่งตั้งนายทะเบียน และกำหนดหลักเกณฑ์และวิธีการในการจดทะเบียนห้างหุ้นส่วนและบริษัทจำกัด พ.ศ. 2549 ข้อ 3 วรรคสาม, กฎกระทรวงจัดตั้งสำนักงานทะเบียนหุ้นส่วนบริษัท แต่งตั้งนายทะเบียน และกำหนดหลักเกณฑ์และวิธีการในการจดทะเบียนห้างหุ้นส่วนและบริษัทจำกัด พ.ศ. 2549 ข้อ 4",กรมพัฒนาธุรกิจการค้า,-,-,-,ปรับปรุงหลักเกณฑ์และวิธีการในการจดทะเบียนห้างหุ้นส่วนและบริษัทจำกัด โดยแก้ไขข้อห้ามในการตั้งชื่อห้างหุ้นส่วนหรือบริษัท (เช่น ห้ามใช้พระนาม ชื่อหน่วยงานรัฐ ชื่อที่มีความหมายถึงธุรกิจการเงินบางประเภท เว้นแต่ได้รับอนุญาต) และข้อห้ามในการกำหนดวัตถุประสงค์ พร้อมทั้งปรับปรุงแบบพิมพ์คำขอและเอกสารประกอบการจดทะเบียนให้เป็นปัจจุบัน,ผู้ประกอบการที่ประสงค์จะจดทะเบียนจัดตั้งหรือเปลี่ยนแปลงข้อมูลของห้างหุ้นส่วนและบริษัท ต้องตรวจสอบชื่อและวัตถุประสงค์ไม่ให้ขัดกับข้อห้ามตามระเบียบนี้ และต้องจัดเตรียมเอกสารคำขอตามแบบพิมพ์ใหม่ที่กำหนดไว้ท้ายระเบียบอย่างเคร่งครัด,🟡 เหลือง (เสียสิทธิ/นิติกรรม),เสียสิทธิประโยชน์ / ผลทางนิติกรรม,"การจดทะเบียนห้างหุ้นส่วนและบริษัทจำกัด, แบบ บอจ.2 (หนังสือบริคณห์สนธิ)",ราชกิจจานุเบกษา เล่ม 140 ตอนพิเศษ 13 ง หน้า 52,"1) คู่มือการจดทะเบียนนิติบุคคลตั้งใหม่ กรมพัฒนาธุรกิจการค้า (DBD)

2) แบบคำขอจดทะเบียน (แบบ หส.1, แบบ บอจ.1, แบบ บอจ.2, แบบ ว., แบบ ก., แบบ สสช.1)",https://www.dbd.go.th/storage/manual/ae86c29a-bfa5-44b7-b14e-8918810c7eea.pdf,"ผู้ประกอบการ, ผู้เริ่มก่อการ, ห้างหุ้นส่วนจำกัด, ห้างหุ้นส่วนสามัญนิติบุคคล, บริษัทจำกัด","จดทะเบียนห้างหุ้นส่วน, จดทะเบียนบริษัทจำกัด, จองชื่อนิติบุคคล, ระบุวัตถุประสงค์","ห้างหุ้นส่วน, บริษัทจำกัด, นิติบุคคล","ระเบียบสำนักงานทะเบียนหุ้นส่วนบริษัทกลาง, กรมพัฒนาธุรกิจการค้า, ทะเบียนนิติบุคคล, หนังสือบริคณห์สนธิ","BX2, CA4",,"[BX2]: ระเบียบฉบับนี้กำหนดหลักเกณฑ์และวิธีการจดทะเบียนจัดตั้ง แก้ไขเพิ่มเติม และการเลิก/ชำระบัญชี สำหรับห้างหุ้นส่วนและบริษัทจำกัดโดยตรง รวมถึงข้อห้ามในการจองชื่อและกำหนดวัตถุประสงค์ ซึ่งบังคับใช้กับเจ้าของกิจการและผู้ดูแลนิติบุคคลที่ต้องปฏิบัติตามระเบียบของกรมพัฒนาธุรกิจการค้า (DBD)
",100%,ยกเลิกความในข้อ ๓๘ และ ๔๔ รวมถึงรายละเอียดคำขอและแบบพิมพ์เดิม (เช่น บอจ.๒) ของระเบียบสำนักงานทะเบียนหุ้นส่วนบริษัทกลางฯ พ.ศ. ๒๕๖๑
96,100096,ระเบียบสำนักงานทะเบียนหุ้นส่วนบริษัทกลาง ว่าด้วยการจดทะเบียนห้างหุ้นส่วนและบริษัท (ฉบับที่ ๔) พ.ศ. ๒๕๖๓,https://ratchakitcha.soc.go.th/documents/140D013S0000000005600.pdf,บังคับใช้,,,"ระเบียบสำนักงานทะเบียนหุ้นส่วนบริษัทกลางว่าด้วยการจดทะเบียนห้างหุ้นส่วนและบริษัท (ฉบับที่ ๒) พ.ศ. ๒๕๖๒ (ข้อ ๒๗), ระเบียบสำนักงานทะเบียนหุ้นส่วนบริษัทกลางว่าด้วยการจดทะเบียนห้างหุ้นส่วนและบริษัท (ฉบับที่ ๓) พ.ศ. ๒๕๖๓ (ข้อ ๔๔)",19,มกราคม,2566,23 ธันวาคม 2563,-,ระเบียบ,กฎกระทรวงจัดตั้งสำนักงานทะเบียนหุ้นส่วนบริษัท แต่งตั้งนายทะเบียน และกำหนดหลักเกณฑ์และวิธีการในการจดทะเบียนห้างหุ้นส่วนและบริษัทจำกัด พ.ศ. 2549 ข้อ 3 วรรคสาม,กรมพัฒนาธุรกิจการค้า,-,-,-,ปรับปรุงหลักเกณฑ์สถานที่ยื่นคำขอจดทะเบียนห้างหุ้นส่วนหรือบริษัท (แยกตามที่ตั้งสำนักงานแห่งใหญ่) และปรับปรุงข้อห้ามเกี่ยวกับลักษณะวัตถุประสงค์ของห้างหุ้นส่วนและบริษัทให้ชัดเจนยิ่งขึ้น,ภาคเอกชนที่ประสงค์จะจดทะเบียนจัดตั้งห้างหุ้นส่วนหรือบริษัท ต้องยื่นคำขอ ณ สถานที่ที่กำหนดตามที่ตั้งของสำนักงานแห่งใหญ่ และต้องระบุวัตถุประสงค์ให้ชัดเจนโดยต้องไม่มีลักษณะต้องห้ามตามที่ระเบียบกำหนด หรือหากเป็นธุรกิจเฉพาะต้องได้รับอนุญาตจากหน่วยงานที่เกี่ยวข้องก่อน,⚪️ เทา (Amendment / No Impact),-,การจดทะเบียนห้างหุ้นส่วนและบริษัทจำกัด (คำขอจดทะเบียน),ราชกิจจานุเบกษา เล่ม 140 ตอนพิเศษ 13 ง หน้า 56-57,"1) คู่มือการจดทะเบียนนิติบุคคลตั้งใหม่ กรมพัฒนาธุรกิจการค้า (DBD)

2) แบบคำขอจดทะเบียน (แบบ หส.1, แบบ บอจ.1, แบบ บอจ.2, แบบ ว., แบบ ก., แบบ สสช.1)",https://www.dbd.go.th/storage/manual/ae86c29a-bfa5-44b7-b14e-8918810c7eea.pdf,ห้างหุ้นส่วนและบริษัทจำกัด รวมถึงผู้ที่ต้องการจดทะเบียนจัดตั้งนิติบุคคล,"จดทะเบียนห้างหุ้นส่วน, จดทะเบียนบริษัทจำกัด, ยื่นคำขอจดทะเบียน, ระบุวัตถุประสงค์","ห้างหุ้นส่วน, บริษัทจำกัด, นิติบุคคล","ระเบียบสำนักงานทะเบียนหุ้นส่วนบริษัทกลาง, กรมพัฒนาธุรกิจการค้า, ทะเบียนนิติบุคคล","BX2, CA4",,[BX2]: ระเบียบฉบับนี้กำหนดสถานที่ในการยื่นคำขอจดทะเบียน และข้อห้าม/เงื่อนไขในการระบุวัตถุที่ประสงค์ของห้างหุ้นส่วนและบริษัทจำกัด ซึ่งบังคับใช้กับเจ้าของกิจการและผู้ดูแลนิติบุคคลที่ต้องปฏิบัติตามระเบียบของกรมพัฒนาธุรกิจการค้า (DBD) โดยตรง,100%,ยกเลิกความในข้อ ๒๗ แห่งระเบียบสำนักงานทะเบียนหุ้นส่วนบริษัทกลางฯ (ฉบับที่ ๒) พ.ศ. ๒๕๖๒ และยกเลิกความในข้อ ๔๔ แห่งระเบียบสำนักงานทะเบียนหุ้นส่วนบริษัทกลางฯ (ฉบับที่ ๓) พ.ศ. ๒๕๖๓
97,100097,ระเบียบการไฟฟ้านครหลวง ว่าด้วยการให้ใช้มาตรฐานการติดตั้งทางไฟฟ้าสำหรับประเทศไทย พ.ศ. ๒๕๖๔ พ.ศ. ๒๕๖๕,https://ratchakitcha.soc.go.th/documents/17222751.pdf,บังคับใช้,,ระเบียบการไฟฟ้านครหลวง ว่าด้วยการให้ใช้มาตรฐานการติดตั้งทางไฟฟ้าสำหรับประเทศไทย พ.ศ. ๒๕๕๖ พ.ศ. ๒๕๕๗,,19,กันยายน,2565,17 พฤษภาคม 2565,-,ระเบียบ,ข้อบังคับการไฟฟ้านครหลวง ว่าด้วยการใช้ไฟฟ้าและบริการ พ.ศ. 2535 ข้อ 6,"การไฟฟ้านครหลวง (กฟน.), กระทรวงมหาดไทย",-,-,-,ยกเลิกระเบียบการไฟฟ้านครหลวงฉบับเดิม (พ.ศ. 2557) และให้นำมาตรฐานการติดตั้งทางไฟฟ้าสำหรับประเทศไทย พ.ศ. 2564 (วสท. 022001 - 22) มาใช้บังคับแทนในการปฏิบัติงาน,ผู้ขอใช้ไฟฟ้า ผู้รับเหมาติดตั้งระบบไฟฟ้า และวิศวกรผู้ออกแบบ ต้องดำเนินการออกแบบและติดตั้งระบบไฟฟ้าให้สอดคล้องและเป็นไปตามมาตรฐานการติดตั้งทางไฟฟ้าสำหรับประเทศไทย พ.ศ. 2564 เพื่อให้ถูกต้องตามระเบียบของการไฟฟ้านครหลวง,โทษเชื่อมโยงจากกฎหมายแม่,รอเชื่อมโยง: ข้อบังคับการไฟฟ้านครหลวง ว่าด้วยการใช้ไฟฟ้าและบริการ พ.ศ. 2535 ข้อ 6,ไม่มี,ราชกิจจานุเบกษา เล่ม 139 ตอนพิเศษ 221 ง หน้า 2,1) มาตรฐานการติดตั้งทางไฟฟ้าสำหรับประเทศไทย พ.ศ. 2564 (วสท. 022001-22),"[เอกสารลิขสิทธิ์] ไม่สามารถแสดงไฟล์ต้นฉบับได้ 
","ผู้ใช้ไฟฟ้า, ผู้ประกอบการรับเหมาติดตั้งระบบไฟฟ้า, วิศวกรไฟฟ้า และประชาชนในเขตพื้นที่ให้บริการของการไฟฟ้านครหลวง","ติดตั้งทางไฟฟ้า, ใช้ไฟฟ้า","ระบบไฟฟ้า, อุปกรณ์ไฟฟ้า","ระเบียบการไฟฟ้านครหลวง, มาตรฐานการติดตั้งทางไฟฟ้า, วสท. ๐๒๒๐๐๑ - ๒๒","K1, L1, AC1, AC3, AC5, BB12",CF3,"[K1]: [Rights & Admin] การไฟฟ้านครหลวงในฐานะหน่วยงานผู้ให้บริการและกำกับดูแลระบบโครงข่ายไฟฟ้า ต้องบังคับใช้มาตรฐานใหม่นี้แทนฉบับเดิมเพื่อกำกับดูแลการจ่ายไฟฟ้า อ้างอิงข้อ 3

[L1]: [Direct Duty] ผู้รับเหมาติดตั้งระบบไฟฟ้าต้องปฏิบัติตามมาตรฐานการติดตั้งทางไฟฟ้าสำหรับประเทศไทย พ.ศ. 2564 อย่างเคร่งครัดในการทำงาน อ้างอิงข้อ 3

[AC1]: [Direct Duty] ผู้ประกอบการก่อสร้างอาคารต้องควบคุมการเดินสายและติดตั้งระบบประกอบอาคารให้เป็นไปตามมาตรฐานการไฟฟ้านครหลวงฉบับใหม่ อ้างอิงข้อ 3

[AC5]: [Direct Duty] วิศวกรไฟฟ้าผู้ออกแบบและเซ็นรับรองระบบไฟฟ้า ต้องอ้างอิงและออกแบบตามมาตรฐาน วสท. ๐๒๒๐๐๑-๒๒ เพื่อให้สามารถเชื่อมต่อไฟกับ กฟน. ได้ อ้างอิงข้อ 3

[BB12]: [Direct Duty] ผู้ให้บริการซ่อมบำรุงและดูแลระบบประกอบอาคาร ต้องใช้อ้างอิงมาตรฐานดังกล่าวในการตรวจสอบและเปลี่ยนอุปกรณ์ไฟฟ้า อ้างอิงข้อ 3

[CF3]: [Direct Duty] กฎหมายและมาตรฐานทางไฟฟ้าเป็นส่วนสำคัญของข้อกำหนดความปลอดภัยที่เชื่อมโยงกับกฎหมายควบคุมอาคารในการพิจารณาอนุญาตใช้อาคารและตรวจสอบความปลอดภัยด้านอัคคีภัย อ้างอิงข้อ 3",100%,ยกเลิกระเบียบการไฟฟ้านครหลวง ว่าด้วยการให้ใช้มาตรฐานการติดตั้งทางไฟฟ้าสำหรับประเทศไทย พ.ศ. ๒๕๕๖ พ.ศ. ๒๕๕๗
98,100098,ระเบียบองค์การบริหารส่วนจังหวัดพัทลุง ว่าด้วยข้อมูลข่าวสารของราชการ พ.ศ. ๒๕๖๔,https://ratchakitcha.soc.go.th/documents/17222685.pdf,บังคับใช้,,,,7,กันยายน,2565,8 กันยายน 2565,-,ระเบียบ,"พระราชบัญญัติข้อมูลข่าวสารของราชการ พ.ศ. 2540 มาตรา 9, ประกาศคณะกรรมการข้อมูลข่าวสารของราชการ ลงวันที่ 24 กุมภาพันธ์ พ.ศ. 2541 เรื่อง หลักเกณฑ์และวิธีการเกี่ยวกับการจัดให้มีข้อมูลข่าวสารของราชการไว้ให้ประชาชนเข้าตรวจดู ข้อ 4, พระราชกฤษฎีกาว่าด้วยหลักเกณฑ์ และวิธีการบริหารกิจการบ้านเมืองที่ดี พ.ศ. 2546 มาตรา 38","{""suggested_new_agency"": ""องค์การบริหารส่วนจังหวัดพัทลุง""}",องค์การบริหารส่วนจังหวัด พัทลุง,เมืองพัทลุง,พัทลุง,กำหนดหลักเกณฑ์และวิธีการบริหารจัดการระบบข้อมูลข่าวสารของราชการภายในองค์การบริหารส่วนจังหวัดพัทลุง โดยให้จัดตั้งศูนย์ข้อมูลข่าวสารเพื่อให้บริการประชาชนในการเข้าตรวจดู ค้นคว้า หรือขอทำสำเนาข้อมูลข่าวสารของทางราชการได้อย่างเป็นระบบและรวดเร็ว,ประชาชนหรือนิติบุคคลที่ต้องการขอข้อมูลหรือทำสำเนาข้อมูลข่าวสารของทางราชการ ให้ยื่นคำขอเป็นหนังสือต่อเจ้าหน้าที่ ณ ศูนย์ข้อมูลข่าวสารขององค์การบริหารส่วนจังหวัดพัทลุง และชำระค่าธรรมเนียมในการทำสำเนาตามระเบียบที่ทางราชการกำหนดไว้,🔵 ฟ้า (ระเบียบภาครัฐ),-,แบบคำขอข้อมูลข่าวสารขององค์การบริหารส่วนจังหวัดพัทลุง,ราชกิจจานุเบกษา เล่ม 139 ตอนพิเศษ 209 ง หน้า 13-18,"1) คู่มือการปฏิบัติตามพระราชบัญญัติข้อมูลข่าวสารของราชการ พ.ศ. 2540

2) แบบคำขอข้อมูลข่าวสารขององค์การบริหารส่วนจังหวัดพัทลุง"," https://www.senate.go.th/assets/portals/1/files/manual2540.pdf
",ประชาชนทั่วไป และส่วนราชการในสังกัดองค์การบริหารส่วนจังหวัดพัทลุง,"จัดตั้งศูนย์ข้อมูลข่าวสาร, บริการข้อมูลข่าวสาร, ขออนุญาต, เปิดเผยข้อมูล, เรียกเก็บค่าธรรมเนียม","ข้อมูลข่าวสารของราชการ, ข้อมูลข่าวสารส่วนบุคคล, สำเนาเอกสาร","ระเบียบองค์การบริหารส่วนจังหวัด, ข้อมูลข่าวสารของทางราชการ, พระราชบัญญัติข้อมูลข่าวสาร, คณะกรรมการข้อมูลข่าวสาร",-,CC19,[CC19]: ตามหมวด ๓ และหมวด ๔ (ข้อ ๑๒ ถึง ๒๑) บังคับให้อบจ.พัทลุงต้องจัดตั้งศูนย์ข้อมูลข่าวสาร จัดระบบการเข้าถึง และกำหนดขั้นตอนการพิจารณาอนุญาตเปิดเผยข้อมูลข่าวสารแก่ประชาชนโดยตรง,100%,
99,100099,ระเบียบองค์การบริหารส่วนจังหวัดพัทลุง ว่าด้วยการรักษาความเป็นระเบียบเรียบร้อยและความปลอดภัยในการให้ประชาชนเข้าตรวจดูข้อมูลข่าวสาร พ.ศ. ๒๕๖๔,https://ratchakitcha.soc.go.th/documents/17222686.pdf,บังคับใช้,,,,7,กันยายน,2565,7 กันยายน 2565,-,ระเบียบ,"พระราชบัญญัติข้อมูลข่าวสารของราชการ พ.ศ. 2540 มาตรา 9, ประกาศคณะกรรมการข้อมูลข่าวสารของราชการ เรื่อง หลักเกณฑ์และวิธีการเกี่ยวกับการจัดให้มีข้อมูลข่าวสารของราชการไว้ให้ประชาชนเข้าตรวจดู ข้อ 4","{""suggested_new_agency"": ""องค์การบริหารส่วนจังหวัดพัทลุง""}",องค์การบริหารส่วนจังหวัด พัทลุง,เมืองพัทลุง,พัทลุง,กำหนดระเบียบและข้อปฏิบัติสำหรับการใช้บริการศูนย์ข้อมูลข่าวสารขององค์การบริหารส่วนจังหวัดพัทลุง เพื่อให้ประชาชนสามารถเข้าตรวจดู ศึกษา และค้นคว้าข้อมูลข่าวสารของราชการได้ด้วยความเรียบร้อยและปลอดภัย,ประชาชนที่ต้องการเข้าใช้บริการศูนย์ข้อมูลข่าวสารต้องแต่งกายสุภาพ ลงทะเบียนก่อนเข้าใช้ ห้ามนำอาวุธ อาหาร เครื่องดื่ม หรือสัตว์เลี้ยงเข้าไปในศูนย์ รวมทั้งห้ามนำเอกสารออกนอกศูนย์เว้นแต่ได้รับอนุญาต หากประมาทเลินเล่อหรือจงใจทำให้ข้อมูลชำรุดเสียหายจะต้องรับผิดชอบชดใช้ค่าเสียหาย,🟠 ส้ม (โทษทางปกครอง/แพ่ง),โทษทางปกครอง / โทษทางแพ่ง,ไม่มี,ราชกิจจานุเบกษา เล่ม 139 ตอนพิเศษ 209 ง หน้า 19-20,"คู่มือการให้บริการข้อมูลข่าวสารของราชการตาม พ.ร.บ.ข้อมูลข่าวสารของราชการ พ.ศ. 2540

"," https://www.senate.go.th/assets/portals/1/files/manual2540.pdf
",ประชาชนทั่วไปที่ขอเข้าตรวจดูข้อมูลข่าวสาร ณ ศูนย์ข้อมูลข่าวสารขององค์การบริหารส่วนจังหวัดพัทลุง,"เข้าตรวจดู, ศึกษา, ค้นคว้า, รักษาความสงบเรียบร้อย","ข้อมูลข่าวสารของราชการ, ศูนย์ข้อมูลข่าวสาร","ระเบียบองค์การบริหารส่วนจังหวัด, พระราชบัญญัติข้อมูลข่าวสารของราชการ, ตรวจดูข้อมูลข่าวสาร",-,CC19,[CC19]: ระเบียบฉบับนี้กำหนดแนวทางปฏิบัติและข้อห้าม (เช่น การแต่งกาย การห้ามนำอาหาร อาวุธ และสัตว์เลี้ยงเข้าสถานที่ รวมถึงการลงทะเบียน) สำหรับประชาชนทั่วไปที่เข้ามาติดต่อขอตรวจดู ศึกษา และค้นคว้าข้อมูลข่าวสารของราชการ ณ ศูนย์ข้อมูลข่าวสารขององค์การบริหารส่วนจังหวัดพัทลุง ซึ่งเป็นการกำหนดระเบียบสถานที่เพื่อรองรับการเข้าถึงข้อมูลข่าวสารตาม พ.ร.บ. ข้อมูลข่าวสารของราชการ พ.ศ. ๒๕๔๐,100%,
100,100100,ระเบียบกรมป้องกันและบรรเทาสาธารณภัย ว่าด้วยเสื้อปฏิบัติการนอกเครื่องแบบ พ.ศ. ๒๕๖๔,https://ratchakitcha.soc.go.th/documents/17220436.pdf,บังคับใช้,,,,31,สิงหาคม,2565,1 กันยายน 2565,-,ระเบียบ,"พระราชบัญญัติระเบียบบริหารราชการแผ่นดิน พ.ศ. 2534 มาตรา 32, กฎกระทรวงแบ่งส่วนราชการกรมป้องกันและบรรเทาสาธารณภัย กระทรวงมหาดไทย พ.ศ. 2557 ข้อ 2, พระราชบัญญัติเครื่องหมายราชการ พุทธศักราช 2482 มาตรา 6, ประกาศสำนักนายกรัฐมนตรี เรื่อง กำหนดภาพเครื่องหมายราชการ ตามพระราชบัญญัติเครื่องหมายราชการ พุทธศักราช 2482",กรมป้องกันและบรรเทาสาธารณภัย (ปภ.),-,-,-,กำหนดลักษณะ รูปแบบ และเงื่อนไขการสวมเสื้อปฏิบัติการนอกเครื่องแบบของเจ้าหน้าที่กรมป้องกันและบรรเทาสาธารณภัย เพื่อให้การแสดงสังกัดเป็นไปอย่างถูกต้อง และป้องกันมิให้บุคคลที่ไม่มีอำนาจหน้าที่นำไปสวมใส่เพื่อแสวงหาประโยชน์โดยมิชอบ,บุคคลทั่วไปที่ไม่ได้เป็นเจ้าหน้าที่ที่มีอำนาจหน้าที่เกี่ยวข้อง ห้ามสวมใส่เสื้อปฏิบัติการนอกเครื่องแบบที่มีเครื่องหมายราชการของกรมป้องกันและบรรเทาสาธารณภัย เพื่อป้องกันการกระทำความผิดตามกฎหมาย,🔵 ฟ้า (ระเบียบภาครัฐ),-,ไม่มี,ราชกิจจานุเบกษา เล่ม 139 ตอนพิเศษ 204 ง หน้า 1-5,-,-,เจ้าหน้าที่กรมป้องกันและบรรเทาสาธารณภัย (ข้าราชการ พนักงานราชการ และลูกจ้างประจำ),"สวมใส่, ปฏิบัติราชการ, แสดงสังกัด","เสื้อปฏิบัติการนอกเครื่องแบบ, เครื่องแต่งกายเจ้าหน้าที่, เครื่องหมายราชการ","ระเบียบกรมป้องกันและบรรเทาสาธารณภัย, เสื้อปฏิบัติการนอกเครื่องแบบ, เครื่องหมายราชการ",-,CC6,[CC6]: ระเบียบฉบับนี้กำหนดมาตรฐาน ลักษณะ รูปแบบ และเงื่อนไขการสวมใส่เสื้อปฏิบัติการนอกเครื่องแบบ ซึ่งบังคับใช้กับเจ้าหน้าที่ (ข้าราชการ พนักงานราชการ และลูกจ้างประจำ) สังกัดกรมป้องกันและบรรเทาสาธารณภัยโดยตรง เพื่อใช้ในการปฏิบัติราชการและป้องกันการแอบอ้าง,100%,
101,100101,ระเบียบสถาบันพัฒนาองค์กรชุมชน (องค์การมหาชน) ว่าด้วยหลักเกณฑ์การสรรหา การแต่งตั้ง การถอดถอน การปฏิบัติงานและการประเมินผลการปฏิบัติงานของผู้อำนวยการสถาบันพัฒนาองค์กรชุมชน พ.ศ. ๒๕๖๔,https://ratchakitcha.soc.go.th/documents/17219228.pdf,บังคับใช้,,,,25,กรกฎาคม,2565,26 กรกฎาคม 2565,-,ระเบียบ,"พระราชกฤษฎีกาจัดตั้งสถาบันพัฒนาองค์กรชุมชน (องค์การมหาชน) พ.ศ. 2543 มาตรา 20 (3) (ข), พระราชกฤษฎีกาจัดตั้งสถาบันพัฒนาองค์กรชุมชน (องค์การมหาชน) พ.ศ. 2543 มาตรา 24","สถาบันพัฒนาองค์กรชุมชน (องค์การมหาชน) (พอช.), กระทรวงการพัฒนาสังคมและความมั่นคงของมนุษย์",-,-,-,กำหนดหลักเกณฑ์ ขั้นตอน และวิธีการในการสรรหา แต่งตั้ง ถอดถอน รวมถึงการประเมินผลการปฏิบัติงานและกำหนดค่าตอบแทนของผู้อำนวยการสถาบันพัฒนาองค์กรชุมชน โดยให้มีการตั้งคณะอนุกรรมการสรรหาและประเมินผลเพื่อดำเนินการให้เป็นไปด้วยความโปร่งใสและตรวจสอบได้,คณะกรรมการสถาบันและคณะอนุกรรมการที่เกี่ยวข้องต้องดำเนินการสรรหาและประเมินผลผู้อำนวยการตามขั้นตอน ระยะเวลา และหลักเกณฑ์ที่ระบุไว้ในระเบียบนี้ ส่วนผู้ที่สนใจเข้ารับการสรรหาต้องตรวจสอบและปฏิบัติตามเงื่อนไขคุณสมบัติที่คณะอนุกรรมการประกาศกำหนด,🔵 ฟ้า (ระเบียบภาครัฐ),-,ไม่มี,ราชกิจจานุเบกษา เล่ม 139 ตอนพิเศษ 173 ง หน้า 19-25,-,-,"ผู้อำนวยการสถาบันพัฒนาองค์กรชุมชน (องค์การมหาชน), คณะกรรมการสถาบันพัฒนาองค์กรชุมชน","สรรหา, แต่งตั้ง, ถอดถอน, ประเมินผลการปฏิบัติงาน","ผู้อำนวยการ, องค์การมหาชน","ระเบียบสถาบันพัฒนาองค์กรชุมชน, องค์การมหาชน, คณะกรรมการพัฒนาและส่งเสริมองค์การมหาชน",-,CC28,"[CC28]: ระเบียบฉบับนี้กำหนดหลักเกณฑ์และกระบวนการภายในสำหรับการสรรหา แต่งตั้ง ทำสัญญาจ้าง ถอดถอน และประเมินผลการปฏิบัติงานของผู้อำนวยการ ""สถาบันพัฒนาองค์กรชุมชน"" ซึ่งมีสถานะเป็นองค์การมหาชนโดยตรง จึงถือเป็นระเบียบการบริหารบุคคลและกิจการขององค์การมหาชน",100%,
102,100102,ระเบียบกองทุนประกันชีวิต ว่าด้วยการขอรับและการจ่ายจำนวนเงินตามกรมธรรม์ประกันภัยที่ล่วงพ้นอายุความ พ.ศ. ๒๕๖๔,https://ratchakitcha.soc.go.th/documents/17205620.pdf,บังคับใช้,," ระเบียบกองทุนประกันชีวิต ว่าด้วยการขอรับและการจ่ายจำนวนเงินตามกรมธรรม์
ประกันภัยที่ล่วงพ้นอายุความ พ.ศ. ๒๕๕๖, ระเบียบกองทุนประกันชีวิต ว่าด้วยการขอรับและการจ่ายจำนวนเงินตามกรมธรรม์ประกันภัยที่ล่วงพ้นอายุความ (ฉบับที่ ๒) พ.ศ. ๒๕๖๒",,3,พฤษภาคม,2565,3 พฤษภาคม 2565,-,ระเบียบ,"พระราชบัญญัติประกันชีวิต พ.ศ. 2535 มาตรา 86/3 (2), พระราชบัญญัติประกันชีวิต พ.ศ. 2535 มาตรา 86/3 (6)",คณะกรรมการบริหารกองทุนประกันชีวิต,-,-,-,กำหนดหลักเกณฑ์และวิธีการในการขอรับและการจ่ายเงินตามกรมธรรม์ประกันชีวิตที่ล่วงพ้นอายุความ ซึ่งบริษัทประกันได้นำส่งเข้ากองทุนประกันชีวิตแล้ว โดยผู้มีสิทธิสามารถยื่นคำขอรับเงินคืนได้ภายใน 10 ปี พร้อมเพิ่มช่องทางการยื่นคำขอผ่านระบบอิเล็กทรอนิกส์เพื่อความสะดวกยิ่งขึ้น,ผู้เอาประกันภัย ผู้รับประโยชน์ หรือทายาทที่มีสิทธิ สามารถตรวจสอบและยื่นคำขอรับเงินตามกรมธรรม์ที่ล่วงพ้นอายุความได้ภายใน 10 ปี โดยยื่นด้วยตนเองที่สำนักงานหรือผ่านเว็บไซต์ของกองทุนประกันชีวิต พร้อมแนบเอกสารหลักฐานให้ครบถ้วนตามที่กำหนด,🟡 เหลือง (เสียสิทธิ/นิติกรรม),เสียสิทธิประโยชน์ / ผลทางนิติกรรม,แบบคำขอรับจำนวนเงินตามกรมธรรม์ประกันภัยที่ล่วงพ้นอายุความ,ราชกิจจานุเบกษา เล่ม 139 ตอนพิเศษ 101 ง หน้า 16-18,"คู่มือการใช้งานระบบตรวจสอบสิทธิและขอรับเงินตามกรมธรรม์ประกันภัยที่ล่วงพ้นอายุความ (www.lifeif.or.th)
",ศึกษาข้อมูลเพิ่มเติมได้ที่คู่มือให้บริการประชาชนในส่วนระบบเงินกรมธรรม์ล่วงพ้นอายุความ ปี 2568 https://lifeif.or.th/news-video/241727081911?p=1&type=&year=&month=,"ผู้เอาประกันภัย, ผู้รับประโยชน์, ทายาท, ผู้รับมอบอำนาจ และบริษัทประกันชีวิต","ขอรับเงิน, จ่ายเงิน",กรมธรรม์ประกันภัย,"กองทุนประกันชีวิต, ล่วงพ้นอายุความ, พระราชบัญญัติประกันชีวิต",AL1,-,"[AL1]: ระเบียบฉบับนี้กำหนดหลักเกณฑ์ แบบฟอร์ม และวิธีการสำหรับผู้เอาประกันภัย ผู้รับประโยชน์ หรือทายาท ในการยื่นคำขอรับเงินตามกรมธรรม์ประกันภัยที่ล่วงพ้นอายุความคืนจาก ""กองทุนประกันชีวิต"" ซึ่งกองทุนดังกล่าวบริหารจัดการเงินที่ได้รับนำส่งมาจาก ""บริษัทประกันชีวิต"" ตามกฎหมายว่าด้วยการประกันชีวิต จึงเป็นระเบียบที่เกี่ยวข้องกับสิทธิประโยชน์และระบบนิเวศน์ของธุรกิจประกันชีวิตโดยตรง",100%,ยกเลิกระเบียบกองทุนประกันชีวิต ว่าด้วยการขอรับและการจ่ายจำนวนเงินตามกรมธรรม์ประกันภัยที่ล่วงพ้นอายุความ พ.ศ. ๒๕๕๖ และ (ฉบับที่ ๒) พ.ศ. ๒๕๖๒
103,100103,ระเบียบกรมอุทยานแห่งชาติ สัตว์ป่า และพันธุ์พืช ว่าด้วยการแบ่งปันคาร์บอนเครดิตที่ได้จากการปลูก บำรุง อนุรักษ์  และฟื้นฟูป่าในพื้นที่ป่าอนุรักษ์ พ.ศ. ๒๕๖๔,https://ratchakitcha.soc.go.th/documents/17204193.pdf,บังคับใช้,,,,20,เมษายน,2565,21 เมษายน 2565,-,ระเบียบ,พระราชบัญญัติระเบียบบริหารราชการแผ่นดิน พ.ศ. 2534 มาตรา 32,"กรมอุทยานแห่งชาติ สัตว์ป่า และพันธุ์พืช, กระทรวงทรัพยากรธรรมชาติและสิ่งแวดล้อม",-,-,-,กำหนดหลักเกณฑ์และวิธีการสำหรับองค์กรหรือบุคคลภายนอกที่ต้องการร่วมพัฒนาโครงการลดก๊าซเรือนกระจกภาคสมัครใจ (T-VER) ผ่านการปลูกและฟื้นฟูป่าในพื้นที่ป่าอนุรักษ์ โดยต้องทำข้อตกลงแบ่งปันคาร์บอนเครดิตที่ได้รับการรับรองให้กรมอุทยานฯ ไม่น้อยกว่าร้อยละ 10,ผู้ที่ประสงค์จะเข้าร่วมโครงการ T-VER ในพื้นที่ป่าอนุรักษ์ จะต้องได้รับอนุญาตให้เข้าร่วมโครงการปลูกป่าก่อน จากนั้นจึงยื่นข้อเสนอโครงการให้กรมอุทยานฯ เห็นชอบ โดยต้องเป็นผู้รับผิดชอบค่าใช้จ่ายในการดำเนินโครงการทั้งหมด และต้องจัดทำข้อตกลงการแบ่งปันคาร์บอนเครดิตร่วมกับกรมอุทยานฯ,⚪️ เทา (Amendment / No Impact),-,"1) แบบคำขอเข้าร่วมโครงการลดก๊าซเรือนกระจกภาคสมัครใจตามมาตรฐานของประเทศไทย (T-VER) ที่ได้จากการปลูก บำรุง อนุรักษ์ และฟื้นฟูป่าในพื้นที่ป่าอนุรักษ์

2) หนังสืออนุญาตให้เข้าร่วมโครงการปลูกฟื้นฟูป่า",ราชกิจจานุเบกษา เล่ม 139 ตอนพิเศษ 91 ง หน้า 11-14,"1) ระเบียบคณะกรรมการองค์การบริหารจัดการก๊าซเรือนกระจก ว่าด้วยหลักเกณฑ์การพิจารณาโครงการลดก๊าซเรือนกระจกภาคสมัครใจตามมาตรฐานของประเทศไทย (T-VER) พ.ศ. 2563

2) แบบคำขอเข้าร่วมโครงการ T-VER ของกรมอุทยานแห่งชาติ สัตว์ป่า และพันธุ์พืช",-,บุคคล นิติบุคคล คณะบุคคล หน่วยงานเอกชน หรือหน่วยงานของรัฐ ที่ยื่นคำขอเข้าร่วมพัฒนาโครงการ T-VER กับกรมอุทยานแห่งชาติ สัตว์ป่า และพันธุ์พืช,"ปลูกป่า, บำรุงป่า, อนุรักษ์ป่า, ฟื้นฟูป่า, เข้าร่วมโครงการลดก๊าซเรือนกระจก, แบ่งปันคาร์บอนเครดิต","คาร์บอนเครดิต, พื้นที่ป่าอนุรักษ์","โครงการ T-VER, ก๊าซเรือนกระจก, แบ่งปันคาร์บอนเครดิต, ป่าอนุรักษ์, อุทยานแห่งชาติ",A2,"BA3, CD6","[A2]: ข้อ 6 บังคับใช้โดยตรงกับบุคคล นิติบุคคล หรือหน่วยงานเอกชน ที่ได้รับอนุญาตให้เข้าร่วมโครงการปลูก บำรุง อนุรักษ์ และฟื้นฟูป่า

[BA3]: ข้อ 4, 7, 11 และ 13 กำหนดหลักเกณฑ์การยื่นเอกสารข้อเสนอโครงการ T-VER การรับรองปริมาณก๊าซเรือนกระจก และการจัดทำข้อตกลงแบ่งปันคาร์บอนเครดิต ซึ่งเป็นข้อปฏิบัติหลักของผู้พัฒนาและผู้ประเมินโครงการ

[CD6]: ข้อ 4 และ 6 ระบุเงื่อนไขพื้นที่ดำเนินโครงการอย่างชัดเจนว่าต้องเป็นพื้นที่ป่าอนุรักษ์ อุทยานแห่งชาติ วนอุทยาน หรือเขตรักษาพันธุ์สัตว์ป่า",100%,-
104,100104,ระเบียบกรมการขนส่งทางบก ว่าด้วยการศึกษาอบรมและทดสอบผู้ขอรับใบอนุญาตปฏิบัติหน้าที่เป็นผู้ประจำรถ (ฉบับที่ ๓) พ.ศ. ๒๕๖๔,https://ratchakitcha.soc.go.th/documents/17202660.pdf,บังคับใช้,,,"ระเบียบกรมการขนส่งทางบก
ว่าด้วยการศึกษาอบรมและทดสอบผู้ขอรับใบอนุญาตปฏิบัติหน้าที่เป็นผู้ประจำรถ พ.ศ. 2547
ซึ่งแก้ไขเพิ่มเติมโดยระเบียบกรมการขนส่งทางบกว่าด้วยการศึกษาอบรมและทดสอบผู้ขอรับใบอนุญาต
ปฏิบัติหน้าที่เป็นผู้ประจำรถ (ฉบับที่ 2) พ.ศ. 2564",1,เมษายน,2565,4 มกราคม 2565,-,ระเบียบ,ระเบียบกรมการขนส่งทางบกว่าด้วยการศึกษาอบรมและทดสอบผู้ขอรับใบอนุญาตปฏิบัติหน้าที่เป็นผู้ประจำรถ,"กรมการขนส่งทางบก, กระทรวงคมนาคม",-,-,-,ผ่อนปรนหลักเกณฑ์การทดสอบสมรรถภาพร่างกายสำหรับผู้ขอต่ออายุใบอนุญาตเป็นผู้ขับรถทุกประเภท เนื่องจากสถานการณ์โรคติดเชื้อโควิด-19 โดยผู้ที่มาดำเนินการตั้งแต่ 4 มกราคม 2565 ถึง 30 มิถุนายน 2565 ให้ทดสอบเฉพาะความสามารถในการใช้เบรกเท้าและทดสอบสายตาบอดสี,ผู้ขอต่ออายุใบอนุญาตปฏิบัติหน้าที่เป็นผู้ประจำรถหรือผู้ขับรถทุกประเภท ให้เตรียมความพร้อมเข้ารับการทดสอบสมรรถภาพร่างกายเฉพาะส่วนที่เกี่ยวกับการใช้เบรกเท้าและสายตาบอดสี,⚪️ เทา,-,ใบอนุญาตปฏิบัติหน้าที่เป็นผู้ประจำรถ,ราชกิจจานุเบกษา เล่ม ๑๓๙ ตอนพิเศษ ๗๗ ง หน้า ๑,-,-,ผู้ขอต่ออายุใบอนุญาตเป็นผู้ขับรถทุกประเภทและทุกชนิด,"ต่ออายุใบอนุญาต, ทดสอบสมรรถภาพของร่างกาย, ศึกษาอบรมและทดสอบ","ใบอนุญาตปฏิบัติหน้าที่เป็นผู้ประจำรถ, ใบอนุญาตเป็นผู้ขับรถ","กรมการขนส่งทางบก, ผู้ประจำรถ, ทดสอบความสามารถ, เบรกเท้า, สายตาบอดสี","BC3, BC5, H3, AT12",-,"[BC3]: ข้อ 3 ผ่อนปรนหลักเกณฑ์การทดสอบสมรรถภาพสำหรับผู้ขอต่ออายุใบอนุญาตเป็นผู้ขับรถทุกประเภท ซึ่งเป็นใบอนุญาตบังคับสำหรับพนักงานขับรถบรรทุกและขนส่งสินค้า


[BC5]: ข้อ 3 บังคับใช้กับผู้ขอต่ออายุใบอนุญาตเป็นผู้ขับรถทุกประเภท ซึ่งส่งผลโดยตรงต่อผู้ปฏิบัติหน้าที่ขับรถรับจ้าง รถตู้ และรถโดยสารสาธารณะ


[H3]: พนักงานขับรถบรรทุกน้ำมันและก๊าซต้องดำเนินการต่ออายุใบอนุญาตผู้ประจำรถ โดยจะได้รับการผ่อนปรนการทดสอบสมรรถภาพตามข้อ 3


[AT12]: ผู้ให้บริการโลจิสติกส์ขนส่งสินค้าควบคุมต้องใช้พนักงานขับรถที่มีใบอนุญาตผู้ขับรถ ซึ่งได้รับสิทธิผ่อนปรนตามข้อ 3",100%,ยกเลิกความในบทเฉพาะกาลข้อ 34 ของระเบียบกรมการขนส่งทางบกว่าด้วยการศึกษาอบรมและทดสอบผู้ขอรับใบอนุญาตปฏิบัติหน้าที่เป็นผู้ประจำรถ พ.ศ. 2547 (แก้ไขเพิ่มเติมฉบับที่ 2 พ.ศ. 2564) และบังคับใช้เฉพาะผู้ที่มาดำเนินการตั้งแต่วันที่ 4 ม.ค. 2565 ถึง 30 มิ.ย. 2565
105,100105,ระเบียบกรมการขนส่งทางบก ว่าด้วยหลักเกณฑ์และวิธีการต่ออายุ การแก้ไขรายการ และการออกใบแทนใบอนุญาตเป็นผู้ประจำรถ (ฉบับที่ ๕) พ.ศ. ๒๕๖๔,https://ratchakitcha.soc.go.th/documents/17202661.pdf,บังคับใช้,,,ระเบียบกรมการขนส่งทางบกว่าด้วยหลักเกณฑ์และวิธีการต่ออายุ การแก้ไขรายการ และการออกใบแทนใบอนุญาตเป็นผู้ประจำรถ พ.ศ. ๒๕๖๔ (ข้อ ๒๐),1,เมษายน,2565,4 มกราคม 2565,-,ระเบียบ,ระเบียบกรมการขนส่งทางบกว่าด้วยหลักเกณฑ์และวิธีการต่ออายุ การแก้ไขรายการ และการออกใบแทนใบอนุญาตเป็นผู้ประจำรถ,"กรมการขนส่งทางบก, กระทรวงคมนาคม",-,-,-,ผ่อนปรนหลักเกณฑ์การต่ออายุใบอนุญาตเป็นผู้ประจำรถเนื่องจากสถานการณ์โควิด-19 โดยกำหนดให้การต่ออายุใบอนุญาตเป็นผู้ขับรถที่สิ้นอายุเกินกว่าสามปี เฉพาะที่สิ้นอายุในช่วงวันที่ 10 เมษายน 2560 ถึงวันที่ 9 เมษายน 2561 ที่มาดำเนินการระหว่างวันที่ 4 มกราคม 2565 ถึงวันที่ 30 มิถุนายน 2565 ได้รับการยกเว้นการทดสอบขับรถ,ผู้ประจำรถที่มีใบอนุญาตขับรถซึ่งสิ้นอายุเกินกว่า 3 ปีตามเงื่อนไขช่วงเวลาที่กำหนด สามารถเข้าดำเนินการขอต่ออายุใบอนุญาตได้โดยจะได้รับการยกเว้นไม่ต้องทดสอบขับรถ หากเข้าดำเนินการภายในวันที่ 30 มิถุนายน 2565,⚪️ เทา,-,ใบอนุญาตเป็นผู้ประจำรถ,ราชกิจจานุเบกษา เล่ม ๑๓๙ ตอนพิเศษ ๗๗ ง หน้า ๒,"คู่มือหลักเกณฑ์การต่ออายุใบอนุญาตเป็นผู้ประจำรถ กรมการขนส่งทางบก, แบบคำขอต่ออายุใบอนุญาตเป็นผู้ขับรถ",,ผู้ขอต่ออายุใบอนุญาตเป็นผู้ขับรถที่สิ้นอายุเกินกว่าสามปี เฉพาะที่สิ้นอายุในช่วงวันที่ ๑๐ เมษายน ๒๕๖๐ ถึงวันที่ ๙ เมษายน ๒๕๖๑ ที่มาดำเนินการระหว่างวันที่ ๔ มกราคม ๒๕๖๕ ถึงวันที่ ๓๐ มิถุนายน ๒๕๖๕,"ต่ออายุใบอนุญาต, ยกเว้นการทดสอบขับรถ, ออกใบแทนใบอนุญาต, แก้ไขรายการใบอนุญาต","ใบอนุญาตเป็นผู้ประจำรถ, ใบอนุญาตเป็นผู้ขับรถ","กรมการขนส่งทางบก, ผู้ประจำรถ, ใบอนุญาตขับรถ, ยกเว้นทดสอบขับรถ","BC3, BC5, H3, AT12",-,"[BC3]: ข้อ 3 กำหนดหลักเกณฑ์ผ่อนปรนการต่ออายุใบอนุญาตเป็นผู้ขับรถที่สิ้นอายุเกินกว่า 3 ปี ซึ่งเป็นใบอนุญาตบังคับสำหรับพนักงานขับรถบรรทุกและขนส่งสินค้า


[BC5]: ข้อ 3 ให้สิทธิยกเว้นการทดสอบขับรถแก่ผู้ขอต่ออายุใบอนุญาตเป็นผู้ขับรถที่สิ้นอายุตามเงื่อนไข ซึ่งส่งผลโดยตรงต่อผู้ปฏิบัติหน้าที่ขับรถรับจ้าง รถตู้ และรถโดยสารสาธารณะ


[H3]: พนักงานขับรถบรรทุกน้ำมันและก๊าซต้องดำเนินการต่ออายุใบอนุญาตผู้ประจำรถ โดยจะได้รับสิทธิผ่อนปรนการทดสอบขับรถตามข้อ 3


[AT12]: ผู้ให้บริการโลจิสติกส์ขนส่งสินค้าควบคุมต้องใช้พนักงานขับรถที่มีใบอนุญาตผู้ขับรถ ซึ่งได้รับสิทธิผ่อนปรนตามข้อ 3",100%,ยกเลิกความในข้อ 20 ของระเบียบกรมการขนส่งทางบกว่าด้วยหลักเกณฑ์และวิธีการต่ออายุ การแก้ไขรายการ และการออกใบแทนใบอนุญาตเป็นผู้ประจำรถ พ.ศ. 2564 (แก้ไขเพิ่มเติมฉบับที่ 4) และบังคับใช้เฉพาะผู้ที่มีใบอนุญาตสิ้นอายุช่วง 10 เม.ย. 2560 ถึง 9 เม.ย. 2561 ที่มาดำเนินการระหว่าง 4 ม.ค. 2565 ถึง 30 มิ.ย. 2565
106,100106,ระเบียบกรมการขนส่งทางบก ว่าด้วยหลักเกณฑ์ วิธีการ และเงื่อนไขในการอบรมและทดสอบผู้ขอรับใบอนุญาตขับรถ  ผู้ขอต่ออายุใบอนุญาตขับรถ และผู้ขอรับบัตรประจำตัวคนขับรถตามกฎหมายว่าด้วยรถยนต์ (ฉบับที่ ๑๒) พ.ศ. ๒๕๖๔,https://ratchakitcha.soc.go.th/documents/17202662.pdf,บังคับใช้,,,"ระเบียบกรมการขนส่งทางบกว่าด้วยหลักเกณฑ์ วิธีการ และเงื่อนไขในการอบรมและทดสอบผู้ขอรับใบอนุญาตขับรถ ผู้ขอต่ออายุใบอนุญาตขับรถ และผู้ขอรับบัตรประจำตัวคนขับรถตามกฎหมายว่าด้วยรถยนต์ พ.ศ. ๒๕๕๔ (บทเฉพาะกาลข้อ ๓๗, บทเฉพาะกาลข้อ ๓๘, บทเฉพาะกาลข้อ ๓๙)",1,เมษายน,2565,4 มกราคม 2565,-,ระเบียบ,ระเบียบกรมการขนส่งทางบกว่าด้วยหลักเกณฑ์ วิธีการ และเงื่อนไขในการอบรมและทดสอบผู้ขอรับใบอนุญาตขับรถ ผู้ขอต่ออายุใบอนุญาตขับรถ และผู้ขอรับบัตรประจำตัวคนขับรถตามกฎหมายว่าด้วยรถยนต์,"กรมการขนส่งทางบก, กระทรวงคมนาคม",-,-,-,ระเบียบนี้ออกมาเพื่อผ่อนปรนหลักเกณฑ์การดำเนินการด้านใบอนุญาตขับรถในช่วงสถานการณ์โควิด-19 โดยกำหนดยกเว้นการทดสอบข้อเขียน การทดสอบขับรถ การยกเว้นหรือลดเวลาการอบรม และการกำหนดทดสอบสมรรถภาพร่างกายเฉพาะการเบรกเท้าและการมองเห็นสี สำหรับผู้ขอรับหรือต่ออายุใบอนุญาตขับรถภายใต้เงื่อนไขวันสิ้นอายุใบอนุญาตเดิมที่กำหนด,ผู้ขอรับหรือต่ออายุใบอนุญาตขับรถควรตรวจสอบเงื่อนไขวันสิ้นอายุของใบอนุญาตตนเองว่าเข้าข่ายได้รับยกเว้นการอบรม การทดสอบข้อเขียน หรือทดสอบขับรถหรือไม่ และให้เตรียมพร้อมรับการทดสอบสมรรถภาพร่างกายเฉพาะการใช้เบรกเท้าและทดสอบการมองเห็นสี หากเข้าดำเนินการระหว่างวันที่ 4 มกราคม 2565 ถึงวันที่ 30 มิถุนายน 2565,⚪️ เทา,-,ใบอนุญาตขับรถ และบัตรประจำตัวคนขับรถตามกฎหมายว่าด้วยรถยนต์,ราชกิจจานุเบกษา เล่ม ๑๓๙ ตอนพิเศษ ๗๗ ง,"คู่มือการขอรับและต่ออายุใบอนุญาตขับรถ กรมการขนส่งทางบก, แบบคำขอรับ/ต่ออายุใบอนุญาตขับรถ",,ผู้ขอรับใบอนุญาตขับรถ ผู้ขอต่ออายุใบอนุญาตขับรถ และผู้ขอรับบัตรประจำตัวคนขับรถตามกฎหมายว่าด้วยรถยนต์,"อบรม, ทดสอบ, ขอรับใบอนุญาต, ต่ออายุใบอนุญาต, ยกเว้นการทดสอบ, ยกเว้นการอบรม, ทดสอบสมรรถภาพร่างกาย","ใบอนุญาตขับรถ, บัตรประจำตัวคนขับรถ, รถยนต์ส่วนบุคคล, รถยนต์สามล้อ, รถจักรยานยนต์, รถยนต์สาธารณะ, รถบดถนน, รถแทรกเตอร์, รถใช้งานเกษตรกรรม","กรมการขนส่งทางบก, ใบอนุญาตขับรถ, ยกเว้นการทดสอบข้อเขียน, ยกเว้นทดสอบขับรถ, การทดสอบสมรรถภาพร่างกาย","BC1, BC5",AL2,"[BC1]: ข้อ 3, 4, และ 5 กำหนดเงื่อนไขผ่อนปรนเกี่ยวกับการอบรมและทดสอบสำหรับผู้ขอรับและต่ออายุใบอนุญาตขับรถ ซึ่งเกี่ยวข้องโดยตรงกับธุรกิจรับตรวจสภาพและต่อทะเบียนที่ต้องให้บริการหรือประสานงานด้านนี้


[BC5]: ข้อ 3, 4, และ 5 บังคับใช้กับผู้ขอใบอนุญาตขับรถยนต์และรถจักรยานยนต์ทั้งส่วนบุคคลและสาธารณะ (เช่น แท็กซี่, วินมอเตอร์ไซค์) ซึ่งส่งผลโดยตรงต่อผู้ประกอบการรถรับจ้างและขนส่งผู้โดยสาร


[AL2]: เงื่อนไขการต่ออายุใบอนุญาตขับรถยนต์ (ข้อ 3, 4, 5) มีผลผูกพันในทางปฏิบัติต่อการประเมินความเสี่ยงและเงื่อนไขความคุ้มครองของกรมธรรม์ประกันภัยรถยนต์",100%,"ยกเลิกข้อ 37, 38 และ 39 ของระเบียบปี 2554 (ที่แก้ไขเพิ่มเติม) และกำหนดมาตรการผ่อนปรนการทดสอบ/อบรมระหว่างวันที่ 4 ม.ค. ถึง 30 มิ.ย. 2565 รวมถึงการขอรับใบอนุญาตขับรถยนต์สาธารณะถึง 31 ธ.ค. 2565"
107,100107,ระเบียบสำนักงานคณะกรรมการกำกับและส่งเสริมการประกอบธุรกิจประกันภัย ว่าด้วยการรับและพิจารณาเรื่องร้องเรียนเกี่ยวกับการฝ่าฝืนหรือไม่ปฏิบัติตามกฎหมายเกี่ยวกับการประกันภัย พ.ศ. ๒๕๖๔,https://ratchakitcha.soc.go.th/documents/17201729.pdf,บังคับใช้,,ระเบียบสำนักงานคณะกรรมการกำกับและส่งเสริมการประกอบธุรกิจประกันภัยว่าด้วยการดำเนินการเกี่ยวกับคดีฉ้อฉลประกันภัย พ.ศ. ๒๕๖๓ ,,22,มีนาคม,2565,22 มีนาคม 2565,-,ระเบียบ,"พระราชบัญญัติคณะกรรมการกำกับและส่งเสริมการประกอบธุรกิจประกันภัย พ.ศ. ๒๕๕๐ มาตรา ๒๐ (๑๑), พระราชบัญญัติคณะกรรมการกำกับและส่งเสริมการประกอบธุรกิจประกันภัย พ.ศ. ๒๕๕๐ มาตรา ๓๒ (๒)","สำนักงานคณะกรรมการกำกับและส่งเสริมการประกอบธุรกิจประกันภัย (คปภ.), กระทรวงการคลัง",-,-,-,กำหนดหลักเกณฑ์และแนวทางการรับและพิจารณาเรื่องร้องเรียนกรณีฝ่าฝืนหรือไม่ปฏิบัติตามกฎหมายการประกันภัย (เช่น คดีอาญา คดีปกครอง คดีฉ้อฉลประกันภัย) เพื่อให้การดำเนินงานของสำนักงานมีความโปร่งใสและมีประสิทธิภาพ โดยกำหนดช่องทางการยื่น ลักษณะของหนังสือร้องเรียน และขั้นตอนการดำเนินการตรวจสอบข้อเท็จจริงของเจ้าหน้าที่,ผู้ร้องเรียนต้องยื่นเรื่องร้องเรียนเป็นหนังสือที่ระบุรายละเอียดชัดเจน (เช่น ชื่อ-ที่อยู่ ข้อเท็จจริง พยานหลักฐาน) พร้อมลงลายมือชื่อ หากเอกสารเป็นภาษาต่างประเทศต้องแปลและรับรองความถูกต้อง และต้องรับรองสำเนาถูกต้องทุกหน้าในกรณีที่ยื่นเอกสารสำเนา สำหรับบริษัท ตัวแทน นายหน้า และผู้ประเมินวินาศภัย ต้องให้ความร่วมมือเข้าพบเพื่อชี้แจงข้อเท็จจริงหรือส่งเอกสารตามที่ได้รับหนังสือเรียกจากเจ้าหน้าที่,โทษเชื่อมโยงจากกฎหมายแม่,รอเชื่อมโยง: พระราชบัญญัติคณะกรรมการกำกับและส่งเสริมการประกอบธุรกิจประกันภัย พ.ศ. ๒๕๕๐ มาตรา ๒๐ (๑๑) และมาตรา ๓๒ (๒),ไม่มี,ราชกิจจานุเบกษา เล่ม ๑๓๙ ตอนพิเศษ ๖๗ ง หน้า ๑,"แบบฟอร์มการยื่นเรื่องร้องเรียนต่อสำนักงาน คปภ., คู่มือขั้นตอนการรับและพิจารณาเรื่องร้องเรียนของสำนักงาน คปภ.",ศึกษาข้อมูลเพิ่มเติมได้ที่  https://complaintportal.oic.or.th/,"ผู้ร้องเรียน, บริษัทประกันวินาศภัย, บริษัทประกันชีวิต, ตัวแทนประกันภัย, นายหน้าประกันภัย, ผู้ประเมินวินาศภัย, นักคณิตศาสตร์ประกันภัย","รับเรื่องร้องเรียน, ตรวจสอบข้อเท็จจริง, ไกล่เกลี่ยข้อพิพาท, เปรียบเทียบปรับ, ร้องทุกข์กล่าวโทษ","ประกันชีวิต, ประกันวินาศภัย","คปภ., การฝ่าฝืนกฎหมายเกี่ยวกับการประกันภัย, คดีอาญา, คดีปกครอง, คดีฉ้อฉลประกันภัย, คณะกรรมการเปรียบเทียบ","AL1, AL2, AL3, AL5","CA3, CA5","[AL1]: ข้อ 4 และ 13 กำหนดให้บริษัทประกันชีวิตเป็นกลุ่มเป้าหมายหลักที่ถูกตรวจสอบและบังคับใช้มาตรการทางกฎหมายหากมีเรื่องร้องเรียนเกี่ยวกับการฝ่าฝืนกฎหมาย


[AL2]: ข้อ 4 และ 13 กำหนดให้บริษัทประกันวินาศภัยเป็นผู้ถูกกล่าวหาและต้องเข้าสู่กระบวนการพิจารณาคดีอาญา คดีปกครอง หรือคดีฉ้อฉลประกันภัยได้


[AL3]: ข้อ 4 และ 13 ระบุครอบคลุมถึงตัวแทนประกันภัยและนายหน้าประกันภัย ที่อาจถูกร้องเรียนว่ากระทำการฝ่าฝืนกฎหมายและต้องเข้าชี้แจงข้อเท็จจริง


[AL5]: ข้อ 4 และ 13 ขยายขอบเขตการบังคับใช้กฎหมายไปยัง ""ผู้ประเมินวินาศภัย"" และ ""นักคณิตศาสตร์ประกันภัย"" ซึ่งเป็นผู้ให้บริการวิชาชีพสนับสนุนธุรกิจประกันภัย


[CA3]: ข้อ 11 อ้างอิงถึงกระบวนการระงับข้อพิพาทด้วยวิธีอนุญาโตตุลาการ (Arbitration) และข้อ 23(3) สั่งให้นำประมวลกฎหมายวิธีพิจารณาความอาญามาใช้ประสานงานกับพนักงานสอบสวน


[CA5]: ข้อ 19 กำหนดข้อบังคับชัดเจนว่า หากไม่มีระบุไว้เป็นการเฉพาะ ให้นำกฎหมายว่าด้วยวิธีปฏิบัติราชการทางปกครองมาใช้บังคับโดยอนุโลมสำหรับการพิจารณาคดีปกครองของสำนักงาน",100%,ยกเลิกระเบียบสำนักงาน คปภ. ว่าด้วยการดำเนินการเกี่ยวกับคดีฉ้อฉลประกันภัย พ.ศ. 2563 (ตามข้อ 3) และให้ใช้ระเบียบนี้บังคับย้อนหลังถึงเรื่องร้องเรียนที่ยื่นไว้ก่อนหน้า เท่าที่ไม่ขัดต่อกระบวนการที่ได้ดำเนินการไปแล้ว (ข้อ 28)
108,100108,ระเบียบคณะกรรมการกำกับกิจการพลังงาน ว่าด้วยการแบ่งส่วนงานสำนักงานคณะกรรมการกำกับกิจการพลังงาน พ.ศ. ๒๕๖๔,https://ratchakitcha.soc.go.th/documents/17199947.pdf,บังคับใช้,,ระเบียบคณะกรรมการกำกับกิจการพลังงาน ว่าด้วยการแบ่งส่วนงานสำนักงานคณะกรรมการกำกับกิจการพลังงาน พ.ศ. 2562,,4,มีนาคม,2565,1 ตุลาคม 2564,-,ระเบียบ,พระราชบัญญัติการประกอบกิจการพลังงาน พ.ศ. ๒๕๕๐ มาตรา ๓๓ (๑),"สำนักงานคณะกรรมการกำกับกิจการพลังงาน (กกพ.), กระทรวงพลังงาน",-,-,-,ปรับปรุงโครงสร้างการแบ่งส่วนงาน ฝ่ายงาน และขอบเขตอำนาจหน้าที่ของแต่ละหน่วยงานภายในสำนักงานคณะกรรมการกำกับกิจการพลังงานใหม่ เพื่อให้การบริหารจัดการและการกำกับดูแลกิจการพลังงานเป็นไปด้วยความเรียบร้อยและมีประสิทธิภาพ,ผู้ประกอบกิจการพลังงานและประชาชนผู้มีส่วนเกี่ยวข้อง ควรศึกษาบทบาทและอำนาจหน้าที่ของส่วนงานต่างๆ ภายในสำนักงานคณะกรรมการกำกับกิจการพลังงาน เพื่อให้สามารถติดต่อประสานงาน ยื่นขออนุญาต หรือร้องเรียนได้อย่างถูกต้องตรงตามภารกิจของฝ่ายที่รับผิดชอบ,⚪️ เทา,-,ไม่มี (เป็นระเบียบเกี่ยวกับการแบ่งส่วนงานภายในสำนักงานคณะกรรมการกำกับกิจการพลังงาน),ราชกิจจานุเบกษา เล่ม ๑๓๙ ตอนพิเศษ ๕๓ ง หน้า ๒,,,"พนักงานและลูกจ้างของสำนักงานคณะกรรมการกำกับกิจการพลังงาน, ผู้ประกอบกิจการพลังงาน","แบ่งส่วนงาน, กำหนดอำนาจหน้าที่, บริหารงานราชการ","สำนักงานคณะกรรมการกำกับกิจการพลังงาน, กองทุนพัฒนาไฟฟ้า","คณะกรรมการกำกับกิจการพลังงาน, กกพ., การแบ่งส่วนงานสำนักงาน, อำนาจหน้าที่",-,CC32,[CC32]: เนื้อหาของระเบียบฉบับนี้เป็นการกำหนดโครงสร้างการแบ่งส่วนงาน ฝ่าย และกำหนดอำนาจหน้าที่ภายในของสำนักงานคณะกรรมการกำกับกิจการพลังงาน (สกพ.) โดยตรง ซึ่งบังคับใช้กับเจ้าหน้าที่และโครงสร้างการบริหารงานของหน่วยงานรัฐ (ไม่มีเนื้อหาที่กำหนดข้อปฏิบัติ ข้อห้าม หรือบทลงโทษทางธุรกิจที่เอกชนต้องปฏิบัติตามในเอกสารฉบับนี้),100%,ยกเลิกระเบียบคณะกรรมการกำกับกิจการพลังงาน ว่าด้วยการแบ่งส่วนงานสำนักงานคณะกรรมการกำกับกิจการพลังงาน พ.ศ. 2562
109,100109,ระเบียบคณะกรรมการการแข่งขันทางการค้า ว่าด้วยการจ่ายค่าป่วยการ ค่าเช่าที่พัก และค่าเดินทาง ของพยานบุคคลและพยานผู้เชี่ยวชาญ (ฉบับที่ ๒) พ.ศ. ๒๕๖๔,https://ratchakitcha.soc.go.th/documents/17199316.pdf,บังคับใช้,,,"ยกเลิกบทนิยามคำว่า ""พยานผู้เชี่ยวชาญ"" ในข้อ 3 และยกเลิกบัญชีอัตราค่าป่วยการและค่าเช่าที่พักฯ แนบท้ายระเบียบเดิมปี พ.ศ. 2563",26,กุมภาพันธ์,2565,27 กุมภาพันธ์ 2565,-,ระเบียบ,พระราชบัญญัติการแข่งขันทางการค้า พ.ศ. ๒๕๖๐ มาตรา ๑๗ (๑๔),"สำนักงานคณะกรรมการการแข่งขันทางการค้า, หน่วยงานอิสระของรัฐ",-,-,-,"แก้ไขเพิ่มเติมระเบียบเดิมเพื่อปรับปรุงบทนิยามคำว่า ""พยานผู้เชี่ยวชาญ"" ให้ครอบคลุมผู้ทรงคุณวุฒิที่ให้ความเห็นประกอบการพิจารณาคดีทั้งทางอาญาและปกครอง และปรับปรุงบัญชีอัตราการจ่ายค่าป่วยการและค่าเช่าที่พักใหม่",พยานบุคคลและพยานผู้เชี่ยวชาญที่ได้รับหนังสือเรียกให้มาให้ถ้อยคำหรือความเห็นต่อคณะกรรมการการแข่งขันทางการค้า จะได้รับสิทธิค่าป่วยการและค่าเช่าที่พักตามอัตราใหม่ที่กำหนดในบัญชีแนบท้ายระเบียบนี้,⚪️ เทา,-,ไม่มี,ราชกิจจานุเบกษา เล่ม ๑๓๙ ตอนพิเศษ ๔๘ ง หน้า ๙,แบบฟอร์มคำขอรับค่าป่วยการ ค่าเช่าที่พัก และค่าเดินทางของพยาน (คณะกรรมการการแข่งขันทางการค้า),,พยานบุคคลและพยานผู้เชี่ยวชาญ,"จ่ายค่าป่วยการ, จ่ายค่าเช่าที่พัก, จ่ายค่าเดินทาง, เรียกพยานมาให้ถ้อยคำ, ให้ความเห็น","พยานบุคคล, พยานผู้เชี่ยวชาญ","คณะกรรมการการแข่งขันทางการค้า, พยานผู้เชี่ยวชาญ, ค่าป่วยการ, คดีทางอาญา, คดีทางปกครอง",BO5,-,[BO5]: ข้อ 3 และ 4 เป็นระเบียบที่ออกโดยคณะกรรมการการแข่งขันทางการค้า เพื่อกำหนดบทนิยามและบัญชีอัตราการจ่ายค่าป่วยการและค่าเช่าที่พักสำหรับพยานหรือผู้เชี่ยวชาญที่ถูกเรียกมาให้ถ้อยคำในกระบวนการพิจารณาคดี (ทางอาญาและปกครอง) ตามกฎหมายการแข่งขันทางการค้า,100%,"ยกเลิกบทนิยามคำว่า ""พยานผู้เชี่ยวชาญ"" ในข้อ 3 และยกเลิกบัญชีอัตราค่าป่วยการและค่าเช่าที่พักฯ แนบท้ายระเบียบเดิมปี พ.ศ. 2563"
110,100110,ระเบียบคณะกรรมการกำกับกิจการพลังงาน ว่าด้วยการบริหารงานบุคคลของสำนักงานคณะกรรมการกำกับกิจการพลังงาน พ.ศ. ๒๕๖๔,https://ratchakitcha.soc.go.th/documents/17198960.pdf,บังคับใช้,,"ระเบียบคณะกรรมการกำกับกิจการพลังงาน ว่าด้วยการบริหารงานบุคคลสำนักงานคณะกรรมการกำกับกิจการพลังงาน พ.ศ. ๒๕๕๑, ระเบียบคณะกรรมการกำกับกิจการพลังงาน ว่าด้วยการบริหารงานบุคคลสำนักงานคณะกรรมการกำกับกิจการพลังงาน (ฉบับที่ ๒) พ.ศ. ๒๕๕๓, ระเบียบคณะกรรมการกำกับกิจการพลังงาน ว่าด้วยการบริหารงานบุคคลสำนักงานคณะกรรมการกำกับกิจการพลังงาน (ฉบับที่ ๓) พ.ศ. ๒๕๕๕, ระเบียบคณะกรรมการกำกับกิจการพลังงาน ว่าด้วยการบริหารงานบุคคลสำนักงานคณะกรรมการกำกับกิจการพลังงาน (ฉบับที่ ๔) พ.ศ. ๒๕๕๕, ระเบียบคณะกรรมการกำกับกิจการพลังงาน ว่าด้วยการบริหารงานบุคคลสำนักงานคณะกรรมการกำกับกิจการพลังงาน (ฉบับที่ ๕) พ.ศ. ๒๕๖๐",,23,กุมภาพันธ์,2565,15 พฤศจิกายน 2564,-,ระเบียบ,"พระราชบัญญัติการประกอบกิจการพลังงาน พ.ศ. ๒๕๕๐ มาตรา ๓๓ (๒), พระราชบัญญัติการประกอบกิจการพลังงาน พ.ศ. ๒๕๕๐ มาตรา ๓๓ (๓)","สำนักงานคณะกรรมการกำกับกิจการพลังงาน (กกพ.), กระทรวงพลังงาน",-,-,-,กำหนดหลักเกณฑ์และแนวทางการบริหารงานบุคคลของพนักงานและลูกจ้างในสำนักงานคณะกรรมการกำกับกิจการพลังงาน ครอบคลุมเรื่องประเภทตำแหน่ง โครงสร้างเงินเดือน การบรรจุแต่งตั้ง วันทำงาน วันหยุด การลา สวัสดิการ วินัย และการร้องทุกข์,พนักงานและลูกจ้างของสำนักงานคณะกรรมการกำกับกิจการพลังงานต้องปฏิบัติตามหลักเกณฑ์ ข้อห้าม และข้อกำหนดเรื่องวินัยอย่างเคร่งครัดตามที่ระเบียบนี้กำหนด หากประสงค์จะใช้สิทธิการลา หรือขอรับสวัสดิการต่างๆ ต้องดำเนินการตามขั้นตอนและเงื่อนไขที่ระบุไว้,🟠 ส้ม,โทษทางปกครอง / โทษทางแพ่ง,-,ราชกิจจานุเบกษา เล่ม ๑๓๙ ตอนพิเศษ ๔๕ ง หน้า ๑,,,พนักงานและลูกจ้างของสำนักงานคณะกรรมการกำกับกิจการพลังงาน (สำนักงาน กกพ.),"บริหารงานบุคคล, บรรจุ, แต่งตั้ง, จ่ายเงินเดือน, เลื่อนเงินเดือน, กำหนดวันหยุด, ลาหยุด, ลงโทษทางวินัย, เลิกจ้าง","พนักงาน, ลูกจ้าง, เงินเดือน, สวัสดิการ","สำนักงานคณะกรรมการกำกับกิจการพลังงาน, กกพ., การบริหารงานบุคคล, วินัย, ค่าชดเชย",CC32,-,"[CC32]: ระเบียบฉบับนี้กำหนดหลักเกณฑ์และเงื่อนไขการบริหารงานบุคคลทั้งหมด ครอบคลุมตั้งแต่การบรรจุ แต่งตั้ง อัตราเงินเดือน วันหยุด สวัสดิการ ไปจนถึงการดำเนินการทางวินัย สำหรับพนักงานและลูกจ้างที่ปฏิบัติงานภายใน ""สำนักงานคณะกรรมการกำกับกิจการพลังงาน"" (สำนักงาน กกพ.) โดยเฉพาะ ซึ่งเป็นกฎระเบียบภายในของการบริหารหน่วยงานรัฐตามรหัสหมวดนี้",100%,ยกเลิกระเบียบคณะกรรมการกำกับกิจการพลังงาน ว่าด้วยการบริหารงานบุคคลฯ พ.ศ. 2551 และฉบับแก้ไขเพิ่มเติมรวม 5 ฉบับ
111,100111,ระเบียบคณะกรรมการกองทุนเงินให้กู้ยืมเพื่อการศึกษา ว่าด้วยหลักเกณฑ์ วิธีการ และเงื่อนไขเกี่ยวกับการให้เงินกู้ยืมเพื่อการศึกษาและการชำระเงินคืนกองทุน (ฉบับที่ ๓) พ.ศ. ๒๕๖๔,https://ratchakitcha.soc.go.th/documents/17198961.pdf,บังคับใช้,,,"ให้ยกเลิกความในข้อ 18, 19 และ 20 แห่งระเบียบคณะกรรมการกองทุนเงินให้กู้ยืมเพื่อการศึกษา ว่าด้วยหลักเกณฑ์ วิธีการ และเงื่อนไขเกี่ยวกับการให้เงินกู้ยืมเพื่อการศึกษาและการชำระเงินคืนกองทุน พ.ศ. 2563",23,กุมภาพันธ์,2565,23 กุมภาพันธ์ 2565,-,ระเบียบ,"พระราชบัญญัติกองทุนเงินให้กู้ยืมเพื่อการศึกษา พ.ศ. ๒๕๖๐ มาตรา ๑๙ (๗), พระราชบัญญัติกองทุนเงินให้กู้ยืมเพื่อการศึกษา พ.ศ. ๒๕๖๐ มาตรา ๑๙ (๑๗), พระราชบัญญัติกองทุนเงินให้กู้ยืมเพื่อการศึกษา พ.ศ. ๒๕๖๐ มาตรา ๓๙, พระราชบัญญัติกองทุนเงินให้กู้ยืมเพื่อการศึกษา พ.ศ. ๒๕๖๐ มาตรา ๔๐, พระราชบัญญัติกองทุนเงินให้กู้ยืมเพื่อการศึกษา พ.ศ. ๒๕๖๐ มาตรา ๔๑, พระราชบัญญัติกองทุนเงินให้กู้ยืมเพื่อการศึกษา พ.ศ. ๒๕๖๐ มาตรา ๔๔, พระราชบัญญัติกองทุนเงินให้กู้ยืมเพื่อการศึกษา พ.ศ. ๒๕๖๐ มาตรา ๖๑","กองทุนเงินให้กู้ยืมเพื่อการศึกษา (กยศ.), กระทรวงการคลัง",-,-,-,เป็นการแก้ไขเพิ่มเติมระเบียบเพื่อปรับปรุงหลักเกณฑ์และเงื่อนไขการชำระเงินกู้ยืมคืนกองทุนให้เหมาะสมยิ่งขึ้น โดยกำหนดให้ผู้กู้ยืมลักษณะที่ 1 ถึง 3 สามารถผ่อนชำระคืนเป็นรายเดือนให้เสร็จสิ้นภายใน 30 ปี และผู้กู้ยืมลักษณะที่ 4 สามารถผ่อนชำระคืนเป็นรายปีให้เสร็จสิ้นภายใน 10 ปีนับแต่วันครบกำหนด พร้อมทั้งปรับปรุงอัตราดอกเบี้ยและระยะเวลาการผ่อนชำระตามยอดเงินกู้ยืม,ผู้กู้ยืมเงินต้องผ่อนชำระเงินคืนตามที่ระเบียบกำหนด โดยผู้กู้ยืมลักษณะที่ 1 ถึง 3 ต้องชำระรายเดือนภายในวันที่ 5 ของทุกเดือน และผู้กู้ยืมลักษณะที่ 4 ต้องชำระรายปีภายในวันที่ 5 กรกฎาคมของแต่ละปี หากไม่ชำระให้ครบตามงวดจะตกเป็นผู้ผิดนัดชำระหนี้และต้องรับผิดชอบชำระเงินเพิ่มตามที่กำหนด,⚪️ เทา,-,ไม่มี,ราชกิจจานุเบกษา เล่ม ๑๓๙ ตอนพิเศษ ๔๕ ง หน้า ๒๘,คู่มือการชำระเงินคืนกองทุนเงินให้กู้ยืมเพื่อการศึกษา (กยศ.),https://www.studentloan.or.th/sites/default/files/files/highlight/%E0%B8%84%E0%B8%B9%E0%B9%88%E0%B8%A1%E0%B8%B7%E0%B8%AD%E0%B8%A3%E0%B8%B0%E0%B8%9A%E0%B8%9A%E0%B8%A3%E0%B8%B1%E0%B8%9A%E0%B8%8A%E0%B8%B3%E0%B8%A3%E0%B8%B0%E0%B9%80%E0%B8%87%E0%B8%B4%E0%B8%99%E0%B8%81%E0%B8%B9%E0%B9%89%E0%B8%A2%E0%B8%B7%E0%B8%A1%E0%B8%84%E0%B8%B7%E0%B8%99.pdf,ผู้กู้ยืมเงินกองทุนเงินให้กู้ยืมเพื่อการศึกษา ที่ทำสัญญาตั้งแต่ปีการศึกษา ๒๕๖๔ เป็นต้นไป และผู้กู้ยืมที่ยังไม่ครบกำหนดชำระเงินคืน,"ให้กู้ยืมเงินเพื่อการศึกษา, ผ่อนชำระเงินคืน, คิดดอกเบี้ย, ชำระหนี้, ผิดนัดชำระหนี้","กองทุนเงินให้กู้ยืมเพื่อการศึกษา, เงินกู้ยืม, สินเชื่อเพื่อการศึกษา","กองทุนเงินให้กู้ยืมเพื่อการศึกษา, ระยะเวลาผ่อนชำระ, อัตราดอกเบี้ย, ผิดนัดชำระหนี้",AM18,,"[AM18]: หมวดการศึกษาและบริการการศึกษา แนะนำให้เพิ่ม ""สถานศึกษาที่ต้องบริหารจัดการหรือประสานงานกองทุน กยศ. ให้แก่ผู้เรียน"" เข้าไปในคำอธิบาย
",100%,"ยกเลิกความในข้อ 18, 19 และ 20 ของระเบียบคณะกรรมการกองทุนเงินให้กู้ยืมเพื่อการศึกษาฯ พ.ศ. 2563 "
112,100112,ระเบียบกระทรวงพาณิชย์ ว่าด้วยการจัดสรรปริมาณข้าวและการออกหนังสือรับรองการส่งออกข้าวภายใต้โควตาภาษีไปสหราชอาณาจักร สำหรับปี ๒๕๖๕ พ.ศ. ๒๕๖๔,https://ratchakitcha.soc.go.th/documents/139D041S0000000000100.pdf,บังคับใช้,,,,18,กุมภาพันธ์,2565,18 กุมภาพันธ์ 2565,-,ระเบียบ,ประกาศกระทรวงพาณิชย์ เรื่อง การส่งออกข้าวภายใต้โควตาภาษีไปสหภาพยุโรปและสหราชอาณาจักร พ.ศ. ๒๕๖๔ ข้อ ๗,"กรมการค้าต่างประเทศ, กระทรวงพาณิชย์",-,-,-,กำหนดหลักเกณฑ์และวิธีการจัดสรรปริมาณข้าวขาวและข้าวหัก รวมถึงการออกหนังสือรับรองการส่งออก (Export Certificate) ภายใต้โควตาภาษีนำเข้าสหราชอาณาจักร ประจำปี 2565 โดยระบุปริมาณที่จัดสรร แบ่งงวดระยะเวลาการยื่นขอใบอนุญาตนำเข้า (IL) และเงื่อนไขการจัดเก็บประวัติการส่งออก,ผู้ส่งออกที่ได้รับส่วนจัดสรรต้องแจ้งยืนยันการรับสิทธิและยื่นขอหนังสือรับรองการส่งออก พร้อมชำระค่าธรรมเนียมพิเศษตามกำหนดเวลา นอกจากนี้ต้องจัดส่งรายงานและเอกสารหลักฐานที่แสดงการส่งออกข้าวไปยังสหราชอาณาจักรให้ครบถ้วน เพื่อรักษาสิทธิในการเป็นฐานคำนวณส่วนจัดสรรในปีถัดไป หากไม่ดำเนินการอาจถูกตัดสิทธิส่วนจัดสรร,🟡 เหลือง,เสียสิทธิประโยชน์ / ผลทางนิติกรรม,"หนังสือรับรองการส่งออก (Export Certificate: EC), ใบอนุญาตนำเข้า (Import License: IL)",ราชกิจจานุเบกษา เล่ม ๑๓๙ ตอนพิเศษ ๔๑ ง หน้า ๑,"ประกาศกระทรวงพาณิชย์ เรื่อง การส่งออกข้าวภายใต้โควตาภาษีไปสหภาพยุโรปและสหราชอาณาจักร พ.ศ. ๒๕๖๔, ประกาศกระทรวงพาณิชย์ เรื่อง การกำหนดค่าธรรมเนียมพิเศษในการส่งออกข้าวไปสหภาพยุโรปและสหราชอาณาจักร พ.ศ. ๒๕๖๔",,ผู้ส่งออกข้าวขาวและข้าวหักไปยังสหราชอาณาจักร,"ส่งออกข้าว, จัดสรรปริมาณข้าว, ขอหนังสือรับรองการส่งออก, ชำระค่าธรรมเนียมพิเศษ, ยื่นขอใบอนุญาตนำเข้า","ข้าวขาว, ข้าวหัก, ข้าว","โควตาภาษี, หนังสือรับรองการส่งออก (Export Certificate), ใบอนุญาตนำเข้า (Import License), พิกัดอัตราศุลกากร HS, ค่าธรรมเนียมพิเศษ",AA4,BW11,"[AA4]: ข้อ 3, 4 และ 6 บังคับใช้โดยตรงกับ ""ผู้ส่งออกข้าว"" (ข้าวขาวและข้าวหัก) ที่ต้องดำเนินการขอรับการจัดสรรปริมาณและขอหนังสือรับรองการส่งออก (EC) ไปยังสหราชอาณาจักรตามโควตาที่กำหนด


[BW11]: ข้อ 3 มีการอ้างอิงพิกัดอัตราศุลกากร HS Code (1006.30 และ 1006.40) และข้อ 8 กำหนดให้ผู้ส่งออกต้องชำระค่าธรรมเนียมพิเศษและนำหนังสือรับรองไปประกอบพิธีการทางศุลกากรเพื่อรับสิทธิประโยชน์ทางภาษี",100%,ระเบียบนี้ออกมาตรการจัดสรรโควตาเฉพาะสำหรับปี 2565 ภายใต้ประกาศกระทรวงพาณิชย์ เรื่อง การส่งออกข้าวภายใต้โควตาภาษีไปสหภาพยุโรปและสหราชอาณาจักร พ.ศ. 2564
113,100113,ระเบียบกรมประมง ว่าด้วยการขึ้นทะเบียนห้องปฏิบัติการเพื่อตรวจรับรองคุณภาพผลิตภัณฑ์สัตว์น้ำ (ฉบับที่ ๒) พ.ศ. ๒๕๖๔,https://ratchakitcha.soc.go.th/documents/17198813.pdf,บังคับใช้,,,"ระเบียบกรมประมง ว่าด้วยการขึ้นทะเบียนห้องปฏิบัติการเพื่อตรวจรับรองคุณภาพผลิตภัณฑ์สัตว์น้ำ พ.ศ. ๒๕๖๑ (แก้ไขเพิ่มเติมข้อ 3, 5, 6, 7, 9, และเพิ่มข้อ 4/1, 15.5, 15.6)",18,กุมภาพันธ์,2565,20 มีนาคม 2565,-,ระเบียบ,พระราชบัญญัติระเบียบบริหารราชการแผ่นดิน พ.ศ. ๒๕๓๔ มาตรา ๓๒,"กรมประมง, กระทรวงเกษตรและสหกรณ์",-,-,-,แก้ไขปรับปรุงระเบียบเกี่ยวกับการขึ้นทะเบียนห้องปฏิบัติการเพื่อตรวจรับรองคุณภาพผลิตภัณฑ์สัตว์น้ำ โดยปรับปรุงแบบฟอร์มคำขอ กำหนดให้ยื่นเอกสารทั้งรูปแบบกระดาษและไฟล์อิเล็กทรอนิกส์ เพิ่มทางเลือกการตรวจประเมินทางไกล กำหนดอายุหนังสือสำคัญ 4 ปี และเพิ่มเงื่อนไขการจ้างเหมาช่วง (Subcontracting),ห้องปฏิบัติการที่ประสงค์จะขึ้นทะเบียน แก้ไข ขยายขอบข่าย หรือต่ออายุ ต้องยื่นคำขอตามแบบฟอร์ม กปม./กตส. ๕ หรือ ๕-๒ พร้อมเอกสารที่เป็นปัจจุบัน หากมีการจ้างเหมาช่วง ต้องจ้างห้องปฏิบัติการที่ขึ้นทะเบียนแล้วในขอบข่ายวิธีทดสอบนั้นเท่านั้น และต้องแจ้งกรมประมงเป็นลายลักษณ์อักษรล่วงหน้าอย่างน้อย 1 วัน,⚪️ เทา,-,หนังสือสำคัญแสดงการขึ้นทะเบียนห้องปฏิบัติการ,ราชกิจจานุเบกษา เล่ม ๑๓๙ ตอนพิเศษ ๔๑ ง หน้า ๕,"แบบ กปม./กตส. ๕ (คำขอขึ้นทะเบียนห้องปฏิบัติการ), แบบ กปม./กตส. ๕-๒ (คำขอแก้ไข หรือขอขยายขอบข่ายการขึ้นทะเบียน), มาตรฐาน ISO/IEC 17025",,ห้องปฏิบัติการเพื่อตรวจรับรองคุณภาพผลิตภัณฑ์สัตว์น้ำ (นิติบุคคล),"ขึ้นทะเบียนห้องปฏิบัติการ, ต่ออายุทะเบียน, แก้ไขขยายขอบข่าย, จ้างเหมาช่วงการทดสอบ (Subcontracting), ตรวจประเมินทางไกล","ห้องปฏิบัติการทดสอบ, ผลิตภัณฑ์สัตว์น้ำ, สินค้าประมง","กรมประมง, ตรวจรับรองคุณภาพผลิตภัณฑ์สัตว์น้ำ, ISO/IEC 17025, หนังสือสำคัญแสดงการขึ้นทะเบียนห้องปฏิบัติการ","BL3, D4, B11, AA18",-,"[BL3]: ข้อ 3, 5, 7 และ 8 บังคับใช้โดยตรงกับห้องปฏิบัติการทดสอบเอกชนที่ต้องการขอขึ้นทะเบียน ต่ออายุ และขยายขอบข่ายการตรวจรับรองคุณภาพผลิตภัณฑ์สัตว์น้ำ


[D4, B11, AA18]: (ตามกฎ Value Chain & Hidden Target) โรงงานแปรรูปอาหารทะเล โรงคัดบรรจุ และผู้ส่งออกสัตว์น้ำขนาดใหญ่ มักมี ""ห้องปฏิบัติการภายใน (In-house Lab)"" ของตนเองเพื่อตรวจรับรองสินค้าก่อนส่งออก ซึ่งต้องปฏิบัติตามระเบียบนี้โดยตรงในการขอขึ้นทะเบียน นอกจากนี้ ข้อ 15.5 ยังบังคับเงื่อนไขการ ""จ้างเหมาช่วง (Subcontracting)"" ซึ่งผูกมัดผู้ประกอบการกลุ่มนี้ให้ต้องเลือกใช้และบริหารจัดการเฉพาะห้องปฏิบัติการที่ได้รับการขึ้นทะเบียนจากกรมประมงอย่างถูกต้องเท่านั้น",100%,"ยกเลิกและแก้ไขเพิ่มเติมความในข้อ 6, 12, 13, 14, 15, 16 และแบบคำขอ กปม./กตส.5 ของระเบียบกรมประมงฯ พ.ศ. 2561"
114,100114,ระเบียบกรมประมง ว่าด้วยการส่งตัวอย่างเพื่อตรวจวิเคราะห์ยังห้องปฏิบัติการ (ฉบับที่ ๒) พ.ศ. ๒๕๖๔,https://ratchakitcha.soc.go.th/documents/17198814.pdf,บังคับใช้,,,"ยกเลิกและแก้ไขเพิ่มเติมข้อความในข้อ 3(1), 5, 6 และ 7 ของระเบียบกรมประมง ว่าด้วยการส่งตัวอย่างเพื่อตรวจวิเคราะห์ยังห้องปฏิบัติการ พ.ศ. 2561",18,กุมภาพันธ์,2565,20 มีนาคม 2565,-,ระเบียบ,พระราชบัญญัติระเบียบบริหารราชการแผ่นดิน พ.ศ. ๒๕๓๔ มาตรา ๓๒,"กรมประมง, กระทรวงเกษตรและสหกรณ์",-,-,-,ปรับปรุงขั้นตอนการยื่นคำขอรับบริการการสุ่มตัวอย่างผลิตภัณฑ์สัตว์น้ำให้มีความชัดเจนและมีประสิทธิภาพยิ่งขึ้น โดยกำหนดช่องทางและหน่วยงานที่รับผิดชอบในการแจ้งกำหนดวันนัดสุ่มตัวอย่างตามพื้นที่ตั้งของโรงงาน ตลอดจนกำหนดระยะเวลาในการยื่นคำขอและกระบวนการเลือกห้องปฏิบัติการทดสอบที่ได้รับการขึ้นทะเบียน,ผู้ที่ประสงค์จะขอรับบริการการสุ่มตัวอย่างต้องแจ้งกำหนดวันนัดหมายต่อเจ้าหน้าที่ในพื้นที่ที่รับผิดชอบ และต้องยื่นคำขอ (แบบ กปม./กตส. ๒) พร้อมรายการสินค้าคงคลังล่วงหน้า 3 ถึง 5 วันทำการก่อนวันนัดหมาย หลังจากเจ้าหน้าที่แจ้งรายการผลิตภัณฑ์ที่ต้องการสุ่มตัวอย่างแล้ว โรงงานต้องเลือกห้องปฏิบัติการที่ได้รับการขึ้นทะเบียนผ่านเว็บไซต์และแจ้งให้เจ้าหน้าที่ทราบเป็นลายลักษณ์อักษรก่อนกำหนดวันสุ่มตัวอย่าง,⚪️ เทา,-,คำขอรับบริการการสุ่มตัวอย่าง (แบบ กปม./กตส. ๒),ราชกิจจานุเบกษา เล่ม ๑๓๙ ตอนพิเศษ ๔๑ ง หน้า ๘,"แบบ กปม./กตส. ๒ (คำขอรับบริการการสุ่มตัวอย่าง), รายการสินค้าคงคลัง, คู่มือมาตรฐานผลิตภัณฑ์สัตว์น้ำทั้งทางเคมีและจุลินทรีย์ (ข้อกำหนดค่า LOQ และ LOD), รายชื่อห้องปฏิบัติการที่ได้รับการขึ้นทะเบียนจากกรมประมง",,โรงงานและผู้ที่ประสงค์จะขอรับบริการการสุ่มตัวอย่างผลิตภัณฑ์สัตว์น้ำ,"ขอรับบริการสุ่มตัวอย่าง, ส่งตัวอย่างตรวจวิเคราะห์, เลือกห้องปฏิบัติการ","ผลิตภัณฑ์สัตว์น้ำ, สินค้าประมง","กรมประมง, การสุ่มตัวอย่าง, ห้องปฏิบัติการ, ค่า LOQ, ค่า LOD","D4, B11, AA18, BL3",-,"[D4, B11, AA18]: ข้อ 5, 5/1 และ 7 บังคับใช้โดยตรงกับ ""โรงงาน"" (ผู้ผลิต/แปรรูป/ส่งออกอาหารทะเลและผลิตภัณฑ์สัตว์น้ำ) ที่ต้องยื่นคำขอรับบริการสุ่มตัวอย่างสินค้าคงคลังล่วงหน้า 3-5 วันทำการ และต้องเป็นผู้เลือกห้องปฏิบัติการในการตรวจวิเคราะห์ให้สอดคล้องกับมาตรฐานทางเคมีและจุลินทรีย์


[BL3]: ข้อ 3 และ 7 กำหนดให้ห้องปฏิบัติการที่จะรับตรวจสอบตัวอย่างผลิตภัณฑ์สัตว์น้ำจากโรงงานได้ ต้องเป็นห้องปฏิบัติการที่ได้รับการขึ้นทะเบียนจากกรมประมงเท่านั้น และต้องมีมาตรฐานการรายงานค่า LOQ/LOD ที่สอดคล้องกับข้อกำหนด",100%,"ยกเลิกและแก้ไขเพิ่มเติมข้อความในข้อ 3(1), 5, 6 และ 7 ของระเบียบกรมประมง ว่าด้วยการส่งตัวอย่างเพื่อตรวจวิเคราะห์ยังห้องปฏิบัติการ พ.ศ. 2561"
115,100115,ระเบียบคณะกรรมการกำกับกิจการพลังงาน ว่าด้วยหลักเกณฑ์ วิธีการ และเงื่อนไขในการพิจารณาสถานที่ตั้งและสภาพแวดล้อมของโรงไฟฟ้า สำหรับการออกใบอนุญาตผลิตไฟฟ้า พ.ศ. ๒๕๖๔,https://ratchakitcha.soc.go.th/documents/17198815.pdf,บังคับใช้,,,,18,กุมภาพันธ์,2565,19 กุมภาพันธ์ 2565,-,ระเบียบ,"พระราชบัญญัติการประกอบกิจการพลังงาน พ.ศ. ๒๕๕๐ มาตรา ๕๐, พระราชบัญญัติการประกอบกิจการพลังงาน พ.ศ. ๒๕๕๐ มาตรา ๕๑ วรรคสอง (๑)","สำนักงานคณะกรรมการกำกับกิจการพลังงาน (กกพ.), กระทรวงพลังงาน",-,-,-,กำหนดหลักเกณฑ์ วิธีการ และเงื่อนไขในการพิจารณาสถานที่ตั้งและสภาพแวดล้อมของโรงไฟฟ้า เพื่อประกอบการออกใบอนุญาตผลิตไฟฟ้าให้มีความเหมาะสมด้านสิ่งแวดล้อมและความปลอดภัย โดยระบุข้อกำหนดตามกฎหมายผังเมือง กฎหมายโรงงาน กฎหมายควบคุมอาคาร และกำหนดพื้นที่ต้องห้ามตั้งโรงไฟฟ้า เช่น พื้นที่อนุรักษ์และสาธารณสถาน,ผู้ขอรับใบอนุญาตผลิตไฟฟ้าต้องตรวจสอบสถานที่ตั้งโรงไฟฟ้าให้สอดคล้องกับกฎหมายผังเมืองและต้องไม่อยู่ในพื้นที่ต้องห้ามตามที่ระเบียบกำหนด (เช่น อุทยานแห่งชาติ หรือใกล้สาธารณสถานในระยะ 100 เมตรสำหรับโรงไฟฟ้าพลังงานความร้อน) นอกจากนี้ หากการใช้พื้นที่ต้องได้รับอนุญาตตามกฎหมายอื่น ผู้ขอต้องดำเนินการขออนุญาตเข้าทำประโยชน์ในพื้นที่นั้นให้ครบถ้วนก่อน,⚪️ เทา,-,ใบอนุญาตผลิตไฟฟ้า,ราชกิจจานุเบกษา เล่ม ๑๓๙ ตอนพิเศษ ๔๑ ง หน้า ๑๑,คู่มือการขอใบอนุญาตผลิตไฟฟ้าจาก กกพ.,https://www.erc.or.th/web-upload/200xf869baf82be74c18cc110e974eea8d5c/tinymce/ITA/%E0%B8%84%E0%B8%B9%E0%B9%88%E0%B8%A1%E0%B8%B7%E0%B8%AD%E0%B8%81%E0%B8%B2%E0%B8%A3%E0%B8%82%E0%B8%AD%E0%B8%A3%E0%B8%B1%E0%B8%9A%E0%B9%83%E0%B8%9A%E0%B8%AD%E0%B8%99%E0%B8%B8%E0%B8%8D%E0%B8%B2%E0%B8%95_%E0%B8%A3%E0%B8%A7%E0%B8%A1.pdf,"ผู้ขอรับใบอนุญาตผลิตไฟฟ้า, โรงไฟฟ้า","ตั้งโรงไฟฟ้า, ขอใบอนุญาตผลิตไฟฟ้า, ขยายโรงไฟฟ้า, ประเมินผลกระทบสิ่งแวดล้อม, ใช้ประโยชน์ที่ดิน","โรงไฟฟ้า, พลังงานความร้อน, พลังงานแสงอาทิตย์, พลังงานหมุนเวียน, ที่ดิน","คณะกรรมการกำกับกิจการพลังงาน, กกพ., ใบอนุญาตผลิตไฟฟ้า, ผังเมืองรวม, พื้นที่อนุรักษ์, รายงานการประเมินผลกระทบสิ่งแวดล้อม","K1, L1, BA1","CC32, CD2, CD6","[K1]: ข้อ 4 และ 8 บังคับใช้โดยตรงกับผู้ขอรับใบอนุญาตผลิตไฟฟ้า (โรงไฟฟ้า, โซลาร์ฟาร์ม) ซึ่งต้องปฏิบัติตามเกณฑ์ข้อห้ามเรื่องสถานที่ตั้งและสภาพแวดล้อม


[L1]: ข้อ 4 และ 10 มีผลผูกพันไปถึงผู้รับเหมาติดตั้งและก่อสร้างโรงไฟฟ้า (EPC) ที่ต้องประเมินความเหมาะสมของพื้นที่และข้อจำกัดตามกฎหมายก่อนรับงานหรือออกแบบการขยายโรงไฟฟ้า


[BA1]: ข้อ 6 อ้างอิงถึงรายงานการประเมินผลกระทบสิ่งแวดล้อม (EIA) ซึ่งบริษัทที่ปรึกษาสิ่งแวดล้อมต้องนำข้อกำหนดเขตพื้นที่ห้ามตั้งโรงไฟฟ้าตามระเบียบนี้ไปใช้อ้างอิงและประเมินผล


[CC32]: เป็นระเบียบหลักที่ออกโดยคณะกรรมการกำกับกิจการพลังงาน (กกพ.) ว่าด้วยเงื่อนไขการประกอบกิจการพลังงาน


[CD2]: ข้อ 7 กำหนดข้อห้ามและเงื่อนไขการตั้งโรงไฟฟ้าโดยอ้างอิงและเชื่อมโยงกับสัญลักษณ์สีตามกฎหมายว่าด้วยการผังเมืองรวมและการใช้ประโยชน์ที่ดิน


[CD6]: ข้อ 8 กำหนดรายชื่อพื้นที่ต้องห้ามเด็ดขาดในการตั้งโรงไฟฟ้า ได้แก่ อุทยานแห่งชาติ เขตรักษาพันธุ์สัตว์ป่า ป่าชุมชน ป่าชายเลน พื้นที่ลุ่มน้ำชั้น 1 และ 2 และพื้นที่ชุ่มน้ำ",100%,-
116,100116,ระเบียบกระทรวงมหาดไทย ว่าด้วยการกำหนดให้เงินประโยชน์ตอบแทนอื่นเป็นรายจ่ายที่องค์กรปกครองส่วนท้องถิ่นอาจจ่ายได้ (ฉบับที่ ๒) พ.ศ. ๒๕๖๔,https://ratchakitcha.soc.go.th/documents/17196436.pdf,บังคับใช้,,,"อัปเดตข้อความโดยการเพิ่ม (5) (6) (7) ในข้อ 5 และยกเลิกความในข้อ 5 วรรคสอง ของระเบียบกระทรวงมหาดไทย
ว่าด้วยการกำหนดให้เงินประโยชน์ตอบแทนอื่นเป็นรายจ่ายที่องค์กรปกครองส่วนท้องถิ่นอาจจ่ายได้
พ.ศ. 2559",3,กุมภาพันธ์,2565,4 กุมภาพันธ์ 2565,-,ระเบียบ,"พระราชบัญญัติองค์การบริหารส่วนจังหวัด พ.ศ. ๒๕๔๐ มาตรา ๖, พระราชบัญญัติองค์การบริหารส่วนจังหวัด พ.ศ. ๒๕๔๐ มาตรา ๗๔ (๑), พระราชบัญญัติเทศบาล พ.ศ. ๒๔๙๖ มาตรา ๖๗ (๔), พระราชบัญญัติเทศบาล พ.ศ. ๒๔๙๖ มาตรา ๗๗, พระราชบัญญัติสภาตำบลและองค์การบริหารส่วนตำบล พ.ศ. ๒๕๓๗ มาตรา ๕, พระราชบัญญัติสภาตำบลและองค์การบริหารส่วนตำบล พ.ศ. ๒๕๓๗ มาตรา ๘๕ (๑๐)","กระทรวงมหาดไทย, กรมส่งเสริมการปกครองท้องถิ่น",-,-,-,แก้ไขเพิ่มเติมระเบียบเพื่อกำหนดให้องค์กรปกครองส่วนท้องถิ่นสามารถจ่ายเงินเพิ่มพิเศษแก่บุคลากรสาธารณสุขที่ปฏิบัติงานในสถานการณ์โรคโควิด 19 เงินเพิ่มสำหรับพนักงานจ้างที่เสี่ยงภัยต่อสุขภาพ และเงินรายการอื่นตามกฎหมาย เพื่อเป็นสวัสดิการและสร้างขวัญกำลังใจ,องค์กรปกครองส่วนท้องถิ่นมีหน้าที่ต้องดำเนินการเบิกจ่ายเงินประโยชน์ตอบแทนอื่นให้เป็นไปตามหลักเกณฑ์ เงื่อนไข อัตรา และวิธีการที่กฎหมาย ระเบียบ หรือกระทรวงมหาดไทยกำหนดอย่างเคร่งครัด,เทา,-,-,ราชกิจจานุเบกษา เล่ม ๑๓๙ ตอนพิเศษ ๒๖ ง หน้า ๑-๒,-,,"องค์กรปกครองส่วนท้องถิ่น, พนักงานส่วนท้องถิ่น, ลูกจ้าง, พนักงานจ้าง","เบิกจ่ายเงิน, กำหนดรายจ่าย","เงินประโยชน์ตอบแทนอื่น, เงินเพิ่มพิเศษ, เงินเสี่ยงภัย","องค์กรปกครองส่วนท้องถิ่น, บุคลากรสาธารณสุข, พนักงานส่วนท้องถิ่น, ลูกจ้าง",AN13,"CC6, CC24","[AN13]: ข้อ 4(5) ระบุการจ่ายเงินเพิ่มพิเศษให้แก่บุคลากรสาธารณสุขขององค์กรปกครองส่วนท้องถิ่นที่ปฏิบัติงานในสถานการณ์โควิด 19

[CC6]: ข้อ 4(6) และ 4(7) ควบคุมสิทธิประโยชน์และเงินเพิ่มพิเศษสำหรับพนักงานส่วนท้องถิ่น ลูกจ้าง และพนักงานจ้าง

[CC24]: ข้อ 5 กำหนดหลักเกณฑ์ให้องค์กรปกครองส่วนท้องถิ่นสามารถจัดสรรและเบิกจ่ายงบประมาณเป็นเงินประโยชน์ตอบแทนอื่นได้",100%,อัปเดตข้อความโดยการเพิ่ม (5) (6) (7) ในข้อ 5 และยกเลิกความในข้อ 5 วรรคสอง ของระเบียบกระทรวงมหาดไทยฯ พ.ศ. 2559 เพื่อใช้ความใหม่แทน
117,100117,ระเบียบกรมป่าไม้ ว่าด้วยการแบ่งปันคาร์บอนเครดิตจากการปลูก บำรุง อนุรักษ์ และฟื้นฟูป่าในพื้นที่ป่าไม้ พ.ศ. ๒๕๖๔,https://ratchakitcha.soc.go.th/documents/17195217.pdf,บังคับใช้,,,,27,มกราคม,2565,28 มกราคม 2565,-,ระเบียบ,พระราชบัญญัติระเบียบบริหารราชการแผ่นดิน พ.ศ. ๒๕๓๔ มาตรา ๓๒,"กรมป่าไม้, กระทรวงทรัพยากรธรรมชาติและสิ่งแวดล้อม",-,-,-,ส่งเสริมให้องค์กรหรือบุคคลภายนอกเข้าร่วมกิจกรรมปลูก บำรุง อนุรักษ์ และฟื้นฟูป่าในพื้นที่ป่าไม้เพื่อรักษาความสมดุลของระบบนิเวศ และกำหนดหลักเกณฑ์สัดส่วนการแบ่งปันคาร์บอนเครดิตจากการดำเนินโครงการ T-VER,ผู้ประสงค์เข้าร่วมโครงการต้องเป็นผู้ได้รับอนุมัติหรืออนุญาตให้ใช้ประโยชน์พื้นที่ป่าไม้ และต้องยื่นเอกสารข้อเสนอโครงการให้อธิบดีกรมป่าไม้พิจารณาเห็นชอบก่อนขอขึ้นทะเบียนกับ อบก. โดยผู้ยื่นคำขอต้องเป็นผู้รับผิดชอบค่าใช้จ่ายทั้งหมดที่เกี่ยวข้องกับการพัฒนาและการขอรับรองคาร์บอนเครดิต,เทา,-,แบบคำขอเข้าร่วมโครงการลดก๊าซเรือนกระจกภาคสมัครใจตามมาตรฐานของประเทศไทย (T-VER) จากการปลูก บำรุง อนุรักษ์ และฟื้นฟูป่าในพื้นที่ป่าไม้,ราชกิจจานุเบกษา เล่ม ๑๓๙ ตอนพิเศษ ๒๐ ง หน้า ๑-๓,"คู่มือและมาตรฐาน:

- หลักเกณฑ์ของ อบก. 

- เอกสารข้อเสนอโครงการ T-VER 

- เสนอแนะเพิ่มเติม: คู่มือการพัฒนาโครงการ T-VER ขององค์การบริหารจัดการก๊าซเรือนกระจก (องค์การมหาชน)


แบบฟอร์มที่ต้องใช้:

- แบบคำขอเข้าร่วมโครงการลดก๊าซเรือนกระจกภาคสมัครใจตามมาตรฐานของประเทศไทย (T-VER) 

- แผนที่บริเวณที่ตั้งโครงการมาตราส่วนพร้อม shapefile 

- สำเนาหนังสือรับรองการจดทะเบียน วัตถุประสงค์ และผู้มีอำนาจลงนามแทน 

- สำเนาหนังสืออนุมัติ/อนุญาตให้ใช้ประโยชน์พื้นที่",https://ghgreduction.tgo.or.th/th/component/flexicontent/download/2295/348/32.html?method=view,"- องค์กรหรือบุคคลภายนอก 

- ผู้ยื่นคำขอ (บุคคล นิติบุคคล หรือหน่วยงานของรัฐ) 

- ผู้ได้รับอนุมัติให้เข้าร่วมกิจกรรมของกรมป่าไม้ 

- ผู้ได้รับอนุญาตให้ใช้ประโยชน์พื้นที่ป่าไม้ 

- ผู้ได้รับอนุมัติให้ใช้ประโยชน์พื้นที่สวนป่าของกรมป่าไม้","ปลูกป่า, บำรุงป่า, อนุรักษ์ป่า, ฟื้นฟูป่า, แบ่งปันคาร์บอนเครดิต, ขึ้นทะเบียนโครงการ, รับรองปริมาณก๊าซเรือนกระจก","คาร์บอนเครดิต, พื้นที่ป่าไม้, พื้นที่ป่าสงวนแห่งชาติ, พื้นที่สวนป่า","โครงการ T-VER, องค์การบริหารจัดการก๊าซเรือนกระจก (อบก.), พระราชบัญญัติป่าไม้, พระราชบัญญัติป่าสงวนแห่งชาติ, คาร์บอนไดออกไซด์เทียบเท่า",A2,"BA3, CD6","[A2]: ข้อ 5 และข้อ 11 กำหนดหลักเกณฑ์และสัดส่วนการแบ่งปันคาร์บอนเครดิตสำหรับผู้ลงทุนปลูกและบำรุงป่าในพื้นที่ป่าไม้ที่ได้รับอนุญาต หากไม่ปฏิบัติตามจะไม่สามารถดำเนินโครงการและรับประโยชน์ได้

[BA3]: ข้อ 6 และข้อ 10 บังคับให้จัดทำเอกสารและรับผิดชอบค่าใช้จ่ายในการรับรองปริมาณก๊าซเรือนกระจกตามเกณฑ์ อบก. ซึ่งเกี่ยวข้องโดยตรงกับผู้ให้บริการที่ปรึกษาด้านคาร์บอนเครดิตและผู้ทวนสอบ (VVB)

[CD6]: กิจกรรมทั้งหมดต้องดำเนินการภายใต้การอนุญาตใช้ประโยชน์พื้นที่ป่าไม้และป่าสงวนแห่งชาติตามกฎหมายที่ระบุในข้อ 5",100%,-
118,100118,ระเบียบการยาสูบแห่งประเทศไทย ว่าด้วยการให้เช่าอสังหาริมทรัพย์ (ฉบับที่ ๒) พ.ศ. ๒๕๖๔,https://ratchakitcha.soc.go.th/documents/17195218.pdf,บังคับใช้,,,"ยกเลิกความในข้อ
๘ ของระเบียบการยาสูบแห่งประเทศไทย ว่าด้วยการให้เช่า
อสังหาริมทรัพย์ พ.ศ. ๒๕๖๒ ",27,มกราคม,2565,18 พฤศจิกายน 2564,-,ระเบียบ,"พระราชบัญญัติการยาสูบแห่งประเทศไทย พ.ศ. ๒๕๖๑ มาตรา ๑๗ (๑), พระราชบัญญัติการยาสูบแห่งประเทศไทย พ.ศ. ๒๕๖๑ มาตรา ๑๗ (๓)","การยาสูบแห่งประเทศไทย, กระทรวงการคลัง",-,-,-,"แก้ไขเพิ่มเติมระเบียบว่าด้วยการให้เช่าอสังหาริมทรัพย์เพื่อให้การดำเนินงานมีประสิทธิภาพมากขึ้น โดยปรับปรุงองค์ประกอบและหน้าที่ของ ""คณะอนุกรรมการบริหารจัดการและจัดหาผลประโยชน์จากทรัพย์สินของ ยสท.""",ปฏิบัติตามโครงสร้างการแต่งตั้งคณะอนุกรรมการชุดใหม่ตามที่ระเบียบกำหนดในการบริหารจัดการทรัพย์สินของการยาสูบแห่งประเทศไทย,เทา,-,ไม่มี,ราชกิจจานุเบกษา เล่ม ๑๓๙ ตอนพิเศษ ๒๐ ง หน้า ๔,-,,"การยาสูบแห่งประเทศไทย, คณะอนุกรรมการบริหารจัดการและจัดหาผลประโยชน์จากทรัพย์สินของ ยสท.","ให้เช่า, บริหารจัดการทรัพย์สิน, จัดหาผลประโยชน์, แต่งตั้งคณะอนุกรรมการ","อสังหาริมทรัพย์, ทรัพย์สิน","การยาสูบแห่งประเทศไทย, พระราชบัญญัติการยาสูบแห่งประเทศไทย, คณะอนุกรรมการบริหารจัดการทรัพย์สิน",,"BY4, BY6","[BY4]: ข้อ 3 กำหนดให้แต่งตั้งคณะอนุกรรมการบริหารจัดการและจัดหาผลประโยชน์จากทรัพย์สินของ ยสท. เพื่อรับผิดชอบดูแลการให้เช่าอสังหาริมทรัพย์ขององค์กรรัฐวิสาหกิจ 

[BY6]: ระเบียบนี้อาศัยอำนาจตามมาตรา 17 (1) และ (3) แห่งพระราชบัญญัติการยาสูบแห่งประเทศไทย พ.ศ. 2561 ซึ่งเป็นกฎหมายจัดตั้งเฉพาะของรัฐวิสาหกิจแห่งนี้",100%,อัปเดตข้อความโดยยกเลิกความในข้อ 8 ของระเบียบการยาสูบแห่งประเทศไทย ว่าด้วยการให้เช่าอสังหาริมทรัพย์ พ.ศ. 2562 และให้ใช้ความใหม่แทนเพื่อปรับปรุงองค์ประกอบของคณะอนุกรรมการ
119,100119,ระเบียบคณะกรรมการสภาวิศวกร ว่าด้วยหลักเกณฑ์ วิธีการ และเงื่อนไขการทดสอบความรู้เพื่อขอรับหนังสือรับรองความรู้ความชำนาญในการประกอบวิชาชีพวิศวกรรมควบคุม (เฉพาะด้าน) พ.ศ. ๒๕๖๔,https://ratchakitcha.soc.go.th/documents/17195007.pdf,บังคับใช้,,,,26,มกราคม,2565,27 มกราคม 2565,-,ระเบียบ,"พระราชบัญญัติวิศวกร พ.ศ. ๒๕๔๒ มาตรา ๓๓, ข้อบังคับสภาวิศวกรว่าด้วยการออกหนังสือรับรองความรู้ความชำนาญในการประกอบวิชาชีพวิศวกรรมควบคุม พ.ศ. ๒๕๖๔ ข้อ ๗","สภาวิศวกร, องค์กรวิชาชีพควบคุม",-,-,-,กำหนดหลักเกณฑ์ วิธีการ และเงื่อนไขการทดสอบความรู้เพื่อขอรับหนังสือรับรองความรู้ความชำนาญในการประกอบวิชาชีพวิศวกรรมควบคุมเฉพาะด้าน โดยผู้ขอรับรองต้องผ่านการตรวจรับรองผลงานและเข้ารับการทดสอบความรู้,ผู้ขอรับหนังสือรับรองต้องยื่นบัญชีแสดงผลงานที่ได้รับการรับรองจากวุฒิวิศวกรในสาขาเดียวกัน และเตรียมตัวเข้าทดสอบความรู้ความชำนาญด้วยวิธีสอบข้อเขียนหรือสอบสัมภาษณ์ตามที่คณะกรรมการสภาวิศวกรกำหนด,เทา,-,หนังสือรับรองความรู้ความชำนาญในการประกอบวิชาชีพวิศวกรรมควบคุม (เฉพาะด้าน),ราชกิจจานุเบกษา เล่ม ๑๓๙ ตอนพิเศษ ๑๙ ง หน้า ๑-๒," คู่มือการเตรียมตัวทดสอบความรู้และสัมภาษณ์เพื่อขอรับหนังสือรับรองความรู้ความชำนาญฯ จัดทำโดยสภาวิศวกร


แบบฟอร์มที่ต้องใช้:

- คำขอหนังสือรับรองความรู้ความชำนาญในการประกอบวิชาชีพวิศวกรรมควบคุม (เฉพาะด้าน) 

- บัญชีแสดงผลงานและปริมาณงานตรงตามความรู้ความชำนาญเฉพาะด้าน (พร้อมลงนามรับรองโดยวุฒิวิศวกร) 

- คำร้องขอเลื่อนการสอบสัมภาษณ์",https://coe.or.th/wp-content/uploads/2023/09/%E0%B8%84%E0%B8%B9%E0%B9%88%E0%B8%A1%E0%B8%B7%E0%B8%AD%E0%B8%81%E0%B8%B2%E0%B8%A3%E0%B8%A3%E0%B8%B1%E0%B8%9A%E0%B8%A3%E0%B8%AD%E0%B8%87%E0%B8%84%E0%B8%A7%E0%B8%B2%E0%B8%A1%E0%B8%A3%E0%B8%B9%E0%B9%89%E0%B8%84%E0%B8%A7%E0%B8%B2%E0%B8%A1%E0%B8%8A%E0%B8%B3%E0%B8%99%E0%B8%B2%E0%B8%8D-v.1-%E0%B8%81%E0%B8%B1%E0%B8%99%E0%B8%A2%E0%B8%B2%E0%B8%A2%E0%B8%99.pdf,"- ผู้ขอรับหนังสือรับรองความรู้ความชำนาญในการประกอบวิชาชีพวิศวกรรมควบคุม (เฉพาะด้าน) 

- วิศวกร 

- ผู้ได้รับใบอนุญาตประกอบวิชาชีพวิศวกรรมควบคุม ระดับวุฒิวิศวกร","ทดสอบความรู้, ขอรับหนังสือรับรอง, ประกอบวิชาชีพ, สอบข้อเขียน, สอบสัมภาษณ์","หนังสือรับรองความรู้ความชำนาญ, วิชาชีพวิศวกรรมควบคุม","พระราชบัญญัติวิศวกร, สภาวิศวกร, วิศวกรรมควบคุม, วุฒิวิศวกร, ธุรกรรมทางอิเล็กทรอนิกส์",AC5,-,[AC5]: ข้อ 4 และ ข้อ 5 กำหนดให้วิศวกรผู้ขอรับหนังสือรับรองความรู้ความชำนาญในการประกอบวิชาชีพวิศวกรรมควบคุมเฉพาะด้าน ต้องนำส่งผลงานให้ระดับวุฒิวิศวกรในสาขาเดียวกันรับรอง และต้องเข้ารับการทดสอบความรู้ (สอบข้อเขียน/สัมภาษณ์) ตามหลักเกณฑ์ที่คณะกรรมการสภาวิศวกรกำหนด ซึ่งส่งผลโดยตรงต่อผู้ประกอบวิชาชีพและบริษัทที่ปรึกษาวิศวกรรม,100%,-
120,100120,กฎสำนักนายกรัฐมนตรี ฉบับที่ ๑๐๑ (พ.ศ. ๒๕๖๔) ออกตามความในพระราชบัญญัติเครื่องแบบข้าราชการพลเรือน พุทธศักราช ๒๔๗๘,https://ratchakitcha.soc.go.th/documents/17195731.pdf,บังคับใช้,,,กฎสำนักนายกรัฐมนตรี ออกตามความในมาตรา ๗ แห่งพระราชบัญญัติเครื่องแบบข้าราชการฝ่ายพลเรือน พุทธศักราช ๒๔๗๘ ลงวันที่ ๒๖ ธันวาคม พุทธศักราช ๒๔๗๘ (ข้อ ๒.๑ (๗)),25,มกราคม,2565,25 มกราคม 2565,-,กฎ,"พระราชบัญญัติเครื่องแบบข้าราชการฝ่ายพลเรือน พุทธศักราช ๒๔๗๘ มาตรา ๕, พระราชบัญญัติเครื่องแบบข้าราชการฝ่ายพลเรือน พุทธศักราช ๒๔๗๘ มาตรา ๗ วรรคหนึ่ง",สำนักนายกรัฐมนตรี,-,-,-,ยกเลิกและกำหนดรูปแบบเครื่องหมายแสดงสังกัดใหม่สำหรับเครื่องแบบข้าราชการฝ่ายพลเรือน เพื่อให้สอดคล้องกับการจัดตั้งกระทรวงการอุดมศึกษา วิทยาศาสตร์ วิจัยและนวัตกรรม,ข้าราชการฝ่ายพลเรือนต้องจัดหาและติดเครื่องหมายแสดงสังกัดทำด้วยโลหะโปร่งสีทอง ไม่มีขอบ ที่คอเสื้อตอนหน้าทั้งสองข้างให้ถูกต้องตามรูปแบบและสังกัดใหม่ของตน,เทา,-,ไม่มี,ราชกิจจานุเบกษา เล่ม ๑๓๙ ตอนที่ ๗ ก หน้า ๑-๓,-,,"ข้าราชการฝ่ายพลเรือน, ส่วนราชการ","กำหนดเครื่องหมาย, ติดเครื่องหมายแสดงสังกัด, ยกเลิกข้อความ","เครื่องแบบข้าราชการฝ่ายพลเรือน, เครื่องหมายแสดงสังกัดทำด้วยโลหะโปร่งสีทอง","พระราชบัญญัติเครื่องแบบข้าราชการฝ่ายพลเรือน, ข้าราชการพลเรือน, กระทรวงการอุดมศึกษา วิทยาศาสตร์ วิจัยและนวัตกรรม, สำนักงานคณะกรรมการวิจัยแห่งชาติ",-,CC6,[CC6]: กฎสำนักนายกรัฐมนตรีฉบับนี้ออกตามความในพระราชบัญญัติเครื่องแบบข้าราชการฝ่ายพลเรือน พุทธศักราช 2478 ซึ่งมีผลบังคับใช้โดยตรงกับข้าราชการฝ่ายพลเรือนในการแต่งกายและประดับเครื่องหมายสังกัดให้ถูกต้องตามกฎระเบียบของราชการ ,100%,อัปเดตข้อความโดยยกเลิกความใน (7) ของ 2.1 ในข้อ 2 ของส่วนที่ 1 แห่งกฎสำนักนายกรัฐมนตรีฯ พุทธศักราช 2478 ซึ่งแก้ไขเพิ่มเติมโดยฉบับที่ 99 (พ.ศ. 2560) และให้ใช้ความใหม่แทน เพื่อรองรับการจัดตั้งกระทรวงการอุดมศึกษาฯ
121,100121,กฎกระทรวงกำหนดค่าธรรมเนียมและยกเว้นค่าธรรมเนียมใบอนุญาตทางนิวเคลียร์และรังสี พ.ศ. ๒๕๖๔,https://ratchakitcha.soc.go.th/documents/17195732.pdf,บังคับใช้,,,,25,มกราคม,2565,25 มกราคม 2565,-,กฎกระทรวง,พระราชบัญญัติพลังงานนิวเคลียร์เพื่อสันติ พ.ศ. ๒๕๕๙ มาตรา ๕ วรรคสอง,กระทรวงการอุดมศึกษา วิทยาศาสตร์ วิจัยและนวัตกรรม,-,-,-,กำหนดอัตราค่าธรรมเนียมและยกเว้นค่าธรรมเนียมสำหรับการขอใบอนุญาตด้านพลังงานนิวเคลียร์และรังสี เช่น วัสดุกัมมันตรังสี เครื่องกำเนิดรังสี วัสดุนิวเคลียร์ สถานประกอบการ และเจ้าหน้าที่ โดยยกเว้นค่าธรรมเนียมให้แก่สภากาชาดไทยและหน่วยงานของรัฐ,ผู้ขอใบอนุญาตที่เกี่ยวข้องกับวัสดุนิวเคลียร์ รังสี หรือสถานประกอบการที่กำหนด ต้องชำระค่าธรรมเนียมตามอัตราในกฎกระทรวงนี้ ยกเว้นเป็นหน่วยงานของรัฐหรือสภากาชาดไทยจะได้รับสิทธิยกเว้นค่าธรรมเนียม,โทษเชื่อมโยงจากกฎหมายแม่,รอเชื่อมโยง: พ.ร.บ. พลังงานนิวเคลียร์เพื่อสันติ พ.ศ. 2559 มาตรา 5,"ใบอนุญาตเกี่ยวกับวัสดุกัมมันตรังสี, ใบอนุญาตเกี่ยวกับเครื่องกำเนิดรังสี, ใบอนุญาตเกี่ยวกับวัสดุนิวเคลียร์, ใบอนุญาตเกี่ยวกับสถานประกอบการทางนิวเคลียร์, ใบอนุญาตเกี่ยวกับเจ้าหน้าที่ทางนิวเคลียร์และรังสี, ใบอนุญาตเกี่ยวกับการจัดการกากกัมมันตรังสี",ราชกิจจานุเบกษา เล่ม ๑๓๙ ตอนที่ ๗ ก หน้า ๔-๑๔,"คู่มือและแนวทางการขอรับใบอนุญาตเกี่ยวกับวัสดุกัมมันตรังสี วัสดุนิวเคลียร์ และเครื่องกำเนิดรังสี (จัดทำโดย สำนักงานปรมาณูเพื่อสันติ)

แบบฟอร์มที่ต้องใช้:
- คำขอรับใบอนุญาตทางนิวเคลียร์และรังสี (ตามประเภทที่ระบุในกฎกระทรวง) 
- คำขอต่ออายุใบอนุญาต โอนใบอนุญาต หรือแก้ไขเปลี่ยนแปลงรายการในใบอนุญาต",ศึกษาเพิ่มเติมจาก คู่มือประชาชน https://www.oap.go.th/2024/01/29/%E0%B8%84%E0%B8%B9%E0%B9%88%E0%B8%A1%E0%B8%B7%E0%B8%AD%E0%B8%9B%E0%B8%A3%E0%B8%B0%E0%B8%8A%E0%B8%B2%E0%B8%8A%E0%B8%99/ ,"- ผู้ผลิต ครอบครอง ใช้ นำเข้า ส่งออก หรือนำผ่าน วัสดุกัมมันตรังสี วัสดุนิวเคลียร์ และเครื่องกำเนิดรังสี 

- ผู้ขออนุญาตตั้ง ก่อสร้าง ดำเนินการ หรือเลิกดำเนินการสถานประกอบการทางนิวเคลียร์และสถานที่ให้บริการจัดการกากกัมมันตรังสี 

- บุคคลที่ขอรับใบอนุญาตเป็นเจ้าหน้าที่ความปลอดภัยทางรังสี เจ้าหน้าที่ดำเนินการทางเทคนิคเกี่ยวกับวัสดุนิวเคลียร์ และเจ้าหน้าที่ปฏิบัติงานเดินเครื่องปฏิกรณ์นิวเคลียร์ 

- สภากาชาดไทยและหน่วยงานของรัฐ (กลุ่มที่ได้รับยกเว้นค่าธรรมเนียม)","ผลิต, มีไว้ในครอบครอง, ใช้, นำเข้า, ส่งออก, นำผ่าน, ทำ, ก่อสร้าง, ดำเนินการ, เลิกดำเนินการ, ให้บริการจัดการ, สอบเทียบ","วัสดุกัมมันตรังสี, เครื่องกำเนิดรังสี, วัสดุนิวเคลียร์, สถานประกอบการทางนิวเคลียร์, เครื่องปฏิกรณ์นิวเคลียร์, กากกัมมันตรังสี, ใบอนุญาตเจ้าหน้าที่ทางนิวเคลียร์และรังสี","ค่าธรรมเนียม, ยกเว้นค่าธรรมเนียม, ใบอนุญาต, พลังงานนิวเคลียร์เพื่อสันติ, สภากาชาดไทย, หน่วยงานของรัฐ","K1, K4, AA24, AC6, AN1, AN5, AN10, AN13, AQ1, AQ4, AS9, BL3","AZ3, BA4, CB4","[K1]: เป็นสถานประกอบการที่มีเครื่องปฏิกรณ์นิวเคลียร์ที่ต้องชำระค่าธรรมเนียมใบอนุญาต (อ้างอิง ข้อ 4(2))

[K4]: เป็นผู้ผลิต ครอบครอง และใช้เทคโนโลยีนิวเคลียร์และรังสีโดยตรง (อ้างอิง ข้อ 1 และ 2)

[AA24]: เป็นผู้นำเข้าและส่งออกเครื่องกำเนิดรังสีและวัสดุนิวเคลียร์ (อ้างอิง ข้อ 1(3)-(4), ข้อ 2(3)-(4), ข้อ 3(2)-(3))

[AC6]: เป็นผู้ให้บริการทดสอบทางเทคนิคแบบไม่ทำลายด้วยรังสี (อ้างอิง Umbrella term ""ใช้เครื่องกำเนิดรังสี"" ข้อ 2(2))

[AN1]: เป็นโรงพยาบาลและคลินิกเวชกรรมที่มีการใช้รังสี (อ้างอิง Umbrella term ""ใช้วัสดุกัมมันตรังสี"" ข้อ 1(2))

[AN5]: เป็นคลินิกทันตกรรมที่ใช้งานเครื่องเอกซเรย์ฟัน (อ้างอิง Umbrella term ""เครื่องกำเนิดรังสี"" ข้อ 2(2))

[AN10]: เป็นศูนย์ภาพวินิจฉัยและรังสีเทคนิคทางการแพทย์ (อ้างอิง Umbrella term ""เครื่องกำเนิดรังสี"" ข้อ 2(2))

[AN13]: เป็นโรงพยาบาลและหน่วยงานสาธารณสุขของรัฐที่ได้รับการยกเว้นค่าธรรมเนียม (อ้างอิง ข้อ 7)

[AQ1]: เป็นสถานพยาบาลสัตว์ที่ใช้เครื่องเอกซเรย์ (อ้างอิง Umbrella term ""เครื่องกำเนิดรังสี"" ข้อ 2(2))

[AQ4]: เป็นห้องปฏิบัติการและศูนย์วินิจฉัยโรคสัตว์ที่ใช้เครื่องเอกซเรย์ (อ้างอิง Umbrella term ""มีไว้ในครอบครองหรือใช้เครื่องกำเนิดรังสี"" ข้อ 2(2))

[AS9]: เป็นผู้นำเข้าและครอบครองเครื่องเอกซเรย์สแกนสัมภาระด้านความปลอดภัย (อ้างอิง Umbrella term ""นำเข้า/มีไว้ในครอบครองหรือใช้เครื่องกำเนิดรังสี"" ข้อ 2(2)-(3))

[BL3]: เป็นห้องปฏิบัติการที่รับสอบเทียบ/ปรับเทียบเครื่องมือรังสี (อ้างอิง ข้อยกเว้น ข้อ 1 และ 2 วรรคท้าย)

[AZ3]: เป็นสถานที่ให้บริการจัดการกากกัมมันตรังสีที่ต้องขอใบอนุญาตก่อสร้างและดำเนินการ (อ้างอิง ข้อ 6)

[BA4]: เป็นบุคลากรวิชาชีพเฉพาะ เช่น เจ้าหน้าที่ความปลอดภัยทางรังสีประจำโรงงาน/สถานประกอบการ (อ้างอิง ข้อ 5(1))

[CB4]: ครอบคลุมสภากาชาดไทยซึ่งได้รับการยกเว้นค่าธรรมเนียมใบอนุญาตเป็นการเฉพาะ (อ้างอิง ข้อ 7)",100%,ออกตาม พ.ร.บ.พลังงานนิวเคลียร์เพื่อสันติ พ.ศ. 2559 (แก้ไขเพิ่มเติม ฉบับที่ 2 พ.ศ. 2562) / กำหนดข้อยกเว้นค่าธรรมเนียมให้แก่สภากาชาดไทยและหน่วยงานของรัฐที่ไม่ใช่รัฐวิสาหกิจ รวมถึงยกเว้นการส่งออก-นำเข้าเพื่อสอบเทียบเครื่องมือ
122,100122,ระเบียบกระทรวงการคลัง ว่าด้วยการแลกเปลี่ยนข้อมูลตามมาตรา ๑๐ ตรี แห่งประมวลรัษฎากร พ.ศ. ๒๕๖๔,https://ratchakitcha.soc.go.th/documents/17199345.pdf,บังคับใช้,,,,25,มกราคม,2565,9 พฤศจิกายน 2564,-,ระเบียบ,ประมวลรัษฎากร มาตรา ๑๐ ตรี,"กระทรวงการคลัง, กรมสรรพากร",-,-,-,กำหนดหลักเกณฑ์และวิธีการให้กรมสรรพากรแลกเปลี่ยนข้อมูลทางภาษีอากรกับเจ้าหน้าที่ผู้มีอำนาจของต่างประเทศตามความตกลงระหว่างประเทศเพื่อป้องกันการเลี่ยงรัษฎากร โดยครอบคลุมทั้งการแลกเปลี่ยนข้อมูลตามการร้องขอ แบบไม่ได้ร้องขอ และแบบอัตโนมัติ,นิติบุคคลที่มีหน้าที่ต้องเตรียมและนำส่งข้อมูลรายงานรายประเทศ (Country-by-Country Report) ให้ถูกต้องครบถ้วนเพื่อรองรับกระบวนการแลกเปลี่ยนข้อมูลแบบอัตโนมัติ และเจ้าหน้าที่กรมสรรพากรต้องรักษาความลับของข้อมูลที่ได้รับมาอย่างเคร่งครัด,ฟ้า,ระเบียบภาครัฐ,ไม่มี,ราชกิจจานุเบกษา เล่ม ๑๓๙ ตอนพิเศษ ๑๘ ง หน้า ๑-๔,"คู่มือและมาตรฐาน:

- เสนอแนะเพิ่มเติม: คู่มือการแลกเปลี่ยนข้อมูลภาษีระหว่างประเทศ (จัดทำโดย กรมสรรพากร)

- มาตรฐานการแลกเปลี่ยนข้อมูลอัตโนมัติ (AEOI) ตามกรอบของ OECD


แบบฟอร์มที่ต้องใช้:

- คำร้องขอแลกเปลี่ยนข้อมูล (ตามรูปแบบที่กำหนดในความตกลงระหว่างประเทศ) 

- รายงานข้อมูลรายประเทศ (Country-by-Country Report)",https://www.rd.go.th/fileadmin/user_upload/porphor/Manual-eoir.pdf,"- เจ้าหน้าที่ผู้มีอำนาจของคู่สัญญา 

- อธิบดีกรมสรรพากร 

- เจ้าหน้าที่กรมสรรพากร 

- ผู้ยื่นรายการแจ้งข้อความตามรายงานข้อมูลรายประเทศ","แลกเปลี่ยนข้อมูล, ร้องขอ, ส่งข้อมูล, ตรวจสอบ","ข้อมูลภาษีอากร, รายงานข้อมูลรายประเทศ (Country-by-Country Report)","ประมวลรัษฎากร, มาตรา ๑๐ ตรี, เว้นการเก็บภาษีซ้อน, ป้องกันการเลี่ยงรัษฎากร, การแลกเปลี่ยนข้อมูลแบบอัตโนมัติ",-,"BW2, BW9","[BW2]: เป็นนิติบุคคลและผู้เสียภาษีซึ่งอาจตกเป็นเป้าหมายในการถูกตรวจสอบและส่งต่อข้อมูลภาษีอากร ตามคำว่า ""ผู้ที่ถูกตรวจสอบโดยคู่สัญญา"" ในข้อ ๕(๑)

[BW9]: เป็นกลุ่มบริษัทข้ามชาติที่มีธุรกรรมระหว่างกันซึ่งต้องจัดทำและนำส่งเอกสารเฉพาะทาง ตามคำว่า ""รายงานข้อมูลรายประเทศ (Country-by-Country Report)"" ในข้อ ๑๒",100%,ออกตามความในมาตรา ๑๐ ตรี แห่งประมวลรัษฎากร ซึ่งแก้ไขเพิ่มเติมโดย พ.ร.บ.แก้ไขเพิ่มเติมประมวลรัษฎากร (ฉบับที่ ๕๔) พ.ศ. ๒๕๖๔
123,100123,ระเบียบกรมปศุสัตว์ ว่าด้วยวิธีการเก็บตัวอย่างอาหารสัตว์เป็นตัวอย่างเพื่อทดสอบ ตรวจ หรือวิเคราะห์คุณภาพและการดำเนินการเมื่อผลการตรวจวิเคราะห์คุณภาพอาหารสัตว์ไม่เป็นไปตามกฎหมายว่าด้วยการควบคุมคุณภาพอาหารสัตว์ พ.ศ. ๒๕๖๔,https://ratchakitcha.soc.go.th/documents/17199346.pdf,บังคับใช้,,,,25,มกราคม,2565,26 มกราคม 2565,-,ระเบียบ,พระราชบัญญัติระเบียบบริหารราชการแผ่นดิน พ.ศ. ๒๕๓๔ มาตรา ๓๒,"กรมปศุสัตว์, กระทรวงเกษตรและสหกรณ์",-,-,-,กำหนดวิธีการสุ่มเก็บตัวอย่างอาหารสัตว์แต่ละประเภทเพื่อส่งตรวจวิเคราะห์คุณภาพที่ห้องปฏิบัติการ และกำหนดขั้นตอนการดำเนินการของพนักงานเจ้าหน้าที่เมื่อผลการวิเคราะห์ไม่เป็นไปตามกฎหมายควบคุมคุณภาพอาหารสัตว์,ผู้รับใบอนุญาตผลิต นำเข้า หรือขายอาหารสัตว์ หรือผู้ดำเนินกิจการ ต้องอำนวยความสะดวกแก่พนักงานเจ้าหน้าที่ในการเก็บตัวอย่าง และต้องเก็บรักษาส่วนของตัวอย่างอาหารสัตว์พร้อมสำเนาบันทึกการเก็บตัวอย่างไว้เป็นหลักฐาน,โทษเชื่อมโยงจากกฎหมายแม่,รอเชื่อมโยง: พระราชบัญญัติควบคุมคุณภาพอาหารสัตว์ พ.ศ. 2558 มาตรา 65 (3) และมาตรา 67,บันทึกการเก็บตัวอย่างอาหารสัตว์,ราชกิจจานุเบกษา เล่ม ๑๓๙ ตอนพิเศษ ๑๘ ง หน้า ๕-๘,"แบบฟอร์มที่ต้องใช้:
- บันทึกการเก็บตัวอย่างอาหารสัตว์ (แนบท้ายระเบียบ) 
- แบบการส่งตัวอย่างเพื่อทดสอบ ตรวจหรือวิเคราะห์คุณภาพ (ตามแบบที่ห้องปฏิบัติการกำหนด) 

คู่มือและมาตรฐาน:
แนวทางการจัดการและเอกสารการสอบสวนเวลาเจอสารปนเปื้อนในระบบปศุสัตว์ สามารถศึกษาเพิ่มได้จาก คู่มือการเก็บตัวอย่างและการปฏิบัติงานกิจกรรมเฝ้าระวังสารตกค้าง กองผลิตภัณฑ์ปศุสัตว์",https://certify.dld.go.th/images/pdfs/export/export4/ManualResidue-1.pdf,"- ผู้รับใบอนุญาตผลิต นำเข้า หรือขายอาหารสัตว์ควบคุมเฉพาะ 

- ผู้ดำเนินกิจการ หรือเจ้าของสถานที่ผลิต สถานที่เก็บ สถานที่ขายอาหารสัตว์ ฟาร์ม ท่าเข้า/ท่าออก 

- พนักงานเจ้าหน้าที่ตามพระราชบัญญัติควบคุมคุณภาพอาหารสัตว์ พ.ศ. 2558","เก็บตัวอย่าง, ทดสอบ, ตรวจ, วิเคราะห์คุณภาพ, ผลิต, นำเข้า, ขาย","อาหารสัตว์, อาหารสัตว์ควบคุมเฉพาะ, อาหารสัตว์ผสมสำเร็จรูป, อาหารสัตว์เลี้ยง, สารผสมล่วงหน้า, วัตถุดิบ","ควบคุมคุณภาพอาหารสัตว์, พนักงานเจ้าหน้าที่, ห้องปฏิบัติการ, บันทึกการเก็บตัวอย่าง","B4, AA17, B1, B2",BL3,"[B4]: เป็นผู้ถูกบังคับใช้หลักในฐานะสถานที่ผลิตและสถานที่ขายอาหารสัตว์ (รวมถึงร้านค้า) ที่เจ้าหน้าที่จะเข้าไปสุ่มเก็บตัวอย่าง ตามข้อ ๔, ๗ และแบบบันทึกแนบท้าย

[AA17]: เป็นผู้นำเข้าอาหารสัตว์ที่ต้องถูกสุ่มเก็บตัวอย่าง ณ สถานที่เก็บหรือท่าเข้า/ท่าออก ตามข้อ ๗ และแบบบันทึกแนบท้าย

[B1]: เป็นสถานที่ใช้งานปลายทาง (ฟาร์มปศุสัตว์) ที่เจ้าหน้าที่มีอำนาจเข้าไปตรวจสอบและสุ่มเก็บตัวอย่างอาหารสัตว์ ตามคำว่า ""ฟาร์ม"" ในแบบบันทึกแนบท้าย

[B2]: เป็นสถานที่ใช้งานปลายทาง (ฟาร์มสัตว์น้ำ) ที่เจ้าหน้าที่มีอำนาจเข้าไปตรวจสอบและสุ่มเก็บตัวอย่างอาหารสัตว์ ตามคำว่า ""ฟาร์ม"" ในแบบบันทึกแนบท้าย

[BL3]: เป็นผู้ให้บริการทดสอบทางวิทยาศาสตร์ที่รับตัวอย่างอาหารสัตว์ไปตรวจหรือวิเคราะห์คุณภาพ ตามคำว่า ""ห้องปฏิบัติการ"" ในข้อ ๓ และ ๗",100%,
124,100124,ระเบียบสำนักงานปรมาณูเพื่อสันติ ว่าด้วยการจัดให้มีข้อมูลข่าวสารของราชการไว้ให้ประชาชนเข้าตรวจดู พ.ศ. ๒๕๖๔,https://ratchakitcha.soc.go.th/documents/17199347.pdf,บังคับใช้,,ระเบียบสำนักงานปรมาณูเพื่อสันติว่าด้วยการจัดให้มีข้อมูลข่าวสารของราชการไว้ให้ประชาชนเข้าตรวจดู พ.ศ. ๒๕๖๑,,25,มกราคม,2565,26 มกราคม 2565,-,ระเบียบ,"พระราชบัญญัติข้อมูลข่าวสารของราชการ พ.ศ. ๒๕๔๐ มาตรา ๙, ประกาศคณะกรรมการข้อมูลข่าวสารของราชการ ลงวันที่ ๒๔ กุมภาพันธ์ พ.ศ. ๒๕๔๑ ข้อ ๔, พระราชบัญญัติระเบียบบริหารราชการกระทรวงการอุดมศึกษา วิทยาศาสตร์ วิจัยและนวัตกรรม พ.ศ. ๒๕๖๒ มาตรา ๕, พระราชบัญญัติระเบียบบริหารราชการกระทรวงการอุดมศึกษา วิทยาศาสตร์ วิจัยและนวัตกรรม พ.ศ. ๒๕๖๒ มาตรา ๖, พระราชบัญญัติระเบียบบริหารราชการกระทรวงการอุดมศึกษา วิทยาศาสตร์ วิจัยและนวัตกรรม พ.ศ. ๒๕๖๒ มาตรา ๑๔, พระราชบัญญัติระเบียบบริหารราชการแผ่นดิน พ.ศ. ๒๕๓๔ มาตรา ๓๒ วรรคสอง, พระราชบัญญัติระเบียบบริหารราชการแผ่นดิน พ.ศ. ๒๕๓๔ มาตรา ๓๖, พระราชบัญญัติระเบียบบริหารราชการแผ่นดิน พ.ศ. ๒๕๓๔ มาตรา ๓๗","สำนักงานปรมาณูเพื่อสันติ, กระทรวงการอุดมศึกษา วิทยาศาสตร์ วิจัยและนวัตกรรม",-,-,-,กำหนดหลักเกณฑ์และวิธีการให้บริการข้อมูลข่าวสารของราชการที่อยู่ในความครอบครองของสำนักงานปรมาณูเพื่อสันติ เพื่อให้ประชาชนสามารถเข้าตรวจดู ศึกษาค้นคว้า และขอรับสำเนาเอกสารได้ พร้อมทั้งกำหนดอัตราค่าธรรมเนียมอย่างชัดเจน,ประชาชนหรือหน่วยงานที่ประสงค์จะขอข้อมูลข่าวสารหรือสำเนาเอกสารจากสำนักงานปรมาณูเพื่อสันติ ต้องยื่นคำขอตามแบบฟอร์มแนบท้ายระเบียบ และชำระค่าธรรมเนียมการทำสำเนาหรือการรับรองสำเนาตามอัตราที่กำหนดไว้,🟢 เขียว (แนวทางปฏิบัติ),-,แบบคำขอข้อมูลข่าวสารของราชการ,ราชกิจจานุเบกษา เล่ม 139 ตอนพิเศษ 18 ง หน้า 9,"1) คู่มือการปฏิบัติตาม พ.ร.บ. ข้อมูลข่าวสารของราชการ พ.ศ. 2540

2) แบบคำขอข้อมูลข่าวสารของราชการ สำนักงานปรมาณูเพื่อสันติ",,บุคคล หรือเอกชนที่ประสงค์จะเข้าตรวจดู ศึกษา ค้นคว้า หรือขอข้อมูลข่าวสารของราชการ จากสำนักงานปรมาณูเพื่อสันติ,"ขอข้อมูลข่าวสาร, เข้าตรวจดู, ศึกษาค้นคว้า, ขอสำเนา, เปิดเผยข้อมูล, จัดเก็บข้อมูล",ข้อมูลข่าวสารของราชการ,"ข้อมูลข่าวสารของราชการ, สำนักงานปรมาณูเพื่อสันติ, คณะกรรมการบริหารข้อมูลข่าวสารของราชการ, ค่าธรรมเนียมการทำสำเนา",-,CC19,"[CC19]: เป็นระเบียบที่กำหนดสิทธิของประชาชนและขั้นตอนในการขอเข้าตรวจดู ศึกษาค้นคว้า ขอสำเนา และการพิจารณาอนุญาตให้เปิดเผยข้อมูล ซึ่งอยู่ในความครอบครองของหน่วยงานรัฐ ตามคำว่า ""ข้อมูลข่าวสารของราชการ"" ในข้อ ๑๒, ๑๓ และ ๑๕",100%,ยกเลิกระเบียบสำนักงานปรมาณูเพื่อสันติว่าด้วยการจัดให้มีข้อมูลข่าวสารของราชการไว้ให้ประชาชนเข้าตรวจดู พ.ศ. ๒๕๖๑ ตามข้อ ๓
125,100125,ระเบียบคณะกรรมการกิจการกระจายเสียง กิจการโทรทัศน์ และกิจการโทรคมนาคมแห่งชาติ ว่าด้วยงานสารบรรณ (ฉบับที่ ๒) พ.ศ. ๒๕๖๔,https://ratchakitcha.soc.go.th/documents/17199348.pdf,บังคับใช้,,,แก้ไขเพิ่มเติมระเบียบคณะกรรมการกิจการกระจายเสียง กิจการโทรทัศน์ และกิจการโทรคมนาคมแห่งชาติว่าด้วยงานสารบรรณ พ.ศ. 2561 (ยกเลิกและแก้ไขข้อความบางส่วน เช่น นิยามระบบสารบรรณ การเก็บรักษา และรูปแบบตราชื่อ),25,มกราคม,2565,26 มกราคม 2565,-,ระเบียบ,"พระราชบัญญัติองค์กรจัดสรรคลื่นความถี่และกำกับการประกอบกิจการวิทยุกระจายเสียง วิทยุโทรทัศน์ และกิจการโทรคมนาคม พ.ศ. ๒๕๕๓ มาตรา ๒๗ (๑๙), พระราชบัญญัติองค์กรจัดสรรคลื่นความถี่และกำกับการประกอบกิจการวิทยุกระจายเสียง วิทยุโทรทัศน์ และกิจการโทรคมนาคม พ.ศ. ๒๕๕๓ มาตรา ๕๘","สำนักงานคณะกรรมการกิจการกระจายเสียง กิจการโทรทัศน์ และกิจการโทรคมนาคมแห่งชาติ (กสทช.), หน่วยงานอิสระของรัฐ",-,-,-,แก้ไขเพิ่มเติมระเบียบงานสารบรรณเพื่อรองรับการปฏิบัติงานผ่านระบบสารบรรณอิเล็กทรอนิกส์ โดยครอบคลุมการรับ ส่ง เก็บรักษาหนังสือ การจัดทำทะเบียนหรือบัญชีอิเล็กทรอนิกส์ การเก็บรักษาข้อมูลสำรอง และปรับปรุงรูปแบบตราชื่อสำนักงาน กสทช.,ผู้ติดต่อหรือปฏิบัติงานร่วมกับสำนักงาน กสทช. ควรใช้ระบบสารบรรณอิเล็กทรอนิกส์หรือไปรษณีย์อิเล็กทรอนิกส์เป็นช่องทางหลักในการจัดส่งหนังสือ และต้องตรวจสอบผลการจัดส่งพร้อมแจ้งตอบรับเพื่อยืนยันการรับหนังสือทุกครั้ง,⚪️ เทา (Amendment / No Impact),-,ไม่มี,ราชกิจจานุเบกษา เล่ม 139 ตอนพิเศษ 18 ง หน้า 14,"1) ระเบียบสำนักนายกรัฐมนตรีว่าด้วยงานสารบรรณ 
2) ระเบียบคณะกรรมการกิจการกระจายเสียง กิจการโทรทัศน์ และกิจการโทรคมนาคมแห่งชาติว่าด้วยงานสารบรรณ พ.ศ. 2561",,เจ้าหน้าที่และหน่วยงานภายในสำนักงานคณะกรรมการกิจการกระจายเสียง กิจการโทรทัศน์ และกิจการโทรคมนาคมแห่งชาติ (กสทช.),"ปฏิบัติงานสารบรรณ, รับส่งหนังสืออิเล็กทรอนิกส์, จัดเก็บข้อมูล, สำรองข้อมูล (Backup), ทำลายหนังสือ","หนังสืออิเล็กทรอนิกส์, ระบบสารบรรณอิเล็กทรอนิกส์, ตราชื่อสำนักงาน","งานสารบรรณ, กสทช., หนังสือราชการ, ตราสัญลักษณ์ราชการ",-,"CC23, CC30","[CC23]: เป็นระเบียบที่ว่าด้วยขั้นตอนปฏิบัติเกี่ยวกับการรับ ส่ง จัดเก็บ และทำลายเอกสารราชการในรูปแบบอิเล็กทรอนิกส์ รวมถึงการให้นำระเบียบสำนักนายกรัฐมนตรีว่าด้วยงานสารบรรณมาใช้บังคับโดยอนุโลม ตามข้อ ๖ และ ๓๕/๑

[CC30]: เป็นระเบียบที่ออกโดย กสทช. เพื่อบังคับใช้เป็นแนวทางปฏิบัติภายในสำหรับเจ้าหน้าที่ของสำนักงาน กสทช. โดยตรง ตามคำว่า ""หลักฐานในกิจการของสำนักงาน กสทช."" ในข้อ ๔ และการกำหนดรูปแบบตราชื่อสำนักงานในข้อ ๑๒",100%,แก้ไขเพิ่มเติมระเบียบคณะกรรมการกิจการกระจายเสียง กิจการโทรทัศน์ และกิจการโทรคมนาคมแห่งชาติว่าด้วยงานสารบรรณ พ.ศ. 2561 (ยกเลิกและแก้ไขข้อความบางส่วน เช่น นิยามระบบสารบรรณ การเก็บรักษา และรูปแบบตราชื่อ)
126,100126,กฎกระทรวงกำหนดให้ผลิตภัณฑ์อุตสาหกรรมเหล็กกล้าทรงแบนรีดร้อนที่ต้านการกัดกร่อนได้ดีในบรรยากาศต้องเป็นไปตาม มาตรฐาน พ.ศ. ๒๕๖๔,https://ratchakitcha.soc.go.th/documents/17194644.pdf,บังคับใช้,,,,21,มกราคม,2565,20 กรกฎาคม 2565,-,กฎกระทรวง,"พระราชบัญญัติมาตรฐานผลิตภัณฑ์อุตสาหกรรม พ.ศ. ๒๕๑๑ มาตรา ๑๗ วรรคหนึ่ง, พระราชบัญญัติมาตรฐานผลิตภัณฑ์อุตสาหกรรม พ.ศ. ๒๕๑๑ มาตรา ๕๘ วรรคหนึ่ง",กระทรวงอุตสาหกรรม,-,-,-,กำหนดให้ผลิตภัณฑ์อุตสาหกรรมเหล็กกล้าทรงแบนรีดร้อนที่ต้านการกัดกร่อนได้ดีในบรรยากาศต้องเป็นไปตามมาตรฐาน มอก. ๒๐๑๑ - ๒๕๖๓ เพื่อความปลอดภัยและสอดคล้องกับมาตรฐานที่ปรับปรุงใหม่,ผู้ประกอบการที่ผลิตหรือนำเข้าผลิตภัณฑ์เหล็กกล้าทรงแบนรีดร้อนตามลักษณะดังกล่าว ต้องดำเนินการผลิต นำเข้า และขอใบอนุญาตให้ถูกต้องตามมาตรฐาน มอก. 2011 - 2563,โทษเชื่อมโยงจากกฎหมายแม่,"รอเชื่อมโยง: พระราชบัญญัติมาตรฐานผลิตภัณฑ์อุตสาหกรรม พ.ศ. 2511 มาตรา 17, 58",ตรวจสอบใหม่,ราชกิจจานุเบกษา เล่ม 139 ตอนที่ 5 ก หน้า 1,มาตรฐานผลิตภัณฑ์อุตสาหกรรม มอก. 2011 - 2563,,ผู้ผลิตและผู้นำเข้าผลิตภัณฑ์อุตสาหกรรมเหล็กกล้าทรงแบนรีดร้อนที่ต้านการกัดกร่อนได้ดีในบรรยากาศ,"ผลิต, นำเข้า, จำหน่าย, กำหนดมาตรฐาน","ผลิตภัณฑ์อุตสาหกรรม, เหล็กกล้าทรงแบนรีดร้อน, เหล็กต้านการกัดกร่อน","มาตรฐานผลิตภัณฑ์อุตสาหกรรม, มอก., บังคับมาตรฐาน","J3, AB9",BL3,"[J3]: เป็นผู้ถูกบังคับใช้หลัก (โรงหลอม/โรงรีดเหล็ก) ที่ต้องผลิตสินค้าให้ได้มาตรฐาน ตามคำว่า ""ผลิตภัณฑ์อุตสาหกรรมเหล็กกล้าทรงแบนรีดร้อน... ต้องเป็นไปตามมาตรฐาน"" ในข้อ ๒

[AB9]: เป็นผู้จำหน่ายปลายทาง (ร้านค้าวัสดุก่อสร้าง/ฮาร์ดแวร์) ที่ต้องจำหน่ายเฉพาะเหล็กที่ผ่านการรับรอง ตามคำว่า ""ผลิตภัณฑ์อุตสาหกรรมเหล็กกล้าทรงแบนรีดร้อน... ต้องเป็นไปตามมาตรฐาน"" ในข้อ ๒

[BL3]: เป็นผู้ให้บริการทดสอบมาตรฐาน (ห้องปฏิบัติการ) เพื่อยืนยันคุณสมบัติการต้านการกัดกร่อนของเหล็ก ตามคำว่า ""ต้องเป็นไปตามมาตรฐานเลขที่ มอก. ๒๐๑๑ - ๒๕๖๓"" ในข้อ ๒",100%,มีผลใช้บังคับเมื่อพ้นกำหนด 180 วันนับแต่วันประกาศ (ประกาศ 21 มกราคม 2565) และเป็นการยกเลิกมาตรฐานเดิมเพื่อใช้มาตรฐานใหม่
127,100127,ระเบียบคณะกรรมการการเลือกตั้ง ว่าด้วยเข็มวิทยฐานะหลักสูตรการอบรมสำหรับผู้บริหารและพนักงานของสำนักงานคณะกรรมการการเลือกตั้ง พ.ศ. ๒๕๖๔,https://ratchakitcha.soc.go.th/documents/17194645.pdf,บังคับใช้,,,ยกเลิกระเบียบคณะกรรมการการเลือกตั้งว่าด้วยเข็มเครื่องหมายหลักสูตรการบริหารงานสำหรับผู้บริหารของสำนักงานคณะกรรมการการเลือกตั้ง พ.ศ. ๒๕๕๘ ตามข้อ ๓,21,มกราคม,2565,22 มกราคม 2565,-,ระเบียบ,พระราชบัญญัติประกอบรัฐธรรมนูญว่าด้วยคณะกรรมการการเลือกตั้ง พ.ศ. ๒๕๖๐ มาตรา ๕๒ (๘),"สำนักงานคณะกรรมการการเลือกตั้ง (กกต.), องค์กรอิสระ",-,-,-,กำหนดให้มีเข็มวิทยฐานะหลักสูตรสำหรับผู้บริหารและพนักงานของสำนักงานคณะกรรมการการเลือกตั้งจำนวน 3 แบบ เพื่อเป็นการเชิดชูเกียรติแก่ผู้สำเร็จการศึกษาอบรมและเพื่อใช้ประดับเครื่องแบบ,ผู้สำเร็จการศึกษาอบรมในแต่ละหลักสูตรมีสิทธิประดับเข็มวิทยฐานะตามรูปแบบและขนาดที่กำหนด โดยประดับที่กึ่งกลางกระเป๋าบนข้างขวาของเครื่องแบบพนักงาน หรือประดับบนชุดสากลตามที่ระเบียบกำหนด,🔵 ฟ้า (ระเบียบภาครัฐ),ระเบียบภาครัฐ,ไม่มี,ราชกิจจานุเบกษา เล่ม 139 ตอนที่ 5 ก หน้า 3,"1) ระเบียบคณะกรรมการการเลือกตั้งว่าด้วยการบริหารงานบุคคล พ.ศ. 2564 
2) ระเบียบคณะกรรมการการเลือกตั้งว่าด้วยเครื่องแบบกรรมการการเลือกตั้ง พนักงาน และลูกจ้างของสำนักงานคณะกรรมการการเลือกตั้ง พ.ศ. 2542",,ผู้บริหารและพนักงานของสำนักงานคณะกรรมการการเลือกตั้ง,"ประดับ, จัดหา, มอบ, ศึกษาอบรม","เข็มวิทยฐานะ, เครื่องแบบ, หลักสูตรการอบรม","ระเบียบคณะกรรมการการเลือกตั้ง, การบริหารงานบุคคล","AM6, AM19","CC5, CC6","[AM6]: เป็นผู้ให้บริการจัดศึกษาอบรม (สถาบันการศึกษาภาครัฐหรือเอกชน) ที่ร่วมดำเนินการจัดหลักสูตร ซึ่งมีหน้าที่ต้องจัดหาและจัดให้มีพิธีมอบเข็มวิทยฐานะให้แก่ผู้สำเร็จการศึกษาอบรม ตามข้อ ๔ และ ๙

[AM19]: เป็นผู้ให้บริการฝึกอบรมหรือหน่วยงานที่ปรึกษา ที่ร่วมดำเนินการจัดหลักสูตร ซึ่งมีหน้าที่ต้องจัดหาและจัดให้มีพิธีมอบเข็มวิทยฐานะให้แก่ผู้สำเร็จการศึกษาอบรม ตามข้อ ๔ และ ๙

[CC5]: เป็นหน่วยงานผู้ออกระเบียบและกำกับดูแล (สำนักงาน กกต.) ที่มีหน้าที่ควบคุมการจัดการศึกษาอบรมและลักษณะของเข็มวิทยฐานะ ตามข้อ ๔, ๕ และ ๙

[CC6]: เป็นกลุ่มผู้ใช้งานปลายทาง (ผู้บริหารและพนักงานของสำนักงาน กกต. ในฐานะบุคลากรภาครัฐ) ที่มีสิทธิและต้องปฏิบัติตามหลักเกณฑ์การประดับเข็มวิทยฐานะบนเครื่องแบบ ตามข้อ ๗ และ ๘",100%,ยกเลิกระเบียบคณะกรรมการการเลือกตั้งว่าด้วยเข็มเครื่องหมายหลักสูตรการบริหารงานสำหรับผู้บริหารของสำนักงานคณะกรรมการการเลือกตั้ง พ.ศ. ๒๕๕๘ ตามข้อ ๓
128,100128,กฎกระทรวงกำหนดให้ทางน้ำชลประทานคลองเชียงรากใหม่ เป็นทางน้ำชลประทานที่จะเรียกเก็บค่าชลประทาน พ.ศ.  ๒๕๖๔,https://ratchakitcha.soc.go.th/documents/17194557.pdf,บังคับใช้,,,,19,มกราคม,2565,19 มกราคม 2565,-,กฎกระทรวง,"พระราชบัญญัติการชลประทานหลวง พุทธศักราช ๒๔๘๕ มาตรา ๘ (๑), พระราชบัญญัติการชลประทานหลวง พุทธศักราช ๒๔๘๕ มาตรา ๔๒ วรรคหนึ่ง","กระทรวงเกษตรและสหกรณ์, กรมชลประทาน",-,สามโคก,ปทุมธานี,กำหนดให้ทางน้ำชลประทานคลองเชียงรากใหม่ ตั้งแต่กิโลเมตรที่ ๐.๐๐๐ ถึง ๐.๙๗๒ ในท้องที่ตำบลเชียงรากน้อย อำเภอสามโคก จังหวัดปทุมธานี เป็นทางน้ำชลประทานที่จะต้องเรียกเก็บค่าชลประทาน,ประชาชน เกษตรกร หรือผู้ประกอบการที่มีการใช้น้ำจากทางน้ำชลประทานคลองเชียงรากใหม่ในแนวเขตพื้นที่ที่ระบุ จะต้องชำระค่าชลประทานตามที่กรมชลประทานและกฎหมายกำหนด,โทษเชื่อมโยงจากกฎหมายแม่,"รอเชื่อมโยง: พระราชบัญญัติการชลประทานหลวง พุทธศักราช 2485 มาตรา 8, 42",ไม่มี,ราชกิจจานุเบกษา เล่ม 139 ตอนที่ 5 ก หน้า 1,"1. ระเบียบกรมชลประทานว่าด้วยการเรียกเก็บค่าชลประทาน
2. คู่มือการใช้งาน ระบบสารสนเทศเงินทุนหมุนเวียนเพื่อการชลประทานระบบการขออนุญาตใช้น้ำจากทางน้ำชลประทาน 
(สำหรับผู้ยื่นคำขออนุญาตใช้น้ำ)",https://budget.rid.go.th/fund/web/_data/docs/manual/population.pdf,ประชาชน เกษตรกร หรือผู้ประกอบการที่ใช้น้ำจากทางน้ำชลประทานคลองเชียงรากใหม่ จากกิโลเมตรที่ 0.000 ถึงกิโลเมตรที่ 0.972,"เรียกเก็บค่าชลประทาน, กำหนดทางน้ำ","ทางน้ำชลประทาน, คลองเชียงรากใหม่","การชลประทานหลวง, ค่าชลประทาน","AZ1, AZ4, AZ5",-,"[AZ5]: เป็นธุรกิจและหน่วยงานที่เกี่ยวข้องกับการจัดหาน้ำและการชลประทาน รวมถึงประชาชนและเกษตรกรที่ใช้น้ำ ซึ่งกฎหมายฉบับนี้กำหนดให้คลองเชียงรากใหม่เป็น ""ทางน้ำชลประทานที่จะเรียกเก็บค่าชลประทาน"" ตามข้อ ๑",100%,
129,100129,ระเบียบคณะกรรมการสิทธิมนุษยชนแห่งชาติ ว่าด้วยค่าใช้จ่ายในการเดินทางไปราชการ (ฉบับที่ ๒) พ.ศ. ๒๕๖๔,https://ratchakitcha.soc.go.th/documents/17194558.pdf,บังคับใช้,,,อัปเดตข้อความในข้อ ๕ วรรคหนึ่ง ของระเบียบคณะกรรมการสิทธิมนุษยชนแห่งชาติว่าด้วยค่าใช้จ่ายในการเดินทางไปราชการ พ.ศ. ๒๕๖๔ ตามข้อ ๓,19,มกราคม,2565,20 มกราคม 2565,-,ระเบียบ,พระราชบัญญัติประกอบรัฐธรรมนูญว่าด้วยคณะกรรมการสิทธิมนุษยชนแห่งชาติ พ.ศ. ๒๕๖๐ มาตรา ๔๙,"สำนักงานคณะกรรมการสิทธิมนุษยชนแห่งชาติ, องค์กรอิสระ",-,-,-,ปรับปรุงระเบียบว่าด้วยค่าใช้จ่ายในการเดินทางไปราชการ โดยกำหนดให้เบิกเบี้ยเลี้ยงเดินทางไปราชการในประเทศแบบเหมาจ่ายในอัตราวันละ 400 บาท และให้นำระเบียบกระทรวงการคลังที่เกี่ยวข้องมาบังคับใช้โดยอนุโลมสำหรับกรณีที่ไม่ได้ระบุไว้,เจ้าหน้าที่ของสำนักงานคณะกรรมการสิทธิมนุษยชนแห่งชาติต้องเบิกค่าเบี้ยเลี้ยงสำหรับการเดินทางไปปฏิบัติราชการในประเทศในอัตราเหมาจ่ายวันละ 400 บาท และให้ยึดระเบียบกระทรวงการคลังในเรื่องที่ไม่ได้กำหนดไว้,⚪️ เทา (Amendment / No Impact),-,ไม่มี,ราชกิจจานุเบกษา เล่ม 139 ตอนที่ 5 ก หน้า 3,2. คู่มือการใช้งาน ระบบสารสนเทศเงินทุนหมุนเวียนเพื่อการชลประทานระบบการขออนุญาตใช้น้ำจากทางน้ำชลประทาน ,,บุคลากร คณะกรรมการ และเจ้าหน้าที่ของสำนักงานคณะกรรมการสิทธิมนุษยชนแห่งชาติ,"เดินทางไปราชการ, เบิกจ่าย, เหมาจ่าย","ค่าใช้จ่ายในการเดินทางไปราชการ, เบี้ยเลี้ยงเดินทาง","คณะกรรมการสิทธิมนุษยชนแห่งชาติ, เบี้ยเลี้ยงเดินทางไปราชการในราชอาณาจักร, ระเบียบกระทรวงการคลัง",-,CC8,"[CC8]: เป็นระเบียบที่บังคับใช้กับบุคลากรของคณะกรรมการสิทธิมนุษยชนแห่งชาติโดยตรง ในการกำหนดอัตราเบี้ยเลี้ยงเดินทางไปราชการในราชอาณาจักรแบบเหมาจ่ายวันละสี่ร้อยบาท ตามข้อ ๓
",100%,อัปเดตข้อความในข้อ ๕ วรรคหนึ่ง ของระเบียบคณะกรรมการสิทธิมนุษยชนแห่งชาติว่าด้วยค่าใช้จ่ายในการเดินทางไปราชการ พ.ศ. ๒๕๖๔ ตามข้อ ๓
130,100130,ระเบียบคณะกรรมการสิทธิมนุษยชนแห่งชาติ ว่าด้วยการเดินทางและค่าใช้จ่ายในการเดินทางของประธานกรรมการและกรรมการสิทธิมนุษยชนแห่งชาติ (ฉบับที่ ๒) พ.ศ. ๒๕๖๔,https://ratchakitcha.soc.go.th/documents/17194559.pdf,บังคับใช้,,,แก้ไขเพิ่มเติมระเบียบคณะกรรมการสิทธิมนุษยชนแห่งชาติว่าด้วยการเดินทางและค่าใช้จ่ายในการเดินทางฯ พ.ศ. ๒๕๖๓ โดยให้ยกเลิกความในข้อ ๘,19,มกราคม,2565,20 มกราคม 2565,-,ระเบียบ,"พระราชบัญญัติประกอบรัฐธรรมนูญว่าด้วยคณะกรรมการสิทธิมนุษยชนแห่งชาติ พ.ศ. 2560 มาตรา 24 วรรคสอง, พระราชบัญญัติประกอบรัฐธรรมนูญว่าด้วยคณะกรรมการสิทธิมนุษยชนแห่งชาติ พ.ศ. 2560 มาตรา 27 (5), พระราชบัญญัติเงินเดือน เงินประจำตำแหน่ง และประโยชน์ตอบแทนอื่นของประธานกรรมการและกรรมการในองค์กรอิสระตามรัฐธรรมนูญ พ.ศ. 2561 มาตรา 9 วรรคสอง","สำนักงานคณะกรรมการสิทธิมนุษยชนแห่งชาติ, องค์กรอิสระ",-,-,-,ปรับปรุงระเบียบว่าด้วยค่าใช้จ่ายในการเดินทางของประธานกรรมการและกรรมการสิทธิมนุษยชนแห่งชาติ โดยให้นำพระราชกฤษฎีกาค่าใช้จ่ายในการเดินทางไปราชการมาใช้บังคับโดยอนุโลม และกำหนดอัตราเบี้ยเลี้ยงเดินทางไปราชการในประเทศแบบเหมาจ่ายวันละ 400 บาท,-,⚪️ เทา,-,ไม่มี,ราชกิจจานุเบกษา เล่ม ๑๓๙ ตอนที่ ๕ ก หน้า ๔,พระราชกฤษฎีกาค่าใช้จ่ายในการเดินทางไปราชการ และระเบียบกระทรวงการคลัง,,ประธานกรรมการและกรรมการสิทธิมนุษยชนแห่งชาติ,"เดินทางไปราชการ, เบิกค่าใช้จ่ายในการเดินทาง, จ่ายเบี้ยเลี้ยง","ค่าใช้จ่ายในการเดินทาง, สวัสดิการผู้ดำรงตำแหน่งองค์กรอิสระ","คณะกรรมการสิทธิมนุษยชนแห่งชาติ, เบี้ยเลี้ยงเดินทาง",-,CC8,"[CC8]: [Direct Duty] ระเบียบนี้เป็นข้อกำหนดภายในที่ออกโดยตรงเพื่อกำหนดสิทธิประโยชน์และระเบียบปฏิบัติในการเดินทางของประธานกรรมการและกรรมการสิทธิมนุษยชนแห่งชาติ (กสม.) 
",100%,อัปเดตและแก้ไขเพิ่มเติมระเบียบคณะกรรมการสิทธิมนุษยชนแห่งชาติว่าด้วยการเดินทางและค่าใช้จ่ายในการเดินทางฯ พ.ศ. ๒๕๖๓ โดยให้ยกเลิกความในข้อ ๘ และใช้ข้อความใหม่แทน
131,100131,ระเบียบคณะกรรมการสิทธิมนุษยชนแห่งชาติ ว่าด้วยการเบิกจ่ายค่าใช้จ่ายในการบริหารงานของสำนักงานคณะกรรมการสิทธิมนุษยชนแห่งชาติ (ฉบับที่ ๒) พ.ศ. ๒๕๖๔,https://ratchakitcha.soc.go.th/documents/17194560.pdf,บังคับใช้,,,ยกเลิกรายการแนบท้ายระเบียบคณะกรรมการสิทธิมนุษยชนแห่งชาติว่าด้วยการเบิกจ่ายค่าใช้จ่ายในการบริหารงานของสำนักงานคณะกรรมการสิทธิมนุษยชนแห่งชาติ พ.ศ. ๒๕๖๒,19,มกราคม,2565,20 มกราคม 2565,-,ระเบียบ,พระราชบัญญัติประกอบรัฐธรรมนูญว่าด้วยคณะกรรมการสิทธิมนุษยชนแห่งชาติ พ.ศ. ๒๕๖๐ มาตรา ๔๙ (๔),"สำนักงานคณะกรรมการสิทธิมนุษยชนแห่งชาติ, องค์กรอิสระ",-,-,-,ปรับปรุงระเบียบว่าด้วยการเบิกจ่ายค่าใช้จ่ายในการบริหารงานของสำนักงานคณะกรรมการสิทธิมนุษยชนแห่งชาติ โดยให้ยกเลิกรายการแนบท้ายระเบียบฉบับเดิมและใช้บัญชีรายการแนบท้ายฉบับใหม่แทน ซึ่งกำหนดหลักเกณฑ์การจ่ายค่าตอบแทนและค่าใช้สอยต่างๆ อย่างละเอียด,บุคลากรของสำนักงานคณะกรรมการสิทธิมนุษยชนแห่งชาติต้องตรวจสอบและดำเนินการเบิกจ่ายค่าตอบแทนและค่าใช้สอยต่างๆ ให้เป็นไปตามหลักเกณฑ์และอัตราที่ระบุไว้ในรายการแนบท้ายระเบียบฉบับนี้,🔵 ฟ้า (ระเบียบภาครัฐ),ระเบียบภาครัฐ,ไม่มี,ราชกิจจานุเบกษา เล่ม 139 ตอนที่ 5 ก หน้า 5,ระเบียบกระทรวงการคลังที่เกี่ยวข้องกับการเบิกจ่ายค่าใช้จ่ายในการบริหารงานของส่วนราชการ,,สำนักงานคณะกรรมการสิทธิมนุษยชนแห่งชาติ และบุคลากรภายในหน่วยงาน,"เบิกจ่าย, บริหารงาน, จ่ายค่าตอบแทน, จ่ายค่าใช้สอย","ค่าใช้จ่ายในการบริหารงาน, ค่าตอบแทน, ค่าใช้สอย","คณะกรรมการสิทธิมนุษยชนแห่งชาติ, เบิกจ่ายค่าใช้จ่าย",-,CC8,[CC8]: เป็นระเบียบที่บังคับใช้กับสำนักงานคณะกรรมการสิทธิมนุษยชนแห่งชาติโดยตรง ในเรื่องหลักเกณฑ์การเบิกจ่ายค่าตอบแทนและค่าใช้สอยในการบริหารงานภายในหน่วยงาน ตามข้อ ๑ และรายการแนบท้าย,100%,ยกเลิกรายการแนบท้ายระเบียบคณะกรรมการสิทธิมนุษยชนแห่งชาติว่าด้วยการเบิกจ่ายค่าใช้จ่ายในการบริหารงานของสำนักงานคณะกรรมการสิทธิมนุษยชนแห่งชาติ พ.ศ. ๒๕๖๒ และให้ใช้รายการแนบท้ายระเบียบนี้แทน ตามข้อ ๓
132,100132,ระเบียบกระทรวงศึกษาธิการ ว่าด้วยการจัดการศึกษาและการประเมินผลการเรียนตามหลักสูตรประกาศนียบัตรวิชาชีพชั้นสูง พ.ศ. ๒๕๖๔,https://ratchakitcha.soc.go.th/documents/17194509.pdf,บังคับใช้,,ระเบียบกระทรวงศึกษาธิการว่าด้วยการจัดการศึกษาและประเมินผลการเรียนตามหลักสูตรประกาศนียบัตรวิชาชีพชั้นสูง พุทธศักราช ๒๕๕๗ ลงวันที่ ๑๐ มิถุนายน ๒๕๕๘,,19,มกราคม,2565,20 มกราคม 2565,-,ระเบียบ,"พระราชบัญญัติระเบียบบริหารราชการกระทรวงศึกษาธิการ พ.ศ. ๒๕๔๖ มาตรา ๘, พระราชบัญญัติระเบียบบริหารราชการกระทรวงศึกษาธิการ พ.ศ. ๒๕๔๖ มาตรา ๑๗","กระทรวงศึกษาธิการ, สำนักงานคณะกรรมการการอาชีวศึกษา (สอศ.)",-,-,-,กำหนดหลักเกณฑ์และวิธีการจัดการศึกษา การรับผู้เข้าเรียน การลงทะเบียน การวัดและประเมินผลการเรียน สำหรับการศึกษาตามหลักสูตรประกาศนียบัตรวิชาชีพชั้นสูง (ปวส.) ให้ครอบคลุมทั้งการศึกษาในระบบ นอกระบบ และระบบทวิภาคี,สถานศึกษาและสถานประกอบการที่ร่วมจัดการศึกษาระบบทวิภาคี ต้องปฏิบัติตามหลักเกณฑ์การรับนักศึกษา การประเมินผล และการเทียบโอนผลการเรียนให้ถูกต้องตามที่ระเบียบกำหนดเพื่อให้นักศึกษาสามารถสำเร็จการศึกษาตามมาตรฐานได้,🔵 ฟ้า (ระเบียบภาครัฐ),ระเบียบภาครัฐ,"1. บัตรประจำตัวนักศึกษา 

2. รบ. 1 ปวส. (ระเบียนแสดงผลการเรียน) 

3. รบ. 2 ปวส. (แบบรายงานผลการเรียนของผู้ที่สำเร็จการศึกษา) 

4. ประกาศนียบัตร และวุฒิบัตร 

5. ใบรับรองสภาพการเป็นนักศึกษา 

6. ใบรับรองผลการเรียน",ราชกิจจานุเบกษา เล่ม 139 ตอนพิเศษ 14 ง หน้า 1,"1. ระเบียบกระทรวงศึกษาธิการว่าด้วยการเปิดภาคเรียนฤดูร้อนในสถานศึกษาของกระทรวงศึกษาธิการ 
2. ระเบียบกระทรวงศึกษาธิการว่าด้วยบัตรประจำตัวนักเรียนและนักศึกษา 
3. ระเบียบกระทรวงศึกษาธิการว่าด้วยปีการศึกษา การเปิดและปิดสถานศึกษา",,"สถานศึกษาของรัฐและเอกชน ที่จัดการศึกษาตามหลักสูตรประกาศนียบัตรวิชาชีพชั้นสูง, นักศึกษา, สถานประกอบการที่ร่วมมือจัดการศึกษาระบบทวิภาคี","จัดการศึกษา, ประเมินผลการเรียน, รับเข้าเรียน, ขึ้นทะเบียนนักศึกษา, ออกเอกสารการศึกษา","หลักสูตรประกาศนียบัตรวิชาชีพชั้นสูง, ปวส., การศึกษาระบบทวิภาคี, ระเบียนแสดงผลการเรียน","ระเบียบกระทรวงศึกษาธิการ, มาตรฐานวิชาชีพ, เอกสารการศึกษา","AM9, AM17",-,"[AM9]: เป็นผู้ถูกบังคับใช้หลัก (วิทยาลัย/สถาบันอาชีวศึกษา) ที่ต้องปฏิบัติตามหลักเกณฑ์การจัดการศึกษา การรับเข้าเรียน การประเมินผลการเรียน และการออกเอกสารการศึกษาระดับ ปวส. ตามข้อ ๔, ๙, ๔๐ และ ๗๐

[AM17]: เป็นผู้ปฏิบัติร่วม (สถานประกอบการที่จัดการศึกษาระบบทวิภาคี) ซึ่งมีหน้าที่ต้องทำสัญญาฝึกอาชีพ จัดผู้ควบคุมการฝึก และร่วมประเมินผลการเรียนของนักศึกษา ตามข้อ ๑๑, ๑๓ และ ๔๐",100%,ยกเลิกระเบียบกระทรวงศึกษาธิการว่าด้วยการจัดการศึกษาและประเมินผลการเรียนตามหลักสูตรประกาศนียบัตรวิชาชีพชั้นสูง พุทธศักราช ๒๕๕๗ ลงวันที่ ๑๐ มิถุนายน ๒๕๕๘ ตามข้อ ๓
133,100133,ระเบียบสำนักงานคณะกรรมการนโยบายที่ดินแห่งชาติ ว่าด้วยการจัดให้มีข้อมูลข่าวสารของราชการไว้ให้ประชาชนเข้าตรวจดู พ.ศ. ๒๕๖๔,https://ratchakitcha.soc.go.th/documents/17194135.pdf,บังคับใช้,,,,17,มกราคม,2565,18 มกราคม 2565,-,ระเบียบ,"พระราชบัญญัติข้อมูลข่าวสารของราชการ พ.ศ. ๒๕๔๐, ประกาศคณะกรรมการข้อมูลข่าวสารของราชการ ลงวันที่ ๒๔ กุมภาพันธ์ พ.ศ. ๒๕๔๑ ข้อ ๔","สำนักงานคณะกรรมการนโยบายที่ดินแห่งชาติ (สคทช.), สำนักนายกรัฐมนตรี",-,-,-,กำหนดหลักเกณฑ์และวิธีการจัดให้มีข้อมูลข่าวสารของราชการของสำนักงานคณะกรรมการนโยบายที่ดินแห่งชาติ เพื่อให้ประชาชนเข้าตรวจดู ศึกษา ค้นคว้า หรือขอสำเนา โดยมีคณะกรรมการ กข.สคทช. เป็นผู้พิจารณาวินิจฉัยการเปิดเผยข้อมูลและการจัดเก็บ,ผู้รับบริการต้องยื่นคำร้องขอข้อมูลข่าวสารตามแบบฟอร์มที่กำหนดและชำระค่าธรรมเนียมตามที่สำนักงานกำหนด รวมทั้งต้องปฏิบัติตามระเบียบการเข้าใช้สถานที่อย่างเคร่งครัด เช่น แต่งกายสุภาพ และห้ามใช้อุปกรณ์บันทึกภาพเว้นแต่จะได้รับอนุญาต,🔵 ฟ้า (ระเบียบภาครัฐ),ระเบียบภาครัฐ,แบบ สคทช. กข. (คำร้องขอข้อมูลข่าวสารของราชการ),ราชกิจจานุเบกษา เล่ม 139 ตอนพิเศษ 11 ง หน้า 1,"1) คู่มือการปฏิบัติตาม พ.ร.บ. ข้อมูลข่าวสารของราชการ พ.ศ. 2540
2) ระเบียบกระทรวงการคลัง ว่าด้วยเงินค่าธรรมเนียมข้อมูลข่าวสารของราชการ พ.ศ. 2548",,ข้าราชการ พนักงานราชการ ลูกจ้าง และผู้สนับสนุนงานราชการ ซึ่งปฏิบัติงานให้กับสำนักงานคณะกรรมการนโยบายที่ดินแห่งชาติ รวมไปถึงประชาชนทั่วไปที่ต้องการขอข้อมูลข่าวสารของราชการจากหน่วยงานนี้,"จัดให้มีข้อมูลข่าวสาร, เข้าตรวจดู, ศึกษาค้นคว้า, ขอสำเนา, เปิดเผยข้อมูล",ข้อมูลข่าวสารของราชการ,"ข้อมูลข่าวสารของราชการ, สำนักงานคณะกรรมการนโยบายที่ดินแห่งชาติ, คณะกรรมการบริหารข้อมูลข่าวสารของราชการ",-,CC19,"[CC19]: เป็นระเบียบที่กำหนดสิทธิของประชาชนและขั้นตอนในการขอเข้าตรวจดู ศึกษา ค้นคว้า ขอสำเนา และการพิจารณาอนุญาตให้เปิดเผยข้อมูล ซึ่งอยู่ในความครอบครองของหน่วยงานรัฐ (สำนักงานคณะกรรมการนโยบายที่ดินแห่งชาติ) ตามคำว่า ""ข้อมูลข่าวสารของราชการ"" ในข้อ ๑๒, ๑๔ และ ๑๗",100%,-
134,100134,ระเบียบคณะกรรมการกำกับกิจการพลังงาน ว่าด้วยการกำหนดมาตรฐานความปลอดภัย สิ่งแวดล้อม และการจัดการสิ่งปฏิกูลของโรงไฟฟ้า พ.ศ. ๒๕๖๔,https://ratchakitcha.soc.go.th/documents/17193908.pdf,บังคับใช้,,,,13,มกราคม,2565,14 มกราคม 2565,-,ระเบียบ,"พระราชบัญญัติการประกอบกิจการพลังงาน พ.ศ. ๒๕๕๐ มาตรา ๕๐, พระราชบัญญัติการประกอบกิจการพลังงาน พ.ศ. ๒๕๕๐ มาตรา ๕๑ วรรคสอง (๒), พระราชบัญญัติการประกอบกิจการพลังงาน พ.ศ. ๒๕๕๐ มาตรา ๕๑ วรรคสอง (๓), พระราชบัญญัติการประกอบกิจการพลังงาน พ.ศ. ๒๕๕๐ มาตรา ๕๑ วรรคสอง (๑๓), พระราชบัญญัติการประกอบกิจการพลังงาน พ.ศ. ๒๕๕๐ มาตรา ๕๓, พระราชบัญญัติการประกอบกิจการพลังงาน พ.ศ. ๒๕๕๐ มาตรา ๗๒, พระราชบัญญัติการประกอบกิจการพลังงาน พ.ศ. ๒๕๕๐ มาตรา ๗๓, พระราชบัญญัติการประกอบกิจการพลังงาน พ.ศ. ๒๕๕๐ มาตรา ๗๕","สำนักงานคณะกรรมการกำกับกิจการพลังงาน (กกพ.), กระทรวงพลังงาน",-,-,-,กำหนดมาตรฐานความปลอดภัย มาตรฐานสิ่งแวดล้อมด้านอากาศเสีย น้ำทิ้ง ระดับเสียง และการจัดการสิ่งปฏิกูลของโรงไฟฟ้าเพื่อการบริหารจัดการที่มีประสิทธิภาพ,ผู้รับใบอนุญาตผลิตไฟฟ้าต้องปฏิบัติตามมาตรฐานความปลอดภัยและสิ่งแวดล้อมอย่างเคร่งครัด พร้อมทั้งจัดทำและนำส่งรายงานการประเมินและแผนป้องกันอุบัติภัยให้แก่สำนักงาน กกพ. ตามระยะเวลาที่กำหนด,🟠 ส้ม (โทษทางปกครอง/แพ่ง),โทษทางปกครอง (พักใช้หรือเพิกถอนใบอนุญาต),ใบอนุญาตผลิตไฟฟ้า,ราชกิจจานุเบกษา เล่ม 139 ตอนพิเศษ 9 ง หน้า 1,"1) คู่มือการปฏิบัติตาม EIA / EHIA
2) มาตรฐานกรมโรงงานอุตสาหกรรม (เช่น การจัดการกากอุตสาหกรรม)
3) คู่มือการตรวจวัดและควบคุมคุณภาพอากาศและน้ำทิ้ง ตามกฎหมายว่าด้วยส่งเสริมและรักษาคุณภาพสิ่งแวดล้อมแห่งชาติ",,ผู้รับใบอนุญาตผลิตไฟฟ้าและผู้ประกอบกิจการโรงไฟฟ้า,"ผลิตไฟฟ้า, จัดการสิ่งปฏิกูล, กำจัด, ฝังกลบ, ขนส่งของเสียอันตราย, ตรวจวัดสิ่งแวดล้อม, บำบัดอากาศเสีย, ตรวจทดสอบ","โรงไฟฟ้า, หม้อน้ำ, เตาเผามูลฝอย, ของเสียอันตราย, กากอุตสาหกรรม, อากาศเสีย, สิ่งปฏิกูล","มาตรฐานความปลอดภัย, ใบอนุญาตผลิตไฟฟ้า, กกพ., จัดการสิ่งปฏิกูล, ผู้ควบคุมดูแลระบบป้องกันสิ่งแวดล้อมเป็นพิษ, ใบกำกับการขนส่ง","K1, BA1, BA2, BA4, AZ6, AY3",CC32,"[K1]: เป็นผู้ถูกบังคับใช้หลัก (ผู้ประกอบกิจการโรงไฟฟ้าทุกประเภท) ที่ต้องปฏิบัติตามมาตรฐานความปลอดภัยและสิ่งแวดล้อม รวมถึงการจัดการสิ่งปฏิกูล ตามข้อ ๓, ๗ และ ๓๒

[BA1]: เป็นผู้ให้บริการตรวจวัดและห้องปฏิบัติการ ที่รับจ้างติดตั้งเครื่องมือ CEMS ตรวจวัดคุณภาพอากาศ น้ำทิ้ง และเสียงรบกวน ตามข้อ ๑๕, ๒๑ และ ๒๗

[BA2]: เป็นผู้ให้บริการวิศวกรรมตรวจสอบ (วิศวกรตรวจทดสอบหม้อน้ำ) ที่รับจ้างตรวจสอบและรับรองความปลอดภัยในการใช้งานหม้อน้ำของโรงไฟฟ้า ตามข้อ ๘ และ ๔๒(๓)

[BA4]: เป็นกลุ่มบุคลากรด้านสิ่งแวดล้อมและความปลอดภัย (ผู้จัดการสิ่งแวดล้อม/ผู้ควบคุมระบบบำบัดมลพิษ) ที่โรงไฟฟ้าต้องจัดให้มีประจำโรงงาน ตามข้อ ๓๙

[AZ6]: เป็นผู้ให้บริการใน Ecosystem (ผู้บำบัดและกำจัดสิ่งปฏิกูล) ที่ทำหน้าที่รับกำจัดและฝังกลบสิ่งปฏิกูลซึ่งโรงไฟฟ้าต้องทำสัญญาใช้บริการด้วย ตามข้อ ๓๑ และ ๓๓(๓) รวมถึงกรณีที่โรงไฟฟ้าดำเนินการฝังกลบเองภายในพื้นที่ ตามข้อ ๓๔(๑)

[AY3]: เป็นผู้ให้บริการขนส่งขยะอันตราย ซึ่งโรงไฟฟ้าต้องปฏิบัติตามโดยการจัดส่งสำเนาใบกำกับการขนส่งเมื่อมีการนำของเสียอันตรายออกนอกโรงไฟฟ้า ตามข้อ ๓๓(๒)

[CC32]: เป็นหน่วยงานกำกับดูแลหลักที่ผู้รับใบอนุญาตต้องจัดส่งรายงาน แจ้งข้อมูล และทำตามระเบียบของ กกพ. ตามข้อ ๒๙ และ ๔๑",100%,-
135,100135,ระเบียบกรมเจ้าท่า ว่าด้วยหลักเกณฑ์และวิธีการในการอนุญาตให้บุคคลซึ่งสั่งหรือนำของเข้ามาจากต่างประเทศบรรทุกของนั้นโดยเรืออื่นที่มิใช่เรือไทย พ.ศ. ๒๕๖๔,https://ratchakitcha.soc.go.th/documents/17194046.pdf,บังคับใช้,,"ระเบียบสำนักงานคณะกรรมการส่งเสริมการพาณิชยนาวี เรื่อง หลักเกณฑ์
และวิธีการในการอนุญาตให้บุคคลซึ่งสั่งหรือนำของเข้ามาจากต่างประเทศบรรทุกของนั้นโดยเรืออื่น
ที่มิใช่เรือไทย ลงวันที่ ๑๖ พฤษภาคม ๒๕๒๙",,12,มกราคม,2565,13 มกราคม 2565,-,ระเบียบ,พระราชบัญญัติส่งเสริมการพาณิชยนาวี พ.ศ. ๒๕๒๑ มาตรา ๑๙,"กรมเจ้าท่า, กระทรวงคมนาคม",-,-,-,กำหนดหลักเกณฑ์และวิธีการสำหรับผู้ที่สั่งหรือนำเข้าของจากต่างประเทศ ซึ่งตามกฎหมายต้องบรรทุกโดยเรือไทย แต่มีเหตุจำเป็นต้องใช้เรืออื่นในการบรรทุกสินค้า ให้ดำเนินการขออนุญาตตามขั้นตอนที่ระบุ,ผู้สั่งหรือนำเข้าของที่ไม่อาจจัดให้บรรทุกโดยเรือไทยได้ ต้องยื่นคำขอรับหนังสืออนุญาต (แบบฟอร์ม กกพ.๐๑) พร้อมหลักฐานแสดงความจำเป็นต่อกรมเจ้าท่า ล่วงหน้าไม่น้อยกว่า 10 วันก่อนบรรทุกลงเรือ และเมื่อของมาถึงประเทศไทยแล้ว ต้องแจ้งให้กรมเจ้าท่าทราบทันทีตามแบบฟอร์มที่กำหนด,โทษเชื่อมโยงจากกฎหมายแม่,รอเชื่อมโยง: พระราชบัญญัติส่งเสริมการพาณิชยนาวี พ.ศ. 2521 มาตรา 19,หนังสืออนุญาตให้บรรทุกของที่สั่งหรือนำเข้ามาจากต่างประเทศโดยเรืออื่นที่มิใช่เรือไทย,ราชกิจจานุเบกษา เล่ม 139 ตอนพิเศษ 8 ง หน้า 1,"1) แบบฟอร์ม กกพ.01 (คำขอรับหนังสืออนุญาต) 
2) แบบฟอร์ม กกพ.04 (หนังสือแจ้งการมาถึงของของ) 
3) คู่มือการขออนุญาตใช้เรือต่างชาติ (กองกำกับการพาณิชยนาวี กรมเจ้าท่า)",,บุคคล ส่วนราชการ องค์การของรัฐ หน่วยงานของรัฐ รัฐวิสาหกิจ ผู้รับจัดการขนส่ง หรือบุคคลอื่นที่สั่งหรือนำของเข้ามาจากต่างประเทศ,"สั่ง, นำเข้า, บรรทุกของ, อนุญาตบรรทุก, รับรองการให้บริการ","สินค้านำเข้า, ของที่สั่งจากต่างประเทศ","ส่งเสริมการพาณิชยนาวี, บรรทุกโดยเรือไทย, คำขอรับหนังสืออนุญาต","AA1, AA2, BE1",BE5,"[AA1]: เป็นผู้ปฏิบัติหลัก (ผู้นำเข้าทั่วไป) ที่หากสั่งของเข้ามาแล้วไม่สามารถใช้เรือไทยได้ ต้องยื่นคำขออนุญาตบรรทุกโดยเรืออื่น ตามข้อ ๒

[AA2]: เป็นผู้ปฏิบัติแทน (ตัวแทนรับจัดการขนส่ง/ผู้สั่งหรือนำเข้าแทน) ซึ่งอาจได้รับมอบหมายให้จัดการสั่งหรือนำเข้าและต้องยื่นคำขออนุญาตแทนส่วนราชการหรือรัฐวิสาหกิจ ตามข้อ ๓

[BE1]: เป็นผู้ให้บริการหลัก (บริษัทเรือไทย/ผู้ประกอบการเดินเรือพาณิชยนาวี) ที่เป็นกลุ่มเป้าหมายในระบบนิเวศ ซึ่งมีสิทธิรับบรรทุกสินค้าก่อน และมีหน้าที่ต้องออกหนังสือรับรองหรือจัดเรือเข้ารับบริการตามกำหนดเวลา หากละทิ้งหน้าที่หรือไม่สามารถให้บริการได้ตามที่แจ้งไว้ จะส่งผลให้ผู้นำเข้าได้รับอนุญาตให้ใช้เรือต่างชาติแทน ตามข้อ ๕(๒.๑), ๕(๒.๒) และภาคผนวก ๓

[BE5]: เป็นหน่วยงานผู้ออกกฎระเบียบและพิจารณาอนุญาต (กรมเจ้าท่า) ในการพิจารณายกเว้นข้อกำหนดการใช้เรือไทย ตามข้อ ๔ และ ๕",100%,ยกเลิกระเบียบสำนักงานคณะกรรมการส่งเสริมการพาณิชยนาวี เรื่อง หลักเกณฑ์และวิธีการในการอนุญาตให้บุคคลซึ่งสั่งหรือนำของเข้ามาจากต่างประเทศบรรทุกของนั้นโดยเรืออื่นที่มิใช่เรือไทย ลงวันที่ ๑๖ พฤษภาคม ๒๕๒๙ ตามข้อ ๑
136,100136,ระเบียบคณะกรรมการกิจการกระจายเสียง กิจการโทรทัศน์ และกิจการโทรคมนาคมแห่งชาติ ว่าด้วยการใช้เครื่องหมายราชการของสำนักงาน กสทช. พ.ศ. ๒๕๖๔,https://ratchakitcha.soc.go.th/documents/17193571.pdf,บังคับใช้,,,,11,มกราคม,2565,12 มกราคม 2565,-,ระเบียบ,"พระราชบัญญัติองค์กรจัดสรรคลื่นความถี่และกำกับการประกอบกิจการวิทยุกระจายเสียง วิทยุโทรทัศน์ และกิจการโทรคมนาคม พ.ศ. ๒๕๕๓ มาตรา ๒๗ (๑๙), พระราชบัญญัติองค์กรจัดสรรคลื่นความถี่และกำกับการประกอบกิจการวิทยุกระจายเสียง วิทยุโทรทัศน์ และกิจการโทรคมนาคม พ.ศ. ๒๕๕๓ มาตรา ๕๘","สำนักงานคณะกรรมการกิจการกระจายเสียง กิจการโทรทัศน์ และกิจการโทรคมนาคมแห่งชาติ (กสทช.), หน่วยงานอิสระของรัฐ",-,-,-,กำหนดหลักเกณฑ์การใช้เครื่องหมายราชการของสำนักงาน กสทช. โดยให้ใช้เฉพาะในกิจการของ กสทช. และสำนักงาน กสทช. เท่านั้น ห้ามนำไปใช้เพื่อประโยชน์ทางการค้าหรือหากำไร และหากบุคคลภายนอกต้องการใช้จะต้องได้รับอนุญาตจากประธาน กสทช. ก่อน,ภาคเอกชนหรือประชาชนทั่วไปที่ประสงค์จะใช้เครื่องหมายราชการของสำนักงาน กสทช. จะต้องทำเรื่องขออนุญาตจากประธาน กสทช. ให้ถูกต้อง และต้องไม่นำเครื่องหมายดังกล่าวไปใช้เพื่อการค้าหรือแสวงหากำไรเด็ดขาด,โทษเชื่อมโยงจากกฎหมายแม่,"รอเชื่อมโยง: พระราชบัญญัติองค์กรจัดสรรคลื่นความถี่และกำกับการประกอบกิจการวิทยุกระจายเสียง วิทยุโทรทัศน์ และกิจการโทรคมนาคม พ.ศ. 2553 มาตรา 27, 58",หนังสืออนุญาตจากประธาน กสทช.,ราชกิจจานุเบกษา เล่ม 139 ตอนพิเศษ 7 ง หน้า 1,"1) พระราชบัญญัติเครื่องหมายราชการ พ.ศ. 2482
2) แบบคำขออนุญาตใช้เครื่องหมายราชการของสำนักงาน กสทช.",,บุคคล นิติบุคคล หรือหน่วยงานที่ต้องการใช้เครื่องหมายราชการของสำนักงาน กสทช.,"ใช้, ติด, ประดับ, อนุญาต, ห้ามใช้ทางการค้า","เครื่องหมายราชการ, สำนักงาน กสทช.","คณะกรรมการกิจการกระจายเสียง กิจการโทรทัศน์ และกิจการโทรคมนาคมแห่งชาติ, การใช้เครื่องหมายราชการ, ห้ามใช้เพื่อประโยชน์ในทางการค้าหากำไร","S3, AA23, BF3, AI3, AI4, BI2","CC27, CC30","[S3]: เป็นผู้ผลิตอุปกรณ์สื่อสาร (กลุ่มเสี่ยง) ที่ต้องรับทราบข้อห้ามในการนำเครื่องหมายราชการ กสทช. ไปประทับบนผลิตภัณฑ์เพื่อประโยชน์ทางการค้า ตามข้อ ๓

[AA23]: เป็นผู้นำเข้าอุปกรณ์โทรคมนาคม ที่ต้องระมัดระวังการใช้โลโก้ กสทช. ในการโฆษณาหรือบรรจุภัณฑ์เพื่อหากำไร ตามข้อ ๓

[BF3]: เป็นผู้นำเข้าและจำหน่ายโดรน ซึ่งอยู่ใต้กำกับ กสทช. และต้องปฏิบัติตามข้อห้ามการใช้เครื่องหมายราชการเพื่อการค้า ตามข้อ ๓

[AI3]: เป็นผู้ประกอบกิจการโทรทัศน์ ที่ต้องรับทราบข้อห้ามและข้อจำกัดในการนำโลโก้ กสทช. ไปแสดงหน้าจอหรือใช้ในการโฆษณาหารายได้ ตามข้อ ๓

[AI4]: เป็นผู้ประกอบกิจการวิทยุ ที่อยู่ภายใต้ข้อบังคับห้ามนำเครื่องหมายราชการไปใช้เพื่อประโยชน์ทางการค้า ตามข้อ ๓

[BI2]: เป็นผู้ให้บริการเครือข่ายโทรคมนาคม ที่ต้องหลีกเลี่ยงการใช้ตราสัญลักษณ์ กสทช. ในแคมเปญการตลาดเชิงพาณิชย์เว้นแต่ได้รับอนุญาต ตามข้อ ๓

[CC27]: เป็นกลุ่มงานกำกับดูแลการใช้ตราสัญลักษณ์ราชการให้เกิดความเหมาะสมและความเรียบร้อย ตามข้อ ๓

[CC30]: เป็นระเบียบที่กำหนดหลักเกณฑ์สำหรับสำนักงาน กสทช. และการขออนุญาตจากประธาน กสทช. ตามข้อ ๓",100%,
137,100137,ระเบียบองค์การบริหารส่วนตำบลป่างิ้ว ว่าด้วยข้อมูลข่าวสารของราชการ พ.ศ. ๒๕๖๔,https://ratchakitcha.soc.go.th/documents/17193336.pdf,บังคับใช้,,,,10,มกราคม,2565,11 มกราคม 2565,-,ระเบียบ,"พระราชบัญญัติข้อมูลข่าวสารของราชการ พ.ศ. ๒๕๔๐, ประกาศคณะกรรมการข้อมูลข่าวสารของราชการ เรื่อง หลักเกณฑ์และวิธีการเกี่ยวกับการจัดให้มีข้อมูลข่าวสารของราชการไว้ให้ประชาชนเข้าตรวจดู ลงวันที่ ๒๔ กุมภาพันธ์ ๒๕๔๑ ข้อ ๔, พระราชกฤษฎีกาว่าด้วยหลักเกณฑ์และวิธีการบริหารกิจการบ้านเมืองที่ดี พ.ศ. ๒๕๔๖ มาตรา ๓๘",องค์การบริหารส่วนตำบลป่างิ้ว,องค์การบริหารส่วนตำบล ป่างิ้ว,เมืองอ่างทอง,อ่างทอง,กำหนดหลักเกณฑ์และวิธีการในการบริหารจัดการ การให้บริการ และการเปิดเผยข้อมูลข่าวสารของราชการที่อยู่ในความครอบครองขององค์การบริหารส่วนตำบลป่างิ้ว โดยให้จัดตั้งศูนย์ข้อมูลข่าวสาร แต่งตั้งคณะกรรมการ และกำหนดขั้นตอนตลอดจนระยะเวลาการขอตรวจดูหรือขอสำเนาข้อมูลข่าวสารของประชาชนเพื่อความรวดเร็วและเป็นระบบ,ภาคเอกชนหรือประชาชนที่ต้องการข้อมูลข่าวสารสามารถยื่นคำขอเป็นหนังสือ ณ ศูนย์ข้อมูลข่าวสารขององค์การบริหารส่วนตำบลป่างิ้ว โดยระบุข้อมูลที่ต้องการให้ชัดเจน และชำระค่าธรรมเนียมการทำสำเนาหรือขอสำเนาที่มีคำรับรองความถูกต้องตามหลักเกณฑ์ที่หน่วยงานกำหนด,🔵 ฟ้า,ระเบียบภาครัฐ,แบบคำขอข้อมูลข่าวสารของราชการ,ราชกิจจานุเบกษา เล่ม ๑๓๙ ตอนพิเศษ ๖ ง หน้า ๑,"1) คู่มือการปฏิบัติตามพระราชบัญญัติข้อมูลข่าวสารของราชการ พ.ศ. ๒๕๔๐
2) แบบคำขอข้อมูลข่าวสาร (ตามแบบที่องค์การบริหารส่วนตำบลกำหนด)",,"พนักงานองค์การบริหารส่วนตำบล ลูกจ้างประจำ พนักงานจ้างขององค์การบริหารส่วนตำบลป่างิ้ว, ประชาชนผู้ยื่นคำขอตรวจดูข้อมูลข่าวสาร","จัดตั้งศูนย์ข้อมูลข่าวสาร, จัดระบบข้อมูลข่าวสาร, ขอตรวจดูข้อมูลข่าวสาร, ขอสำเนาข้อมูล, อนุญาตเปิดเผยข้อมูล, เรียกเก็บค่าธรรมเนียม","ข้อมูลข่าวสารของราชการ, ข้อมูลข่าวสารส่วนบุคคล, สำเนาข้อมูลข่าวสาร","ข้อมูลข่าวสารของราชการ, ศูนย์ข้อมูลข่าวสาร, การเปิดเผยข้อมูล, ความลับของราชการ, คณะกรรมการข้อมูลข่าวสาร",-,CC19,"[CC19]: เป็นระเบียบสำหรับหน่วยงานรัฐที่ต้องจัดตั้งศูนย์ข้อมูลข่าวสารและจัดระบบให้บริการเปิดเผยข้อมูลของราชการแก่ประชาชน ตามข้อ 12 และข้อ 13

[CC6]: เป็นกลุ่มพนักงานองค์การบริหารส่วนตำบล ลูกจ้างประจำ และพนักงานจ้าง ที่ถูกบังคับใช้ให้ต้องปฏิบัติตามระเบียบนี้ ตามข้อ 4

[CC23]: กำหนดให้คณะกรรมการมีอำนาจหน้าที่ให้คำแนะนำการจัดทำและปรับปรุงข้อมูลข่าวสารตามระเบียบสำนักนายกรัฐมนตรีว่าด้วยงานสารบรรณ ตามข้อ 8(5)",100%,
138,100138,ระเบียบกรมศิลปากร ว่าด้วยการให้บริการแก่ประชาชนของหอจดหมายเหตุแห่งชาติ การทำสำเนาเอกสารจดหมายเหตุ อัตราค่าทำสำเนาเอกสารจดหมายเหตุและค่าบริการอื่น พ.ศ. ๒๕๖๔,https://ratchakitcha.soc.go.th/documents/17193289.pdf,บังคับใช้,,"ระเบียบกรมศิลปากร ว่าด้วยการเข้าใช้บริการในหอจดหมายเหตุแห่งชาติ พ.ศ. ๒๕๕๓, ประกาศกรมศิลปากร เรื่อง อัตราค่าทำสำเนาเอกสารจดหมายเหตุและค่าบริการอื่น ",,8,มกราคม,2565,9 มกราคม 2565,-,ระเบียบ,พระราชบัญญัติจดหมายเหตุแห่งชาติ พ.ศ. ๒๕๕๖ มาตรา ๑๕,"กรมศิลปากร, กระทรวงวัฒนธรรม",-,-,-,กำหนดหลักเกณฑ์ วิธีการ และเงื่อนไขการให้บริการแก่ประชาชนของหอจดหมายเหตุแห่งชาติ รวมถึงข้อปฏิบัติในการเข้าใช้บริการค้นคว้า การทำสำเนาเอกสารจดหมายเหตุประเภทต่าง ๆ และกำหนดอัตราค่าธรรมเนียมการทำสำเนาและค่าบริการอื่น ๆ,ประชาชนและผู้ขอใช้บริการต้องลงทะเบียนด้วยบัตรประจำตัวประชาชนหรือลงทะเบียนผ่านเว็บไซต์และปฏิบัติตามข้อห้ามในห้องบริการค้นคว้าอย่างเคร่งครัด หากประสงค์จะทำสำเนาเอกสารต้องยื่นคำขอตามแบบ จช.๑ หรือ จช.๒ และชำระค่าธรรมเนียมตามอัตราที่ระบุไว้ก่อนรับสำเนา,🟠 ส้ม,โทษทางปกครอง / โทษทางแพ่ง,แบบคำขอทำสำเนาเอกสารจดหมายเหตุ แบบ จช.๑ และ แบบ จช.๒,ราชกิจจานุเบกษา เล่ม ๑๓๙ ตอนพิเศษ ๕ ง หน้า ๓,"1) คู่มือแนวทางการเข้าใช้บริการหอจดหมายเหตุแห่งชาติ กรมศิลปากร

2) แบบคำขอทำสำเนาเอกสารจดหมายเหตุประเภทเอกสารลายลักษณ์ (แบบ จช.๑) 

3) แบบคำขอทำสำเนาเอกสารจดหมายเหตุ ประเภทวัสดุคอมพิวเตอร์ โสตทัศนจดหมายเหตุ แผนที่ แผนผัง แบบแปลน (แบบ จช.๒)",,ประชาชน ผู้ค้นคว้า หน่วยงานของรัฐ หรือเอกชน ที่เข้าใช้บริการเพื่อศึกษา ค้นคว้า วิจัย หรือทำสำเนาเอกสารจดหมายเหตุ,"เข้าใช้บริการ, ศึกษาค้นคว้าวิจัย, ทำสำเนาเอกสาร, ชำระค่าธรรมเนียม, อ้างอิงแหล่งที่มา","เอกสารจดหมายเหตุ, เอกสารลายลักษณ์, โสตทัศนจดหมายเหตุ, แผนที่และแบบแปลน, วัสดุคอมพิวเตอร์","หอจดหมายเหตุแห่งชาติ, กรมศิลปากร, ค่าธรรมเนียมทำสำเนา, ลิขสิทธิ์คุ้มครอง, ค่าสินไหมทดแทน","AM6, AI6, AI1","BR1, BL4, CC6, BZ3","[AM6]: เป็นผู้ค้นคว้ากลุ่มนักศึกษาและมหาวิทยาลัยที่ได้รับสิทธิลดหย่อนค่าธรรมเนียมและต้องอ้างอิงหอจดหมายเหตุแห่งชาติเมื่อนำข้อมูลไปทำวิทยานิพนธ์หรือเอกสารวิชาการ ตามข้อ 12 และข้อ 22

[AI6]: เป็นกลุ่มสื่อสิ่งพิมพ์และสำนักพิมพ์ที่หากนำข้อมูลไปอ้างอิงในหนังสือหรือบทความ จะต้องอ้างอิงแหล่งที่มาและจัดส่งสำเนาให้กรมศิลปากร 1 ชุด ตามข้อ 12

[AI1]: เป็นผู้ผลิตภาพยนตร์และสารคดี ซึ่งต้องปฏิบัติตามหลักเกณฑ์การอ้างอิงแหล่งที่มาและต้องขออนุญาตอธิบดีกรมศิลปากรหากต้องการดัดแปลงเอกสาร ตามข้อ 12

[BR1]: เป็นระเบียบปฏิบัติโดยตรงของหอจดหมายเหตุแห่งชาติในการให้บริการห้องค้นคว้า การจัดการเอกสาร และการกำหนดอัตราค่าทำสำเนา ตามข้อ 8 และข้อ 20

[BL4]: เป็นกลุ่มนักวิจัยที่เข้ามาใช้บริการ ซึ่งต้องปฏิบัติตามข้อห้ามในห้องค้นคว้า ขั้นตอนการยืมเอกสาร และรับผิดชอบค่าสินไหมทดแทนหากเอกสารเสียหาย ตามข้อ 11 และข้อ 28

[CC6]: เป็นเจ้าหน้าที่กรมศิลปากรและหอจดหมายเหตุแห่งชาติที่ทำหน้าที่บังคับใช้ระเบียบ ควบคุมการใช้เอกสาร และตรวจสอบการชำระค่าธรรมเนียม ตามข้อ 4 ข้อ 18 และข้อ 21

[BZ3]: เป็นข้อบังคับสำหรับการขอทำสำเนาเอกสารจดหมายเหตุที่ยังมีลิขสิทธิ์คุ้มครอง โดยผู้ค้นคว้าต้องนำหลักฐานการได้รับอนุญาตจากเจ้าของลิขสิทธิ์มายื่นก่อนทำสำเนา ตามข้อ 17",100%,ให้ยกเลิกระเบียบกรมศิลปากร ว่าด้วยการเข้าใช้บริการในหอจดหมายเหตุแห่งชาติ พ.ศ. 2553 และประกาศกรมศิลปากร เรื่อง อัตราค่าทำสำเนาเอกสารจดหมายเหตุและค่าบริการอื่น ตามข้อ 3
139,100139,ระเบียบสำนักงานปลัดกระทรวงพาณิชย์ ว่าด้วยข้อมูลข่าวสารของราชการ (ฉบับที่ ๑๐) พ.ศ. ๒๕๖๔,https://ratchakitcha.soc.go.th/documents/17193290.pdf,บังคับใช้,,,ระเบียบสำนักงานปลัดกระทรวงพาณิชย์ ว่าด้วยข้อมูลข่าวสารของราชการ พ.ศ. ๒๕๔๔ (ข้อ ๗),8,มกราคม,2565,9 มกราคม 2565,-,ระเบียบ,ระเบียบสำนักงานปลัดกระทรวงพาณิชย์ ว่าด้วยข้อมูลข่าวสารของราชการ,"{""suggested_new_agency"": ""สำนักงานปลัดกระทรวงพาณิชย์""}",-,-,-,เป็นการปรับปรุงองค์ประกอบของคณะกรรมการบริหารงานข้อมูลข่าวสาร สำนักงานปลัดกระทรวงพาณิชย์ (กขร.สป.) ให้เหมาะสมและสอดคล้องกับภารกิจ โดยยกเลิกความในข้อ ๗ เดิมและกำหนดโครงสร้างคณะกรรมการขึ้นใหม่,เป็นระเบียบข้อบังคับภายในสำหรับการบริหารจัดการของหน่วยงานรัฐ ภาคเอกชนและประชาชนไม่มีหน้าที่ที่ต้องดำเนินการตามระเบียบนี้โดยตรง,⚪️ เทา,-,ไม่มี,ราชกิจจานุเบกษา เล่ม ๑๓๙ ตอนพิเศษ ๕ ง หน้า ๓,-,,คณะกรรมการบริหารงานข้อมูลข่าวสาร สำนักงานปลัดกระทรวงพาณิชย์ (กขร.สป.),"ปรับปรุงองค์ประกอบคณะกรรมการ, บริหารงานข้อมูลข่าวสาร","ข้อมูลข่าวสารของราชการ, คณะกรรมการข้อมูลข่าวสาร","ข้อมูลข่าวสารของราชการ, สำนักงานปลัดกระทรวงพาณิชย์, คณะกรรมการบริหารงานข้อมูลข่าวสาร",-,CC19,"[CC19]: เป็นระเบียบที่ปรับปรุงองค์ประกอบของคณะกรรมการบริหารงานข้อมูลข่าวสารของราชการ เพื่อบริหารจัดการข้อมูลข่าวสารภายในหน่วยงานรัฐ ตามข้อ 3 
",100%,ให้ยกเลิกข้อความในข้อ 7 ของระเบียบสำนักงานปลัดกระทรวงพาณิชย์ว่าด้วยข้อมูลข่าวสารของราชการ พ.ศ. 2544 ซึ่งแก้ไขเพิ่มเติมโดยฉบับที่ 4 พ.ศ. 2561 และให้ใช้ข้อความใหม่แทน ตามข้อ 3
140,100140,ระเบียบการท่าเรือแห่งประเทศไทย ว่าด้วยการพิจารณาเกี่ยวกับการจ่ายเงินทดแทน พ.ศ. ๒๕๖๔,https://ratchakitcha.soc.go.th/documents/17193291.pdf,บังคับใช้,,ระเบียบการท่าเรือแห่งประเทศไทย ว่าด้วยวิธีปฏิบัติในการพิจารณาและดำเนินการเกี่ยวกับการจ่ายเงินทดแทน พ.ศ. 2557,,8,มกราคม,2565,9 มกราคม 2565,-,ระเบียบ,พระราชบัญญัติการท่าเรือแห่งประเทศไทย พ.ศ. ๒๔๙๔ มาตรา ๓๒ (๒),"การท่าเรือแห่งประเทศไทย, กระทรวงคมนาคม",-,-,-,ปรับปรุงหลักเกณฑ์และวิธีปฏิบัติในการพิจารณาจ่ายเงินทดแทน ค่ารักษาพยาบาล ค่าฟื้นฟูสมรรถภาพในการทำงาน และค่าทำศพให้แก่พนักงานการท่าเรือแห่งประเทศไทยที่ประสบอันตราย เจ็บป่วย หรือสูญหายเนื่องจากการทำงานให้สอดคล้องกับมาตรฐานขั้นต่ำของสภาพการจ้างในรัฐวิสาหกิจ ตลอดจนกำหนดสิทธิผู้รับเงินทดแทนและโครงสร้างคณะกรรมการที่พิจารณา,พนักงานที่ประสบอันตรายหรือผู้มีสิทธิตามที่กำหนด ต้องนำเอกสารหลักฐานที่เกี่ยวข้อง เช่น ใบรับรองแพทย์ บัตรประจำตัวประชาชน และทะเบียนบ้าน ยื่นต่อกองแรงงานสัมพันธ์ กรณีที่การเจ็บป่วยเกิดขึ้นภายหลังการสิ้นสภาพการเป็นพนักงาน ต้องยื่นเอกสารภายใน 2 ปีนับแต่วันที่ทราบการเจ็บป่วย,⚪️ เทา,-,ไม่มี,ราชกิจจานุเบกษา เล่ม ๑๓๙ ตอนพิเศษ ๕ ง หน้า ๑๒,"แบบแจ้งการประสบอันตราย หรือเจ็บป่วย หรือสูญหาย ตามที่ กทท. กำหนด 

",,พนักงานการท่าเรือแห่งประเทศไทย และผู้มีสิทธิได้รับเงินทดแทน (บิดามารดา สามีหรือภรรยา และบุตร),"พิจารณาจ่ายเงินทดแทน, วิเคราะห์สาเหตุการประสบอันตราย, เบิกจ่ายเงิน, อุทธรณ์ผลการพิจารณา","สวัสดิการพนักงาน, เงินทดแทน, ค่ารักษาพยาบาล, ค่าฟื้นฟูสมรรถภาพ, ค่าทำศพ","การท่าเรือแห่งประเทศไทย, แรงงานรัฐวิสาหกิจสัมพันธ์, ประสบอันตรายเนื่องจากการทำงาน, ทุพพลภาพ, ศาลแรงงาน",-,"BY6, BY2, CC4","[BY6]: เป็นระเบียบที่ออกโดยอาศัยอำนาจตามพระราชบัญญัติการท่าเรือแห่งประเทศไทย พ.ศ. 2494 ซึ่งเป็นกฎหมายจัดตั้งเฉพาะแห่งของรัฐวิสาหกิจ ตามอารัมภบท 

[BY2]: เป็นระเบียบที่กำหนดสิทธิประโยชน์และขั้นตอนการจ่ายเงินทดแทนให้แก่พนักงาน (แรงงานรัฐวิสาหกิจ) เพื่อให้สอดคล้องกับประกาศคณะกรรมการแรงงานรัฐวิสาหกิจสัมพันธ์ ตามอารัมภบทและข้อ 6 

[CC4]: กำหนดให้พนักงานหรือผู้มีสิทธิสามารถนำคดีไปฟ้องร้องต่อ ""ศาลแรงงาน"" (ซึ่งเป็นศาลชำนัญพิเศษในระบบศาลยุติธรรม) ได้หากไม่เห็นด้วยกับผลการพิจารณาจ่ายเงินทดแทน ตามข้อ 17",100%,ยกเลิกระเบียบการท่าเรือแห่งประเทศไทย ว่าด้วยวิธีปฏิบัติในการพิจารณาและดำเนินการเกี่ยวกับการจ่ายเงินทดแทน พ.ศ. 2557 ตามข้อ 3 
141,100141,ระเบียบองค์การบริหารส่วนตําบลนากอก ว่าด้วยข้อมูลข่าวสารของราชการ พ.ศ. ๒๕๖๔,https://ratchakitcha.soc.go.th/documents/17193292.pdf,บังคับใช้,,,,8,มกราคม,2565,9 มกราคม 2565,-,ระเบียบ,"พระราชบัญญัติข้อมูลข่าวสารของราชการ พ.ศ. ๒๕๔๐ มาตรา ๙, ประกาศคณะกรรมการข้อมูลข่าวสารของราชการ เรื่อง หลักเกณฑ์และวิธีการเกี่ยวกับการจัดให้มีข้อมูลข่าวสารของราชการไว้ให้ประชาชนเข้าตรวจดู ลงวันที่ ๒๔ กุมภาพันธ์ พ.ศ. ๒๕๔๑ ข้อ ๔, พระราชกฤษฎีกาว่าด้วยหลักเกณฑ์ และวิธีการบริหารกิจการบ้านเมืองที่ดี พ.ศ. ๒๕๔๖ มาตรา ๓๘",องค์การบริหารส่วนตำบลนากอก,องค์การบริหารส่วนตำบล นากอก,ศรีบุญเรือง,หนองบัวลำภู,กำหนดหลักเกณฑ์และวิธีการในการบริหารจัดการ การให้บริการ และการเปิดเผยข้อมูลข่าวสารของราชการที่อยู่ในความครอบครองขององค์การบริหารส่วนตำบลนากอก โดยให้จัดตั้งศูนย์ข้อมูลข่าวสาร แต่งตั้งคณะกรรมการ และกำหนดขั้นตอนตลอดจนระยะเวลาการขอตรวจดูหรือขอสำเนาข้อมูลข่าวสารของประชาชนเพื่อความรวดเร็วและเป็นระบบ,ภาคเอกชนหรือประชาชนที่ต้องการข้อมูลข่าวสารสามารถยื่นคำขอเป็นหนังสือ ณ ศูนย์ข้อมูลข่าวสารขององค์การบริหารส่วนตำบลนากอก โดยระบุข้อมูลที่ต้องการให้ชัดเจน และชำระค่าธรรมเนียมการทำสำเนาหรือขอสำเนาที่มีคำรับรองความถูกต้องตามหลักเกณฑ์ที่หน่วยงานกำหนด,🔵 ฟ้า,ระเบียบภาครัฐ,แบบคำขอข้อมูลข่าวสาร (ตามแบบที่องค์การบริหารส่วนตำบลกำหนด),ราชกิจจานุเบกษา เล่ม ๑๓๙ ตอนพิเศษ ๕ ง หน้า ๑๘,"1) คู่มือการปฏิบัติตามพระราชบัญญัติข้อมูลข่าวสารของราชการ พ.ศ. ๒๕๔๐

2) แบบคำขอเป็นหนังสือตามแบบที่องค์การบริหารส่วนตำบลกำหนด",,"ประชาชนผู้ยื่นคำขอตรวจดูข้อมูลข่าวสาร, คณะกรรมการและพนักงานองค์การบริหารส่วนตำบลนากอก","จัดตั้งศูนย์ข้อมูลข่าวสาร, จัดระบบข้อมูลข่าวสาร, ขอตรวจดูข้อมูลข่าวสาร, ขอสำเนาข้อมูลข่าวสาร, อนุญาตเปิดเผยข้อมูล, เรียกเก็บค่าธรรมเนียม","ข้อมูลข่าวสารของราชการ, ข้อมูลข่าวสารส่วนบุคคล, สำเนาข้อมูลข่าวสาร","ข้อมูลข่าวสารของราชการ, ศูนย์ข้อมูลข่าวสาร, การเปิดเผยข้อมูล, ความลับของทางราชการ, คณะกรรมการข้อมูลข่าวสาร",-,CC19,"[CC19]: เป็นระเบียบที่กำหนดให้องค์การบริหารส่วนตำบลนากอกต้องจัดตั้งศูนย์ข้อมูลข่าวสารและจัดระบบให้บริการเปิดเผยข้อมูลของราชการ ตามข้อ 11 และข้อ 12 
",100%,
142,100142,กฎกระทรวงว่าด้วยการไกล่เกลี่ยและประนอมข้อพิพาททางแพ่ง (ฉบับที่ ๒) พ.ศ. ๒๕๖๔,https://ratchakitcha.soc.go.th/documents/17193244.pdf,บังคับใช้,,,กฎกระทรวงว่าด้วยการไกล่เกลี่ยและประนอมข้อพิพาททางแพ่ง พ.ศ. ๒๕๕๓ (แก้ไขเพิ่มเติมข้อ 2 และเพิ่มข้อ 2/1),7,มกราคม,2565,7 มกราคม 2565,-,กฎกระทรวง,พระราชบัญญัติระเบียบบริหารราชการแผ่นดิน พ.ศ. ๒๕๓๔ มาตรา ๖๑/๒ วรรคหก,"สำนักนายกรัฐมนตรี, กรมการปกครอง",-,-,-,"แก้ไขเพิ่มเติมกฎกระทรวงว่าด้วยการไกล่เกลี่ยและประนอมข้อพิพาททางแพ่ง พ.ศ. 2553 โดยปรับปรุงบทนิยามคำว่า ""อำเภอ"" ""ที่ว่าการอำเภอ"" และตำแหน่งต่าง ๆ ให้ครอบคลุมถึงพื้นที่และหน่วยงานในกรุงเทพมหานคร รวมถึงกำหนดให้นำวิธีการทางอิเล็กทรอนิกส์มาใช้เพื่ออำนวยความสะดวกแก่ประชาชนในการไกล่เกลี่ยข้อพิพาทได้",ประชาชนที่มีข้อพิพาททางแพ่งในพื้นที่กรุงเทพมหานครสามารถเข้าสู่กระบวนการไกล่เกลี่ยข้อพิพาทได้ โดยสามารถเลือกใช้บริการผ่านช่องทางอิเล็กทรอนิกส์ตามหลักเกณฑ์ที่กรมการปกครองหรือกรุงเทพมหานครกำหนดเพื่อความสะดวกรวดเร็ว,⚪️ เทา,-,ไม่มี,ราชกิจจานุเบกษา เล่ม ๑๓๙ ตอนที่ ๓ ก หน้า ๑,-,,"ประชาชนผู้มีข้อพิพาททางแพ่ง (โดยเฉพาะในเขตกรุงเทพมหานคร), ผู้ไกล่เกลี่ย, พนักงานอัยการประจำจังหวัด และเจ้าหน้าที่ที่เกี่ยวข้อง","ไกล่เกลี่ยข้อพิพาท, ประนอมข้อพิพาท, จัดการข้อพิพาทด้วยวิธีทางอิเล็กทรอนิกส์","ข้อพิพาททางแพ่ง, ข้อพิพาทเกี่ยวกับที่ดิน, มรดก, ทุนทรัพย์ไม่เกินสองแสนบาท","การไกล่เกลี่ยและประนอมข้อพิพาททางแพ่ง, พระราชบัญญัติระเบียบบริหารราชการแผ่นดิน, กรุงเทพมหานคร, คณะกรมการจังหวัด, ผู้ไกล่เกลี่ย",-,"CA3, CC3, CC17","[CA3]: เป็นการกำหนดหลักเกณฑ์สำหรับกระบวนการระงับข้อพิพาททางเลือก (การไกล่เกลี่ยและประนอมข้อพิพาททางแพ่ง) สำหรับประชาชนและคู่ความ อ้างอิงนิยามคำว่า ""ข้อพิพาท"" ในข้อ ๒ [CC3]: กำหนดให้ ""พนักงานอัยการประจำจังหวัด"" สามารถทำหน้าที่เป็นประธานคณะผู้ไกล่เกลี่ยได้ อ้างอิงข้อ ๒ [CC17]: กำหนดอำนาจและกลไกการบริหารของหน่วยงานฝ่ายปกครองและกรุงเทพมหานคร (นายอำเภอ, ปลัดอำเภอ, ปลัดกรุงเทพมหานคร) ในการดำเนินการไกล่เกลี่ยข้อพิพาทตามพระราชบัญญัติระเบียบบริหารราชการแผ่นดิน อ้างอิงข้อ ๒ และ ๒/๑",100%,อัปเดตข้อความในกฎกระทรวงว่าด้วยการไกล่เกลี่ยและประนอมข้อพิพาททางแพ่ง พ.ศ. ๒๕๕๓ (โดยให้ยกเลิกความในข้อ ๒ และเพิ่มเติมข้อ ๒/๑)
143,100143,กฎกระทรวงกำหนดลักษณะของเหรียญกษาปณ์ที่ระลึก ๗๕ ปี วิทยาลัยพยาบาลบรมราชชนนี กรุงเทพ พ.ศ. ๒๕๖๔,https://ratchakitcha.soc.go.th/documents/17193245.pdf,บังคับใช้,,,,7,มกราคม,2565,7 มกราคม 2565,-,กฎกระทรวง,"พระราชบัญญัติเงินตรา พ.ศ. ๒๕๐๑ มาตรา ๕, พระราชบัญญัติเงินตรา พ.ศ. ๒๕๐๑ มาตรา ๑๐",กระทรวงการคลัง,-,-,-,กำหนดลักษณะ ชนิด ราคา อัตราเนื้อโลหะ น้ำหนัก ขนาด ลวดลาย และอัตราเผื่อเหลือเผื่อขาดของเหรียญกษาปณ์โลหะสีขาว (ทองแดงผสมนิกเกิล) ราคายี่สิบบาท เพื่อออกใช้เป็นที่ระลึกในโอกาสครบ 75 ปี วิทยาลัยพยาบาลบรมราชชนนี กรุงเทพ,ไม่มีข้อบังคับที่ภาคเอกชนหรือผู้ประกอบการต้องปฏิบัติ กฎหมายนี้เป็นเพียงการประกาศกำหนดลักษณะของเหรียญกษาปณ์ที่ระลึกเพื่อให้มีผลบังคับใช้ตามกฎหมายเงินตรา,⚪️ เทา,-,ไม่มี,ราชกิจจานุเบกษา เล่ม 139 ตอนที่ 3 ก หน้า 4,-,,ประชาชนทั่วไปและผู้ที่เกี่ยวข้องกับการใช้หรือสะสมเหรียญกษาปณ์,"จัดทำ, กำหนดลักษณะ, ออกใช้","เหรียญกษาปณ์ที่ระลึก, เหรียญกษาปณ์โลหะสีขาว","พระราชบัญญัติเงินตรา, กระทรวงการคลัง",-,CC22,[CC22]: เป็นการใช้อำนาจของกระทรวงการคลังในการกำหนดลักษณะและรายละเอียดการผลิตเหรียญกษาปณ์ที่ระลึก (อ้างอิง อาศัยอำนาจตามมาตรา 5 และมาตรา 10 แห่ง พ.ร.บ.เงินตรา พ.ศ. 2501 และเหตุผลท้ายกฎกระทรวง),100%,-
144,100144,กฎกระทรวง ฉบับที่ ๓๗๙ (พ.ศ. ๒๕๖๔) ออกตามความในประมวลรัษฎากร ว่าด้วยการยกเว้นรัษฎากร,https://ratchakitcha.soc.go.th/documents/17193246.pdf,สิ้นผล,,,,7,มกราคม,2565,7 มกราคม 2565,-,กฎกระทรวง,"ประมวลรัษฎากร มาตรา ๔, ประมวลรัษฎากร มาตรา ๔๒ (๑๗)","กรมสรรพากร,กระทรวงการคลัง",-,-,-,"กำหนดให้เงินได้ที่จ่ายเป็นค่าซื้อสินค้าหรือรับบริการในราชอาณาจักร ระหว่างวันที่ 1 มกราคม ถึง 15 กุมภาพันธ์ พ.ศ. 2565 แก่ผู้ประกอบการจดทะเบียนภาษีมูลค่าเพิ่ม รวมถึงค่าซื้อหนังสือและสินค้าโอทอป (OTOP) ตามจำนวนที่จ่ายจริงแต่ไม่เกิน 30,000 บาท เป็นเงินได้พึงประเมินที่ได้รับยกเว้นไม่ต้องนำมารวมคำนวณเสียภาษีเงินได้บุคคลธรรมดา",ผู้มีเงินได้ที่เป็นบุคคลธรรมดา (ไม่รวมห้างหุ้นส่วนสามัญหรือคณะบุคคลที่มิใช่นิติบุคคล) ที่ประสงค์จะใช้สิทธิยกเว้นภาษี ต้องจัดเตรียมใบกำกับภาษีแบบเต็มรูปตามมาตรา 86/4 แห่งประมวลรัษฎากรจากผู้ขายหรือผู้ให้บริการ และไม่สามารถใช้สิทธิกับสินค้าหรือบริการที่ยกเว้น เช่น สุรา ยาสูบ ค่าน้ำมัน ค่าเบี้ยประกันวินาศภัย และค่าสาธารณูปโภค,🟡 เหลือง (เสียสิทธิ/นิติกรรม),เสียสิทธิประโยชน์ / ผลทางนิติกรรม,ไม่มี,ราชกิจจานุเบกษา เล่ม 139 ตอนที่ ση ก หน้า 6-8,"1. ประกาศอธิบดีกรมสรรพากรเกี่ยวกับหลักเกณฑ์ วิธีการ และเงื่อนไขการยกเว้นภาษีเงินได้ 
2. ใบกำกับภาษีตามมาตรา 86/4 แห่งประมวลรัษฎากร 
3. แบบแสดงรายการภาษีเงินได้บุคคลธรรมดา (ภ.ง.ด.90/91)
4. ทะเบียนสินค้าหนึ่งตำบลหนึ่งผลิตภัณฑ์ (OTOP) กรมการพัฒนาชุมชน",,"ผู้มีเงินได้บุคคลธรรมดา (ยกเว้นห้างหุ้นส่วนสามัญหรือคณะบุคคลที่มิใช่นิติบุคคล) 

ผู้ประกอบการจดทะเบียนภาษีมูลค่าเพิ่ม 

ผู้ขายหนังสือ ผู้ให้บริการข้อมูลอิเล็กทรอนิกส์ และผู้ขายสินค้า OTOP","ซื้อสินค้า, รับบริการ, ยกเว้นภาษี, ออกใบกำกับภาษี","สินค้า, บริการ, หนังสือ, ข้อมูลอิเล็กทรอนิกส์ (อีบุ๊ก), สินค้า OTOP","ยกเว้นรัษฎากร, ภาษีเงินได้บุคคลธรรมดา, ใบกำกับภาษี, ภาษีมูลค่าเพิ่ม","AB1, AB3, AB7, P8","BW3, BW4, BW14, CB11","[AB1]: เป็นผู้ประกอบการร้านค้าปลีกที่จดทะเบียนภาษีมูลค่าเพิ่ม ซึ่งต้องออกใบกำกับภาษีให้ผู้ซื้อเพื่อนำไปใช้สิทธิลดหย่อน (อ้างอิง ข้อ 1)

[AB3]: เป็นห้างสรรพสินค้าที่จดทะเบียนภาษีมูลค่าเพิ่ม ซึ่งสามารถออกใบกำกับภาษีตามมาตรา 86/4 ให้แก่ผู้ซื้อ (อ้างอิง ข้อ 1)

[AB7]: เป็นร้านค้าออนไลน์ที่ให้บริการหนังสือในรูปแบบข้อมูลอิเล็กทรอนิกส์ผ่านอินเทอร์เน็ต (e-book) (อ้างอิง ข้อ 2(2))

[P8]: เป็นผู้ผลิตและจำหน่ายหนังสือ ซึ่งผู้ซื้อสามารถนำค่าซื้อไปใช้สิทธิได้แม้ผู้ขายจะไม่เป็นผู้ประกอบการจดทะเบียนภาษีมูลค่าเพิ่ม (อ้างอิง ข้อ 2(1))

[BW3]: กำหนดเงื่อนไขหลักว่าผู้ขายสินค้าหรือผู้ให้บริการต้องเป็นผู้ประกอบการจดทะเบียนภาษีมูลค่าเพิ่มและออกใบกำกับภาษีได้ (อ้างอิง ข้อ 1)

[BW4]: กำหนดสิทธิให้ผู้มีเงินได้บุคคลธรรมดาสามารถนำค่าซื้อสินค้าและบริการไปยกเว้นไม่ต้องรวมคำนวณเพื่อเสียภาษี (อ้างอิง ข้อ 1)

[BW14]: เป็นกฎกระทรวงที่ว่าด้วยการยกเว้นรัษฎากรตามประมวลรัษฎากรโดยตรง (อ้างอิง ชื่อกฎกระทรวงและข้อ 1)

[CB11]: เป็นกลุ่มผู้ขายสินค้าหนึ่งตำบลหนึ่งผลิตภัณฑ์ (OTOP) ที่ลงทะเบียนกับกรมการพัฒนาชุมชน ซึ่งผู้ซื้อสามารถนำไปใช้สิทธิได้แม้ไม่ได้จดทะเบียนภาษีมูลค่าเพิ่ม (อ้างอิง ข้อ 2(3))",100%,มาตรการช้อปดีมีคืน ปี 2565 (สำหรับค่าใช้จ่าย 1 ม.ค. - 15 ก.พ. 2565) / กำหนดข้อยกเว้นสินค้าที่ไม่เข้าร่วมโครงการ เช่น สุรา ยาสูบ รถยนต์ ค่าที่พักโรงแรม และเบี้ยประกันภัย
145,100145,กฎกระทรวงยกเว้นค่าธรรมเนียมรายปีให้แก่ผู้ได้รับใบอนุญาตจัดตั้งคลังสินค้าทัณฑ์บน โรงพักสินค้า ที่มั่นคง ท่าเรือรับอนุญาต และเขตปลอดอากร และผู้ได้รับใบอนุญาตประกอบกิจการในเขตปลอดอากรตามกฎหมายว่าด้วยศุลกากร (ฉบับที่ ๒) พ.ศ. ๒๕๖๔,https://ratchakitcha.soc.go.th/documents/17193247.pdf,สิ้นผล,,,,7,มกราคม,2565,7 มกราคม 2565,-,กฎกระทรวง,พระราชบัญญัติศุลกากร พ.ศ. ๒๕๖๐ มาตรา ๕ (๓),"กรมศุลกากร,กระทรวงการคลัง",-,-,-,ยกเว้นค่าธรรมเนียมตามกฎหมายว่าด้วยศุลกากรประจำปี พ.ศ. 2565 ให้แก่ผู้ได้รับใบอนุญาตจัดตั้งคลังสินค้าทัณฑ์บน โรงพักสินค้า ที่มั่นคง ท่าเรือรับอนุญาต และเขตปลอดอากร รวมถึงผู้ได้รับใบอนุญาตประกอบกิจการในเขตปลอดอากร เพื่อบรรเทาผลกระทบทางเศรษฐกิจจากการระบาดของโรคติดเชื้อไวรัสโคโรนา 2019,ผู้ประกอบการที่ได้รับใบอนุญาตจัดตั้งคลังสินค้าทัณฑ์บน โรงพักสินค้า ที่มั่นคง ท่าเรือรับอนุญาต เขตปลอดอากร และผู้ประกอบกิจการในเขตปลอดอากร ได้รับสิทธิยกเว้นไม่ต้องชำระค่าธรรมเนียมรายปีสำหรับการประกอบกิจการประจำปี พ.ศ. 2565,⚪️ เทา (Amendment / No Impact),-,"ใบอนุญาตจัดตั้งคลังสินค้าทัณฑ์บน โรงพักสินค้า ที่มั่นคง ท่าเรือรับอนุญาต และเขตปลอดอากร 
ใบอนุญาตประกอบกิจการในเขตปลอดอากร",ราชกิจจานุเบกษา เล่ม 139 ตอนที่ 3 ก หน้า 9,กฎกระทรวงกำหนดค่าธรรมเนียมและยกเว้นค่าธรรมเนียมตามกฎหมายว่าด้วยศุลกากร พ.ศ. 2560,,"ผู้ได้รับใบอนุญาตจัดตั้งคลังสินค้าทัณฑ์บน โรงพักสินค้า ที่มั่นคง ท่าเรือรับอนุญาต และเขตปลอดอากร 

ผู้ได้รับใบอนุญาตประกอบกิจการในเขตปลอดอากร","จัดตั้ง, ประกอบกิจการ, ยกเว้นค่าธรรมเนียม","คลังสินค้าทัณฑ์บน, โรงพักสินค้า, ที่มั่นคง, ท่าเรือรับอนุญาต, เขตปลอดอากร, ใบอนุญาต","ศุลกากร, ยกเว้นค่าธรรมเนียมรายปี, โรคติดเชื้อไวรัสโคโรนา 2019","BG5, BE3, AA3",BW11,"[BG5]: เป็นผู้ได้รับใบอนุญาตจัดตั้งคลังสินค้าทัณฑ์บนและเขตปลอดอากรโดยตรง ที่ได้รับการยกเว้นค่าธรรมเนียมรายปี (อ้างอิง ข้อ 1)

[BE3]: เป็นผู้ได้รับใบอนุญาตจัดตั้งท่าเรือรับอนุญาต ซึ่งได้รับการยกเว้นค่าธรรมเนียมรายปี (อ้างอิง ข้อ 1)

[AA3]: เป็นผู้ได้รับใบอนุญาตประกอบกิจการในเขตปลอดอากรเพื่อรับสิทธิประโยชน์ทางการค้า ที่ได้รับการยกเว้นค่าธรรมเนียมรายปี (อ้างอิง ข้อ 1)

[BW11]: เป็นกฎกระทรวงที่ออกตาม พ.ร.บ.ศุลกากร พ.ศ. 2560 ว่าด้วยการยกเว้นค่าธรรมเนียมตามกฎหมายศุลกากร (อ้างอิง อาศัยอำนาจตามมาตรา 5 (3) และข้อ 1)",100%,ยกเว้นค่าธรรมเนียมประจำปี พ.ศ. 2565 เพื่อบรรเทาผลกระทบจากโควิด-19
146,100146,กฎกระทรวงกำหนดให้ผู้นำของเข้าเพื่อการผ่านแดนหรือการถ่ายลำได้รับยกเว้นไม่ต้องปฏิบัติตามกฎหมายว่าด้วยศุลกากรทั้งหมดหรือแต่บางส่วน (ฉบับที่ ๓) พ.ศ. ๒๕๖๔,https://ratchakitcha.soc.go.th/documents/17193248.pdf,สิ้นผล,,,,7,มกราคม,2565,7 มกราคม 2565,31 มีนาคม 2565,กฎกระทรวง,พระราชบัญญัติศุลกากร พ.ศ. ๒๕๖๐ มาตรา ๕,"กรมศุลกากร,กระทรวงการคลัง",-,-,-,กำหนดให้ผู้นำของเข้าเพื่อการผ่านแดนหรือถ่ายลำที่ได้รับผลกระทบจากการระบาดของโรคโควิด-19 จนไม่สามารถส่งของออกนอกราชอาณาจักรได้ตามกำหนดเวลา ได้รับยกเว้นไม่ต้องปฏิบัติตามกฎหมายศุลกากร (มาตรา 102 วรรคสอง และมาตรา 103) โดยให้บังคับใช้กับของที่นำเข้าตั้งแต่วันที่ 1 มกราคม ถึงวันที่ 31 มีนาคม พ.ศ. 2565,ผู้นำของเข้าเพื่อการผ่านแดนหรือถ่ายลำที่ได้รับผลกระทบและไม่สามารถส่งของออกนอกราชอาณาจักรได้ตามกำหนด ต้องเตรียมหลักฐานและเอกสารที่เกี่ยวข้องเพื่อแสดงต่ออธิบดีประกอบการพิจารณาขยายระยะเวลาดำเนินการตามความจำเป็น,🟢 เขียว (แนวทางปฏิบัติ),คำแนะนำ / ได้รับยกเว้นโทษ,ไม่มี,ราชกิจจานุเบกษา เล่ม 139 ตอนที่ 3 ก หน้า 11-12,"1. หลักฐานและเอกสารแสดงเหตุจำเป็นที่ทำให้ไม่สามารถส่งของออกนอกราชอาณาจักรได้ตามกำหนดเวลา เพื่อยื่นเสนอต่ออธิบดีกรมศุลกากร 
2. คู่มือการปฏิบัติพิธีการศุลกากรว่าด้วยการผ่านแดนและการถ่ายลำ",,ผู้นำของเข้าเพื่อการผ่านแดนหรือการถ่ายลำ,"นำของเข้า, ผ่านแดน, ถ่ายลำ, ส่งออก, ขยายระยะเวลา, ยกเว้นการปฏิบัติตามกฎหมาย","ของที่นำเข้ามาเพื่อการผ่านแดน, ของที่นำเข้ามาเพื่อการถ่ายลำ, ของที่ตกเป็นของแผ่นดิน","กฎหมายว่าด้วยศุลกากร, ผ่านแดน, ถ่ายลำ, ยกเว้นไม่ต้องปฏิบัติ, โรคติดเชื้อไวรัสโคโรนา 2019",AA2,BW11,"[AA2]: เป็นผู้ประกอบการ ตัวแทนออกของ และผู้นำของเข้าเพื่อการผ่านแดนหรือการถ่ายลำโดยตรง ที่ได้รับการยกเว้นและขยายระยะเวลาในการนำของออกนอกราชอาณาจักร (อ้างอิง ข้อ 1 และ ข้อ 2)

[BW11]: เป็นกฎกระทรวงที่ออกตาม พ.ร.บ.ศุลกากร พ.ศ. 2560 ว่าด้วยการยกเว้นและขยายเวลาการปฏิบัติตามพิธีการศุลกากร (อ้างอิง อาศัยอำนาจตามมาตรา 5 และข้อ 1)",100%,เป็นมาตรการช่วยเหลือและบรรเทาผลกระทบจากสถานการณ์โควิด-19 สำหรับของที่นำเข้ามาเพื่อผ่านแดน/ถ่ายลำ ตั้งแต่วันที่ 1 ม.ค. - 31 มี.ค. 2565
147,100147,กฎกระทรวงกำหนดให้ทางน้ำชลประทานคลองชะอวด แพรกเมือง เป็นทางน้ำชลประทานที่จะเรียกเก็บค่าชลประทาน พ.ศ. ๒๕๖๔,https://ratchakitcha.soc.go.th/documents/17193249.pdf,บังคับใช้,,,,7,มกราคม,2565,7 มกราคม 2565,-,กฎกระทรวง,"พระราชบัญญัติการชลประทานหลวง พุทธศักราช ๒๔๘๕ มาตรา ๘ (๑), พระราชบัญญัติการชลประทานหลวง พุทธศักราช ๒๔๘๕ มาตรา ๔๒ วรรคหนึ่ง","กรมชลประทาน ,กระทรวงเกษตรและสหกรณ์",-,"หัวไทร, เชียรใหญ่",นครศรีธรรมราช,กำหนดให้ทางน้ำชลประทานคลองชะอวด แพรกเมือง ตั้งแต่กิโลเมตรที่ 2.847 ถึงกิโลเมตรที่ 26.981 ในพื้นที่อำเภอหัวไทรและอำเภอเชียรใหญ่ จังหวัดนครศรีธรรมราช เป็นเขตทางน้ำที่จะเรียกเก็บค่าชลประทาน,ประชาชน เกษตรกร หรือผู้ประกอบการที่สูบน้ำหรือใช้น้ำจากคลองชะอวด แพรกเมือง ในช่วงพื้นที่ที่กำหนด จะต้องปฏิบัติตามกฎหมายและเตรียมชำระค่าชลประทานตามอัตราและวิธีการที่กรมชลประทานกำหนด,โทษเชื่อมโยงจากกฎหมายแม่,รอเชื่อมโยง: พระราชบัญญัติการชลประทานหลวง พุทธศักราช 2485,ไม่มี,ราชกิจจานุเบกษา เล่ม 139 ตอนที่ 1 ก หน้า 13-14,"1. ระเบียบกรมชลประทานว่าด้วยการเรียกเก็บค่าชลประทาน
2. คู่มือการใช้งาน ระบบสารสนเทศเงินทุนหมุนเวียนเพื่อการชลประทานระบบการขออนุญาตใช้น้ำจากทางน้ำชลประทาน 
(สำหรับผู้ยื่นคำขออนุญาตใช้น้ำ)",https://budget.rid.go.th/fund/web/_data/docs/manual/population.pdf,เกษตรกร ผู้ประกอบการ และประชาชนผู้ใช้น้ำจากคลองชะอวด แพรกเมือง (ตั้งแต่กิโลเมตรที่ 2.847 ตำบลหัวไทร อำเภอหัวไทร ถึงกิโลเมตรที่ 26.981 ตำบลการะเกด อำเภอเชียรใหญ่ จังหวัดนครศรีธรรมราช),"กำหนดทางน้ำชลประทาน, เรียกเก็บค่าชลประทาน, สูบน้ำ","คลองชะอวด แพรกเมือง, ทางน้ำชลประทาน, น้ำดิบ","พระราชบัญญัติการชลประทานหลวง, ค่าชลประทาน, กระทรวงเกษตรและสหกรณ์","AZ1, AZ4, AZ5",-,"[AZ5]: เป็นกฎหมายที่ประกาศกำหนดให้ทางน้ำชลประทานคลองชะอวด แพรกเมือง เป็นพื้นที่ที่จะเรียกเก็บค่าชลประทาน ซึ่งตรงกับข้อกำหนดในหมวดกิจการชลประทาน (อ้างอิง ข้อ 1 และ อาศัยอำนาจตาม พ.ร.บ.การชลประทานหลวง)

[AZ1]: เนื่องจากธุรกิจจัดหาน้ำดิบและน้ำเพื่ออุตสาหกรรม หรือผู้ได้รับสัมปทานสูบน้ำดิบที่ต้องสูบน้ำจาก ""คลองชะอวด แพรกเมือง"" ในช่วงกิโลเมตรที่กำหนด จะตกเป็นเป้าหมาย (End-user) ที่ต้องชำระค่าชลประทานให้แก่กรมชลประทาน ซึ่งส่งผลกระทบต่อต้นทุนการดำเนินธุรกิจโดยตรง (อ้างอิง ข้อ 1)",100%,-
148,100148,กฎกระทรวงกำหนดให้ทางน้ำชลประทานอ่างเก็บน้ำห้วยแม่ประจันต์ เป็นทางน้ำชลประทานที่จะเรียกเก็บค่าชลประทาน พ.ศ. ๒๕๖๔,https://ratchakitcha.soc.go.th/documents/17193250.pdf,บังคับใช้,,,,7,มกราคม,2565,7 มกราคม 2565,-,กฎกระทรวง,"พระราชบัญญัติการชลประทานหลวง พุทธศักราช ๒๔๘๕ มาตรา ๘ (๑), พระราชบัญญัติการชลประทานหลวง พุทธศักราช ๒๔๘๕ มาตรา ๔๒ วรรคหนึ่ง","กรมชลประทาน ,กระทรวงเกษตรและสหกรณ์",-,"ปากท่อ, หนองหญ้าปล้อง","ราชบุรี, เพชรบุรี",กำหนดให้ทางน้ำชลประทานอ่างเก็บน้ำห้วยแม่ประจันต์ ในเขตพื้นที่ตำบลยางหัก อำเภอปากท่อ จังหวัดราชบุรี และตำบลหนองหญ้าปล้อง ตำบลยางน้ำกลัดเหนือ อำเภอหนองหญ้าปล้อง จังหวัดเพชรบุรี เป็นทางน้ำชลประทานที่จะต้องเรียกเก็บค่าชลประทาน,ประชาชน เกษตรกร หรือผู้ประกอบการที่สูบน้ำหรือใช้น้ำจากทางน้ำชลประทานอ่างเก็บน้ำห้วยแม่ประจันต์ จะต้องปฏิบัติตามกฎหมายและเตรียมชำระค่าชลประทานตามอัตราและวิธีการที่กรมชลประทานกำหนด,โทษเชื่อมโยงจากกฎหมายแม่,รอเชื่อมโยง: พระราชบัญญัติการชลประทานหลวง พุทธศักราช 2485,ไม่มี,ราชกิจจานุเบกษา เล่ม 139 ตอนที่ 1 ก หน้า 15-16,"1. ระเบียบกรมชลประทานว่าด้วยการเรียกเก็บค่าชลประทาน
2. คู่มือการใช้งาน ระบบสารสนเทศเงินทุนหมุนเวียนเพื่อการชลประทานระบบการขออนุญาตใช้น้ำจากทางน้ำชลประทาน 
(สำหรับผู้ยื่นคำขออนุญาตใช้น้ำ)",https://budget.rid.go.th/fund/web/_data/docs/manual/population.pdf,เกษตรกร ผู้ประกอบการ และประชาชนผู้ใช้น้ำจากอ่างเก็บน้ำห้วยแม่ประจันต์ (ตำบลยางหัก อำเภอปากท่อ จังหวัดราชบุรี และตำบลหนองหญ้าปล้อง ตำบลยางน้ำกลัดเหนือ อำเภอหนองหญ้าปล้อง จังหวัดเพชรบุรี),"กำหนดทางน้ำชลประทาน, เรียกเก็บค่าชลประทาน, สูบน้ำ","อ่างเก็บน้ำห้วยแม่ประจันต์, ทางน้ำชลประทาน, น้ำดิบ","พระราชบัญญัติการชลประทานหลวง, ค่าชลประทาน, กระทรวงเกษตรและสหกรณ์","AZ1, AZ4, AZ5",-,"[AZ5]: เป็นกฎหมายที่ประกาศกำหนดให้ทางน้ำชลประทานอ่างเก็บน้ำห้วยแม่ประจันต์ เป็นพื้นที่ที่จะเรียกเก็บค่าชลประทาน ซึ่งตรงกับข้อกำหนดในหมวดกิจการชลประทาน (อ้างอิง ข้อ 1 และ อาศัยอำนาจตาม พ.ร.บ.การชลประทานหลวง)

[AZ1]: เนื่องจากธุรกิจจัดหาน้ำดิบและน้ำเพื่ออุตสาหกรรมที่ต้องสูบน้ำจาก ""อ่างเก็บน้ำห้วยแม่ประจันต์"" ตามแนวเขตที่กำหนด จะตกเป็นเป้าหมายที่ต้องชำระค่าชลประทานให้แก่กรมชลประทาน ซึ่งส่งผลกระทบต่อต้นทุนการดำเนินธุรกิจโดยตรง (อ้างอิง ข้อ 1)",100%,-
149,100149,กฎกระทรวงกำหนดให้ทางน้ำชลประทานแม่น้ำปากพนัง เป็นทางน้ำชลประทานที่จะเรียกเก็บค่าชลประทาน พ.ศ. ๒๕๖๔,https://ratchakitcha.soc.go.th/documents/17193251.pdf,บังคับใช้,,,,7,มกราคม,2565,7 มกราคม 2565,-,กฎกระทรวง,"พระราชบัญญัติการชลประทานหลวง พุทธศักราช ๒๔๘๕ มาตรา ๘ (๑), พระราชบัญญัติการชลประทานหลวง พุทธศักราช ๒๔๘๕ มาตรา ๔๒ วรรคหนึ่ง","กรมชลประทาน ,กระทรวงเกษตรและสหกรณ์",-,"ปากพนัง, เชียรใหญ่",นครศรีธรรมราช,กำหนดให้ทางน้ำชลประทานแม่น้ำปากพนัง ตั้งแต่กิโลเมตรที่ 0.000 ในเขตอำเภอปากพนัง ถึงกิโลเมตรที่ 60.240 ในเขตอำเภอเชียรใหญ่ จังหวัดนครศรีธรรมราช เป็นทางน้ำชลประทานที่จะต้องเรียกเก็บค่าชลประทาน,ประชาชน เกษตรกร หรือผู้ประกอบการที่สูบน้ำหรือใช้น้ำจากทางน้ำชลประทานแม่น้ำปากพนังในเขตพื้นที่ที่กำหนด จะต้องปฏิบัติตามกฎหมายและชำระค่าชลประทานตามหลักเกณฑ์ที่กรมชลประทานกำหนด,โทษเชื่อมโยงจากกฎหมายแม่,รอเชื่อมโยง: พระราชบัญญัติการชลประทานหลวง พุทธศักราช 2485,ไม่มี,ราชกิจจานุเบกษา เล่ม 139 ตอนที่ 1 ก หน้า 17-18,"1. ระเบียบกรมชลประทานว่าด้วยการเรียกเก็บค่าชลประทาน
2. คู่มือการใช้งาน ระบบสารสนเทศเงินทุนหมุนเวียนเพื่อการชลประทานระบบการขออนุญาตใช้น้ำจากทางน้ำชลประทาน 
(สำหรับผู้ยื่นคำขออนุญาตใช้น้ำ)",https://budget.rid.go.th/fund/web/_data/docs/manual/population.pdf,เกษตรกร ผู้ประกอบการ และประชาชนผู้ใช้น้ำจากแม่น้ำปากพนัง (ตั้งแต่กิโลเมตรที่ 0.000 ตำบลหูล่อง อำเภอปากพนัง ถึงกิโลเมตรที่ 60.240 ตำบลแม่เจ้าอยู่หัว และตำบลการะเกด อำเภอเชียรใหญ่ จังหวัดนครศรีธรรมราช),"กำหนดทางน้ำชลประทาน, เรียกเก็บค่าชลประทาน, สูบน้ำ","แม่น้ำปากพนัง, ทางน้ำชลประทาน, น้ำดิบ","พระราชบัญญัติการชลประทานหลวง, ค่าชลประทาน, กระทรวงเกษตรและสหกรณ์","AZ1, AZ4, AZ5",-,"[AZ5]: เป็นกฎหมายที่ประกาศกำหนดให้ทางน้ำชลประทานแม่น้ำปากพนัง เป็นพื้นที่ที่จะเรียกเก็บค่าชลประทาน ซึ่งตรงกับข้อกำหนดในหมวดกิจการชลประทาน (อ้างอิง ข้อ 1 และ อาศัยอำนาจตาม พ.ร.บ.การชลประทานหลวง)

[AZ1]: เนื่องจากธุรกิจจัดหาน้ำดิบและน้ำเพื่ออุตสาหกรรม หรือผู้ได้รับสัมปทานสูบน้ำดิบที่ต้องสูบน้ำจาก ""แม่น้ำปากพนัง"" ในช่วงกิโลเมตรที่กำหนด จะตกเป็นเป้าหมายที่ต้องชำระค่าชลประทานให้แก่กรมชลประทาน ซึ่งส่งผลกระทบต่อต้นทุนการดำเนินธุรกิจโดยตรง (อ้างอิง ข้อ 1)",100%,-
150,100150,กฎกระทรวงกำหนดให้ทางน้ำชลประทานคลองซอย ๑๕ ขวา ของเหมืองแม่แฝก เป็นทางน้ำชลประทานที่จะเรียกเก็บค่าชลประทาน พ.ศ. ๒๕๖๔,https://ratchakitcha.soc.go.th/documents/17193252.pdf,บังคับใช้,,,,7,มกราคม,2565,7 มกราคม 2565,-,กฎกระทรวง,"พระราชบัญญัติการชลประทานหลวง พุทธศักราช ๒๔๘๕ มาตรา ๘ (๑), พระราชบัญญัติการชลประทานหลวง พุทธศักราช ๒๔๘๕ มาตรา ๔๒ วรรคหนึ่ง","กรมชลประทาน ,กระทรวงเกษตรและสหกรณ์",-,สันทราย,เชียงใหม่,กำหนดให้ทางน้ำชลประทานคลองซอย 15 ขวา ของเหมืองแม่แฝก ตั้งแต่กิโลเมตรที่ 0.000 ในเขตตำบลเมืองเล็น ถึงกิโลเมตรที่ 11.400 ในเขตตำบลหนองจ๊อม อำเภอสันทราย จังหวัดเชียงใหม่ เป็นทางน้ำชลประทานที่จะต้องเรียกเก็บค่าชลประทาน,ประชาชน เกษตรกร หรือผู้ประกอบการที่สูบน้ำหรือใช้น้ำจากทางน้ำชลประทานคลองซอย 15 ขวา ของเหมืองแม่แฝก ในเขตพื้นที่ที่กำหนด จะต้องปฏิบัติตามกฎหมายและชำระค่าชลประทานตามหลักเกณฑ์ที่กรมชลประทานกำหนด,โทษเชื่อมโยงจากกฎหมายแม่,รอเชื่อมโยง: พระราชบัญญัติการชลประทานหลวง พุทธศักราช 2485,ไม่มี,ราชกิจจานุเบกษา เล่ม 139 ตอนที่ 1 ก หน้า 19,"1. ระเบียบกรมชลประทานว่าด้วยการเรียกเก็บค่าชลประทาน
2. คู่มือการใช้งาน ระบบสารสนเทศเงินทุนหมุนเวียนเพื่อการชลประทานระบบการขออนุญาตใช้น้ำจากทางน้ำชลประทาน 
(สำหรับผู้ยื่นคำขออนุญาตใช้น้ำ)",https://budget.rid.go.th/fund/web/_data/docs/manual/population.pdf,เกษตรกร ผู้ประกอบการ และประชาชนผู้ใช้น้ำจากคลองซอย 15 ขวา ของเหมืองแม่แฝก (ตั้งแต่กิโลเมตรที่ 0.000 ตำบลเมืองเล็น อำเภอสันทราย ถึงกิโลเมตรที่ 11.400 ตำบลหนองจ๊อม อำเภอสันทราย จังหวัดเชียงใหม่),"กำหนดทางน้ำชลประทาน, เรียกเก็บค่าชลประทาน, สูบน้ำ","คลองซอย 15 ขวา ของเหมืองแม่แฝก, ทางน้ำชลประทาน, น้ำดิบ","พระราชบัญญัติการชลประทานหลวง, ค่าชลประทาน, กระทรวงเกษตรและสหกรณ์","AZ1, AZ4, AZ5",-,"[AZ5]: เป็นกฎหมายที่ประกาศกำหนดให้ทางน้ำชลประทานคลองซอย 15 ขวา ของเหมืองแม่แฝก เป็นพื้นที่ที่จะเรียกเก็บค่าชลประทาน ซึ่งตรงกับข้อกำหนดในหมวดกิจการชลประทาน (อ้างอิง ข้อ 1 และ อาศัยอำนาจตาม พ.ร.บ.การชลประทานหลวง)

[AZ1]: เนื่องจากธุรกิจจัดหาน้ำดิบและน้ำเพื่ออุตสาหกรรม หรือผู้ได้รับสัมปทานสูบน้ำดิบที่ต้องสูบน้ำจาก ""คลองซอย 15 ขวา ของเหมืองแม่แฝก"" ในช่วงกิโลเมตรที่กำหนด จะตกเป็นเป้าหมายที่ต้องชำระค่าชลประทานให้แก่กรมชลประทาน ซึ่งส่งผลกระทบต่อต้นทุนการดำเนินธุรกิจโดยตรง (อ้างอิง ข้อ 1)",100%,-
151,100151,กฎกระทรวงกำหนดให้ทางน้ำชลประทานอ่างเก็บน้ำห้วยแดง เป็นทางน้ำชลประทานที่จะเรียกเก็บค่าชลประทาน พ.ศ. ๒๕๖๔,https://ratchakitcha.soc.go.th/documents/17193253.pdf,บังคับใช้,,,,7,มกราคม,2565,7 มกราคม 2565,-,กฎกระทรวง,"พระราชบัญญัติการชลประทานหลวง พุทธศักราช ๒๔๘๕ มาตรา ๘ (๑), พระราชบัญญัติการชลประทานหลวง พุทธศักราช ๒๔๘๕ มาตรา ๔๒ วรรคหนึ่ง","กรมชลประทาน ,กระทรวงเกษตรและสหกรณ์",-,กุสุมาลย์,สกลนคร,กำหนดให้ทางน้ำชลประทานอ่างเก็บน้ำห้วยแดง ในพื้นที่ตำบลกุสุมาลย์ อำเภอกุสุมาลย์ จังหวัดสกลนคร ภายในแนวเขตตามที่แผนที่กำหนด เป็นทางน้ำชลประทานที่จะเรียกเก็บค่าชลประทาน,ประชาชน เกษตรกร หรือผู้ประกอบการที่สูบน้ำหรือใช้น้ำจากทางน้ำชลประทานอ่างเก็บน้ำห้วยแดงในบริเวณพื้นที่ที่กำหนด จะต้องปฏิบัติตามกฎหมายและเตรียมชำระค่าชลประทานตามหลักเกณฑ์และอัตราที่กรมชลประทานกำหนด,โทษเชื่อมโยงจากกฎหมายแม่,รอเชื่อมโยง: พระราชบัญญัติการชลประทานหลวง พุทธศักราช 2485,ไม่มี,ราชกิจจานุเบกษา เล่ม 139 ตอนที่ 1 ก หน้า 21-22,"1. ระเบียบกรมชลประทานว่าด้วยการเรียกเก็บค่าชลประทาน
2. คู่มือการใช้งาน ระบบสารสนเทศเงินทุนหมุนเวียนเพื่อการชลประทานระบบการขออนุญาตใช้น้ำจากทางน้ำชลประทาน
(สำหรับผู้ยื่นคำขออนุญาตใช้น้ำ)",https://budget.rid.go.th/fund/web/_data/docs/manual/population.pdf,เกษตรกร ผู้ประกอบการ และประชาชนผู้ใช้น้ำจากอ่างเก็บน้ำห้วยแดง (ตำบลกุสุมาลย์ อำเภอกุสุมาลย์ จังหวัดสกลนคร),"กำหนดทางน้ำชลประทาน, เรียกเก็บค่าชลประทาน, สูบน้ำ","อ่างเก็บน้ำห้วยแดง, ทางน้ำชลประทาน, น้ำดิบ","พระราชบัญญัติการชลประทานหลวง, ค่าชลประทาน, กระทรวงเกษตรและสหกรณ์","AZ1, AZ4, AZ5",-,"[AZ5]: เป็นกฎหมายที่ประกาศกำหนดให้ทางน้ำชลประทานอ่างเก็บน้ำห้วยแดง เป็นพื้นที่ที่จะเรียกเก็บค่าชลประทาน ซึ่งตรงกับข้อกำหนดในหมวดกิจการชลประทาน (อ้างอิง ข้อ 1 และ อาศัยอำนาจตาม พ.ร.บ.การชลประทานหลวง)

[AZ1]: เนื่องจากธุรกิจจัดหาน้ำดิบและน้ำเพื่ออุตสาหกรรม หรือผู้ได้รับสัมปทานสูบน้ำดิบที่ต้องสูบน้ำจาก ""อ่างเก็บน้ำห้วยแดง"" ภายในแนวเขตที่กำหนด จะตกเป็นเป้าหมายที่ต้องชำระค่าชลประทานให้แก่กรมชลประทาน ซึ่งส่งผลกระทบต่อต้นทุนการดำเนินธุรกิจโดยตรง (อ้างอิง ข้อ 1)",100%,-
152,100152,กฎกระทรวงกำหนดให้ทางน้ำชลประทานคลองซอย ๑ ขวา ของแม่น้ำน้อย - แม่น้ำผักไห่ เป็นทางน้ำชลประทานที่จะเรียกเก็บค่าชลประทาน พ.ศ. ๒๕๖๔,https://ratchakitcha.soc.go.th/documents/17193254.pdf,บังคับใช้,,,,7,มกราคม,2565,7 มกราคม 2565,-,กฎกระทรวง,"พระราชบัญญัติการชลประทานหลวง พุทธศักราช ๒๔๘๕ มาตรา ๘ (๑), พระราชบัญญัติการชลประทานหลวง พุทธศักราช ๒๔๘๕ มาตรา ๔๒ วรรคหนึ่ง","กรมชลประทาน ,กระทรวงเกษตรและสหกรณ์",-,โพธิ์ทอง,อ่างทอง,กำหนดให้ทางน้ำชลประทานคลองซอย 1 ขวา ของแม่น้ำน้อย - แม่น้ำผักไห่ ตั้งแต่กิโลเมตรที่ 0.000 ในเขตตำบลองครักษ์ ถึงกิโลเมตรที่ 11.240 ในเขตตำบลอ่างแก้ว อำเภอโพธิ์ทอง จังหวัดอ่างทอง เป็นทางน้ำชลประทานที่จะต้องเรียกเก็บค่าชลประทาน,ประชาชน เกษตรกร หรือผู้ประกอบการที่สูบน้ำหรือใช้น้ำจากทางน้ำชลประทานคลองซอย 1 ขวา ของแม่น้ำน้อย - แม่น้ำผักไห่ ในเขตพื้นที่ที่กำหนด จะต้องปฏิบัติตามกฎหมายและเตรียมชำระค่าชลประทานตามหลักเกณฑ์และอัตราที่กรมชลประทานกำหนด,โทษเชื่อมโยงจากกฎหมายแม่,รอเชื่อมโยง: พระราชบัญญัติการชลประทานหลวง พุทธศักราช 2485,ไม่มี,ราชกิจจานุเบกษา เล่ม 139 ตอนที่ 1 ก หน้า 23-24,"1. ระเบียบกรมชลประทานว่าด้วยการเรียกเก็บค่าชลประทาน
2. คู่มือการใช้งาน ระบบสารสนเทศเงินทุนหมุนเวียนเพื่อการชลประทานระบบการขออนุญาตใช้น้ำจากทางน้ำชลประทาน
(สำหรับผู้ยื่นคำขออนุญาตใช้น้ำ)",https://budget.rid.go.th/fund/web/_data/docs/manual/population.pdf,เกษตรกร ผู้ประกอบการ และประชาชนผู้ใช้น้ำจากคลองซอย 1 ขวา ของแม่น้ำน้อย - แม่น้ำผักไห่ (ตั้งแต่กิโลเมตรที่ 0.000 ตำบลองครักษ์ อำเภอโพธิ์ทอง ถึงกิโลเมตรที่ 11.240 ตำบลอ่างแก้ว อำเภอโพธิ์ทอง จังหวัดอ่างทอง),"กำหนดทางน้ำชลประทาน, เรียกเก็บค่าชลประทาน, สูบน้ำ","คลองซอย 1 ขวา ของแม่น้ำน้อย - แม่น้ำผักไห่, ทางน้ำชลประทาน, น้ำดิบ","พระราชบัญญัติการชลประทานหลวง, ค่าชลประทาน, กระทรวงเกษตรและสหกรณ์","AZ1, AZ4, AZ5",-,"[AZ5]: เป็นกฎหมายที่ประกาศกำหนดให้ทางน้ำชลประทานคลองซอย 1 ขวา ของแม่น้ำน้อย - แม่น้ำผักไห่ เป็นพื้นที่ที่จะเรียกเก็บค่าชลประทาน ซึ่งตรงกับข้อกำหนดในหมวดกิจการชลประทาน (อ้างอิง ข้อ 1 และ อาศัยอำนาจตาม พ.ร.บ.การชลประทานหลวง)

[AZ1]: เกี่ยวข้องตามหลัก Value Chain เนื่องจากธุรกิจจัดหาน้ำดิบและน้ำเพื่ออุตสาหกรรม หรือผู้ได้รับสัมปทานสูบน้ำดิบที่ต้องสูบน้ำจาก ""คลองซอย 1 ขวา ของแม่น้ำน้อย - แม่น้ำผักไห่"" ในช่วงกิโลเมตรที่กำหนด จะตกเป็นเป้าหมายที่ต้องชำระค่าชลประทานให้แก่กรมชลประทาน ซึ่งส่งผลกระทบต่อต้นทุนการดำเนินธุรกิจโดยตรง (อ้างอิง ข้อ 1)",100%,-
153,100153,กฎ ก.พ.ค. กรุงเทพมหานคร ว่าด้วยการร้องทุกข์และการพิจารณาวินิจฉัยเรื่องร้องทุกข์ (ฉบับที่ ๓) พ.ศ. ๒๕๖๔,https://ratchakitcha.soc.go.th/documents/17193255.pdf,บังคับใช้,,,กฎ ก.พ.ค. กรุงเทพมหานคร ว่าด้วยการร้องทุกข์และการพิจารณาวินิจฉัยเรื่องร้องทุกข์ พ.ศ. ๒๕๕๕ (เพิ่มข้อ 29/1),7,มกราคม,2565,7 มกราคม 2565,-,กฎ,"พระราชบัญญัติระเบียบข้าราชการกรุงเทพมหานครและบุคลากรกรุงเทพมหานคร พ.ศ. ๒๕๕๔ มาตรา ๓๗, พระราชบัญญัติระเบียบข้าราชการกรุงเทพมหานครและบุคลากรกรุงเทพมหานคร พ.ศ. ๒๕๕๔ มาตรา ๔๔, พระราชบัญญัติระเบียบข้าราชการกรุงเทพมหานครและบุคลากรกรุงเทพมหานคร พ.ศ. ๒๕๕๔ มาตรา ๖๔ วรรคสอง, พระราชบัญญัติระเบียบข้าราชการกรุงเทพมหานครและบุคลากรกรุงเทพมหานคร พ.ศ. ๒๕๕๔ มาตรา ๖๔ วรรคสี่, พระราชบัญญัติระเบียบข้าราชการกรุงเทพมหานครและบุคลากรกรุงเทพมหานคร พ.ศ. ๒๕๕๔ มาตรา ๖๕ วรรคสอง",คณะกรรมการพิทักษ์ระบบคุณธรรมข้าราชการกรุงเทพมหานครและบุคลากรกรุงเทพมหานคร,กรุงเทพมหานคร,-,กรุงเทพมหานคร,กำหนดหลักเกณฑ์และวิธีการพิจารณาวินิจฉัยเรื่องร้องทุกข์เพิ่มเติม โดยเปิดโอกาสให้ผู้บังคับบัญชาที่มีอำนาจวินิจฉัยร้องทุกข์สามารถขอถอนตัวจากการพิจารณาได้ หากเห็นว่าตนมีกรณีที่อาจถูกคัดค้าน หรืออาจถูกกล่าวอ้างได้ว่าไม่อยู่ในฐานะที่จะปฏิบัติหน้าที่ด้วยความเที่ยงธรรม,ไม่มีข้อบังคับที่ภาคเอกชนหรือผู้ประกอบการต้องปฏิบัติ เนื่องจากเป็นกฎระเบียบภายในที่ใช้บังคับเกี่ยวกับการพิจารณาเรื่องร้องทุกข์ของข้าราชการและบุคลากรสังกัดกรุงเทพมหานคร,🔵 ฟ้า,ระเบียบภาครัฐ,ไม่มี,ราชกิจจานุเบกษา เล่ม 139 ตอนที่ 1 ก หน้า 25-26,"1. กฎ ก.พ.ค. กรุงเทพมหานคร ว่าด้วยการร้องทุกข์และการพิจารณาวินิจฉัยเรื่องร้องทุกข์ พ.ศ. 2555
2. คู่มือแนวทางการพิจารณาวินิจฉัยเรื่องร้องทุกข์ของข้าราชการกรุงเทพมหานคร",,"ข้าราชการกรุงเทพมหานครและบุคลากรกรุงเทพมหานคร 

ผู้บังคับบัญชาผู้มีอำนาจวินิจฉัยร้องทุกข์ในสังกัดกรุงเทพมหานคร","ร้องทุกข์, พิจารณาวินิจฉัยเรื่องร้องทุกข์, ขอถอนตัว","ข้าราชการกรุงเทพมหานคร, บุคลากรกรุงเทพมหานคร, ผู้บังคับบัญชา","กฎ ก.พ.ค. กรุงเทพมหานคร, ร้องทุกข์, คัดค้าน, เที่ยงธรรม, ระบบคุณธรรม",-,CC6,[CC6]: เป็นระเบียบที่เกี่ยวข้องกับการบริหารงานบุคคลและกระบวนการร้องทุกข์ของบุคลากรภาครัฐ (ข้าราชการและบุคลากรกรุงเทพมหานคร) โดยกำหนดหลักเกณฑ์ให้ผู้บังคับบัญชาขอถอนตัวจากการพิจารณาวินิจฉัยเรื่องร้องทุกข์ได้หากมีเหตุอันอาจถูกคัดค้านหรือไม่สามารถปฏิบัติหน้าที่โดยเที่ยงธรรม (อ้างอิง ข้อ 2 ที่ให้เพิ่มข้อ 29/1),100%,แก้ไขเพิ่มเติมกฎ ก.พ.ค. กรุงเทพมหานคร ว่าด้วยการร้องทุกข์และการพิจารณาวินิจฉัยเรื่องร้องทุกข์ พ.ศ. 2555 (โดยเพิ่มข้อ 29/1)
154,100154,ระเบียบสำนักข่าวกรองแห่งชาติ ว่าด้วยคุณสมบัติ การแต่งตั้ง การปฏิบัติหน้าที่ และการกำกับดูแลการปฏิบัติหน้าที่ของผู้ปฏิบัติงานข่าวกรอง พ.ศ. ๒๕๖๔,https://ratchakitcha.soc.go.th/documents/17193304.pdf,บังคับใช้,,,,7,มกราคม,2565,8 มกราคม 2565,-,ระเบียบ,พระราชบัญญัติข่าวกรองแห่งชาติ พ.ศ. ๒๕๖๒ มาตรา ๑๐ วรรคแรก,"สำนักข่าวกรองแห่งชาติ, สำนักนายกรัฐมนตรี",-,-,-,กำหนดหลักเกณฑ์เกี่ยวกับคุณสมบัติ การแต่งตั้ง การปฏิบัติหน้าที่ และการกำกับดูแลผู้ปฏิบัติงานข่าวกรองของสำนักข่าวกรองแห่งชาติ โดยแบ่งผู้ปฏิบัติงานออกเป็น 2 ประเภท ได้แก่ ประเภท ก (กลุ่มผู้เชี่ยวชาญและมีประสบการณ์สูง) และประเภท ข (กลุ่มผู้สนับสนุน) และกำหนดให้มีคณะกรรมการเพื่อพิจารณากลั่นกรองคุณสมบัติก่อนเสนอแต่งตั้ง,ไม่มีข้อบังคับที่ภาคเอกชนหรือผู้ประกอบการทั่วไปต้องปฏิบัติ เนื่องจากเป็นระเบียบการบริหารงานบุคคลภายในที่ใช้บังคับเฉพาะกับข้าราชการและผู้ปฏิบัติงานข่าวกรองในสังกัดสำนักข่าวกรองแห่งชาติเท่านั้น,🔵 ฟ้า,ระเบียบภาครัฐ,ไม่มี,ราชกิจจานุเบกษา เล่ม 139 ตอนพิเศษ 4 ง หน้า 1-3,"1. หลักเกณฑ์และวิธีการปฏิบัติหน้าที่ผู้ปฏิบัติงานข่าวกรองที่ผู้อำนวยการกำหนด
2. แบบประเมินผลการปฏิบัติของผู้ปฏิบัติงานข่าวกรอง",,"ข้าราชการพลเรือนสามัญในสำนักข่าวกรองแห่งชาติ (ผู้ปฏิบัติงานข่าวกรอง ประเภท ก และ ประเภท ข) 

ผู้อำนวยการ รองผู้อำนวยการ ผู้ช่วยผู้อำนวยการ และที่ปรึกษาสำนักข่าวกรองแห่งชาติ","กำหนดคุณสมบัติ, แต่งตั้ง, ปฏิบัติหน้าที่, กำกับดูแล","ผู้ปฏิบัติงานข่าวกรอง, งานด้านการข่าวกรอง","สำนักข่าวกรองแห่งชาติ, พระราชบัญญัติข่าวกรองแห่งชาติ, ข้าราชการพลเรือนสามัญ",-,"CC31, CC6","[CC31]: เป็นระเบียบที่ออกโดยสำนักข่าวกรองแห่งชาติ เพื่อกำหนดหลักเกณฑ์ด้านคุณสมบัติ การแต่งตั้ง และการกำกับดูแลผู้ปฏิบัติงานข่าวกรองของหน่วยงานโดยตรง (อ้างอิง ข้อ 1 และบทนิยามในข้อ 3)

[CC6]: เป็นระเบียบที่เกี่ยวเนื่องกับการบริหารงานบุคคลภาครัฐ เนื่องจากกำหนดคุณสมบัติและหน้าที่เฉพาะสำหรับ ""ข้าราชการพลเรือนสามัญ"" ในสังกัดสำนักข่าวกรองแห่งชาติ (อ้างอิง บทนิยาม ""ผู้ปฏิบัติงานข่าวกรอง"" ในข้อ 3)",100%,
155,100155,ระเบียบสำนักข่าวกรองแห่งชาติ ว่าด้วยเงินเพิ่มสำหรับตำแหน่งที่มีเหตุพิเศษของผู้ปฏิบัติงานข่าวกรอง พ.ศ. ๒๕๖๔,https://ratchakitcha.soc.go.th/documents/17193305.pdf,บังคับใช้,,,,7,มกราคม,2565,1 ตุลาคม 2565,-,ระเบียบ,พระราชบัญญัติข่าวกรองแห่งชาติ พ.ศ. ๒๕๖๒ มาตรา ๑๐ วรรคสอง,"สำนักข่าวกรองแห่งชาติ, กระทรวงการคลัง",-,-,-,กำหนดหลักเกณฑ์ อัตรา และเงื่อนไขการเบิกจ่ายเงินเพิ่มสำหรับตำแหน่งที่มีเหตุพิเศษของผู้ปฏิบัติงานข่าวกรอง (ประเภท ก และ ข) เพื่อสนับสนุนการปฏิบัติงานของสำนักข่าวกรองแห่งชาติให้มีประสิทธิภาพ,ไม่มีข้อบังคับที่ภาคเอกชนหรือผู้ประกอบการทั่วไปต้องปฏิบัติ เนื่องจากเป็นระเบียบภายในที่กำหนดสิทธิประโยชน์และเงินเพิ่มสำหรับผู้ปฏิบัติงานและข้าราชการในสังกัดสำนักข่าวกรองแห่งชาติเท่านั้น,🔵 ฟ้า,ระเบียบภาครัฐ,ไม่มี,ราชกิจจานุเบกษา เล่ม 139 ตอนพิเศษ 4 ง หน้า 4-6,"1. ประกาศสำนักข่าวกรองแห่งชาติ เรื่อง หลักเกณฑ์ วิธีการรายงาน และการพิจารณาผลการปฏิบัติงานของผู้ปฏิบัติงานข่าวกรอง 

2. ระเบียบว่าด้วยการลาของข้าราชการ",,ผู้ปฏิบัติงานข่าวกรอง (ผู้อำนวยการ รองผู้อำนวยการ ผู้ช่วยผู้อำนวยการ ที่ปรึกษา และข้าราชการในสำนักข่าวกรองแห่งชาติ),"ปฏิบัติงาน, จ่ายเงินเพิ่ม, ลา, ประเมินผล","เงินเพิ่มสำหรับตำแหน่งที่มีเหตุพิเศษ, ผู้ปฏิบัติงานข่าวกรอง","สำนักข่าวกรองแห่งชาติ, ข่าวกรอง, เงินเพิ่ม, งบประมาณรายจ่าย, ข้าราชการ",-,"CC31, CC6, CC24","[CC31]: เป็นระเบียบที่ออกโดยสำนักข่าวกรองแห่งชาติ เพื่อกำหนดหลักเกณฑ์การจ่ายเงินเพิ่มสำหรับตำแหน่งที่มีเหตุพิเศษของผู้ปฏิบัติงานข่าวกรองของหน่วยงานโดยตรง (อ้างอิง ข้อ 1 และบทนิยามในข้อ 3)

[CC6]: เกี่ยวข้องกับการบริหารงานบุคคลภาครัฐ (ข้าราชการ) ในเรื่องสิทธิประโยชน์ สวัสดิการ และการลาของข้าราชการ ซึ่งส่งผลต่อการได้รับเงินเพิ่ม (อ้างอิง ข้อ 7 กรณีการลาประเภทต่างๆ)

[CC24]: เกี่ยวข้องกับวินัยการเงินการคลังภาครัฐ เนื่องจากเป็นการกำหนดหลักเกณฑ์การจ่ายเงินเพิ่มจากงบประมาณรายจ่ายของหน่วยงาน และระเบียบการเบิกจ่าย (อ้างอิง ข้อ 4 และ ข้อ 11)",100%,
156,100156,ระเบียบกรมที่ดิน ว่าด้วยการทำแผนที่ภาพถ่ายทางอากาศด้วยอากาศยานไร้คนขับ (UAV) พ.ศ. ๒๕๖๔,https://ratchakitcha.soc.go.th/documents/17195281.pdf,บังคับใช้,,,,6,มกราคม,2565,6 มกราคม 2565,-,ระเบียบ,"พระราชบัญญัติระเบียบบริหารราชการแผ่นดิน พ.ศ. ๒๕๓๔ มาตรา ๓๒, กฎกระทรวงแบ่งส่วนราชการกรมที่ดิน กระทรวงมหาดไทย พ.ศ. ๒๕๕๗ ข้อ ๒ (๑), กฎกระทรวงแบ่งส่วนราชการกรมที่ดิน กระทรวงมหาดไทย พ.ศ. ๒๕๕๗ ข้อ ๒ (๔), กฎกระทรวงแบ่งส่วนราชการกรมที่ดิน กระทรวงมหาดไทย พ.ศ. ๒๕๕๗ ข้อ ๑๔ (๑), กฎกระทรวงแบ่งส่วนราชการกรมที่ดิน กระทรวงมหาดไทย พ.ศ. ๒๕๕๗ ข้อ ๑๔ (๒), กฎกระทรวงแบ่งส่วนราชการกรมที่ดิน กระทรวงมหาดไทย พ.ศ. ๒๕๕๗ ข้อ ๑๔ (๓)","กรมที่ดิน, กระทรวงมหาดไทย",-,-,-,กำหนดหลักเกณฑ์และวิธีการในการทำแผนที่ภาพถ่ายทางอากาศด้วยอากาศยานไร้คนขับ (UAV) ของกรมที่ดิน เพื่อให้การปฏิบัติงานมีมาตรฐานเดียวกัน ครอบคลุมตั้งแต่การวางแผนการบิน การรังวัดและสร้างจุดควบคุมภาคพื้นดิน การประมวลผลภาพถ่าย และการตรวจสอบความถูกต้องเชิงตำแหน่ง,ภาคเอกชนหรือผู้ประกอบการที่รับจ้างดำเนินงานสำรวจหรือจัดทำแผนที่ด้วย UAV ให้แก่กรมที่ดิน หรือผู้ที่นำข้อมูลแผนที่ดังกล่าวไปใช้ประโยชน์ ต้องปฏิบัติตามมาตรฐานทางเทคนิคที่ระเบียบกำหนด เช่น ข้อกำหนดของกล้องถ่ายภาพ การสร้างจุดควบคุมและจุดตรวจสอบ และการประมวลผลข้อมูลให้อยู่ในเกณฑ์ความถูกต้องเชิงตำแหน่งที่กำหนด,🔵 ฟ้า,ระเบียบภาครัฐ,ไม่มี,ราชกิจจานุเบกษา เล่ม 139 ตอนพิเศษ 3 ง หน้า 1-23,"1. ภาคผนวก ก: แบบฟอร์มรายการบันทึกการวางแผนการบิน / แบบฟอร์มรายการบันทึกข้อมูลจำเพาะของกล้องถ่ายภาพ 
2. ภาคผนวก ข: แบบฟอร์มรายการบันทึกการสร้างจุดควบคุมภาคพื้นดิน / แบบฟอร์มรายการบันทึกการสร้างจุดตรวจสอบ / แบบหมายแสดงตำแหน่งจุดควบคุมภาคพื้นดินหรือจุดตรวจสอบ 
3. ภาคผนวก ค: แบบฟอร์มรายการตรวจสอบการประมวลผลภาพถ่าย 
4. ภาคผนวก ง: แบบบันทึกการพิจารณาอนุญาตแนวการแก้ไขปัญหาการปฏิบัติงาน 
5. ระเบียบกรมที่ดิน ว่าด้วยการรังวัดทำแผนที่โดยวิธีแผนที่ชั้นหนึ่งด้วยระบบโครงข่ายการรังวัดด้วยดาวเทียมแบบจลน์ (RTK GNSS Network) 
6. ASPRS Positional Accuracy Standards for Digital Geospatial Data (2014) 
7. มาตรฐานการสำรวจด้วยอากาศยานไร้คนขับเพื่องานวิศวกรรม (สมาคมวิศวกรรมสถานแห่งประเทศไทย ในพระบรมราชูปถัมภ์)",,บุคลากรและหน่วยงานในสังกัดกรมที่ดินที่ปฏิบัติงานด้านการทำแผนที่ภาพถ่ายทางอากาศด้วยอากาศยานไร้คนขับ (UAV),"ทำแผนที่ภาพถ่ายทางอากาศ, สำรวจด้วยภาพถ่าย, บินถ่ายภาพ, รังวัด, ประมวลผลภาพถ่าย","อากาศยานไร้คนขับ (UAV), แผนที่ภาพถ่ายทางอากาศ, ภาพออร์โท (Orthophoto), แบบจำลองพื้นผิวภูมิประเทศเชิงเลข (DSM)","ระเบียบกรมที่ดิน, จุดควบคุมภาคพื้นดิน (GCP), การสำรวจด้วยภาพถ่าย (Photogrammetry), ค่าความคลาดเคลื่อนเชิงตำแหน่ง","CD9, BF3",-,"[CD9]: เป็นผู้ให้บริการรังวัดและผู้จัดทำแผนที่รูปแปลงที่ดิน ซึ่งต้องปฏิบัติตามมาตรฐานการทำแผนที่ภาพถ่ายทางอากาศ การสร้างจุดควบคุมภาคพื้นดิน (GCP) และเกณฑ์ความถูกต้องเชิงตำแหน่งตามที่กรมที่ดินกำหนด (อ้างอิง หมวด 2, หมวด 4 และภาคผนวก ข-ง)

[BF3]: เป็นผู้ประกอบธุรกิจบริการปฏิบัติการบินโดรน (UAV) เพื่อรับจ้างสำรวจพื้นที่หรือบินถ่ายภาพมุมสูง ซึ่งต้องปฏิบัติตามข้อกำหนดคุณสมบัติของอากาศยานไร้คนขับ (เช่น ขนาดเซนเซอร์, ความละเอียดกล้อง) และการวางแผนการบินตามระเบียบนี้ (อ้างอิง หมวด 1 และ หมวด 2 ข้อ 8)",100%,-
157,100157,กฎกระทรวงยกเว้นค่าธรรมเนียมการต่ออายุใบอนุญาตประกอบธุรกิจนำเที่ยวและใบอนุญาตเป็นมัคคุเทศก์ พ.ศ. ๒๕๖๔,https://ratchakitcha.soc.go.th/documents/17193193.pdf,สิ้นผล,,,,31,ธันวาคม,2564,1 มกราคม 2565,1 มกราคม 2570,กฎกระทรวง,พระราชบัญญัติธุรกิจนำเที่ยวและมัคคุเทศก์ พ.ศ. ๒๕๕๑ มาตรา ๕ วรรคหนึ่ง,กระทรวงการท่องเที่ยวและกีฬา,-,-,-,ยกเว้นค่าธรรมเนียมการต่ออายุใบอนุญาตประกอบธุรกิจนำเที่ยวและใบอนุญาตประกอบธุรกิจนำเที่ยวสาขาเป็นเวลา 2 ปี และยกเว้นค่าธรรมเนียมการต่ออายุใบอนุญาตเป็นมัคคุเทศก์เป็นเวลา 5 ปี นับแต่วันที่กฎกระทรวงใช้บังคับ เพื่อบรรเทาผลกระทบจากการระบาดของโรคโควิด-19,ผู้ประกอบธุรกิจนำเที่ยวและมัคคุเทศก์สามารถดำเนินการยื่นคำขอต่ออายุใบอนุญาตได้ตามปกติโดยจะได้รับสิทธิยกเว้นการชำระค่าธรรมเนียมตามกรอบระยะเวลาที่กำหนด (ธุรกิจนำเที่ยวได้สิทธิถึงวันที่ 1 มกราคม 2567 และมัคคุเทศก์ได้สิทธิถึงวันที่ 1 มกราคม 2570),⚪️ เทา (Amendment / No Impact),-,"ใบอนุญาตประกอบธุรกิจนำเที่ยว 

ใบอนุญาตประกอบธุรกิจนำเที่ยวสาขา 

ใบอนุญาตเป็นมัคคุเทศก์",ราชกิจจานุเบกษา เล่ม 138 ตอนที่ 90 ก หน้า 1-2,"1. แบบคำขอต่ออายุใบอนุญาตประกอบธุรกิจนำเที่ยว
2. แบบคำขอต่ออายุใบอนุญาตเป็นมัคคุเทศก์
3. กฎกระทรวงกำหนดค่าธรรมเนียมใบอนุญาตประกอบธุรกิจนำเที่ยวและใบอนุญาตเป็นมัคคุเทศก์ พ.ศ. 2561",,"ผู้ประกอบธุรกิจนำเที่ยว 

มัคคุเทศก์","ยกเว้นค่าธรรมเนียม, ต่ออายุใบอนุญาต, ประกอบธุรกิจนำเที่ยว, เป็นมัคคุเทศก์","ใบอนุญาตประกอบธุรกิจนำเที่ยว, ใบอนุญาตประกอบธุรกิจนำเที่ยวสาขา, ใบอนุญาตเป็นมัคคุเทศก์","พระราชบัญญัติธุรกิจนำเที่ยวและมัคคุเทศก์, โรคติดเชื้อไวรัสโคโรนา 2019","AG1, AG3",-,"[AG1]: เป็นผู้ประกอบธุรกิจนำเที่ยวและผู้ประกอบธุรกิจนำเที่ยวสาขา ที่ได้รับการยกเว้นค่าธรรมเนียมการต่ออายุใบอนุญาตเป็นระยะเวลา 2 ปี (อ้างอิง ข้อ 2)

[AG3]: เป็นมัคคุเทศก์ ที่ได้รับการยกเว้นค่าธรรมเนียมการต่ออายุใบอนุญาตเป็นระยะเวลา 5 ปี (อ้างอิง ข้อ 3)",100%,มาตรการช่วยเหลือเพื่อบรรเทาผลกระทบจากการระบาดของโรคติดเชื้อไวรัสโคโรนา 2019 (COVID-19) แก่ผู้ประกอบธุรกิจนำเที่ยวและมัคคุเทศก์
158,100158,กฎกระทรวงแบ่งส่วนราชการสำนักงานปลัดกระทรวง กระทรวงทรัพยากรธรรมชาติและสิ่งแวดล้อม (ฉบับที่ ๒) พ.ศ. ๒๕๖๔,https://ratchakitcha.soc.go.th/documents/17193194.pdf,บังคับใช้,,,"อัปเดตข้อความและยกเลิกบางข้อในกฎกระทรวงแบ่งส่วนราชการสำนักงานปลัดกระทรวง กระทรวงทรัพยากรธรรมชาติและสิ่งแวดล้อม พ.ศ. 2560 (ยกเลิกข้อ 2(2), ข้อ 3 ก.(5) และข้อ 11)",31,ธันวาคม,2564,31 ธันวาคม 2564,-,กฎกระทรวง,พระราชบัญญัติระเบียบบริหารราชการแผ่นดิน พ.ศ. ๒๕๓๔ มาตรา ๘ ฉ,กระทรวงทรัพยากรธรรมชาติและสิ่งแวดล้อม,-,-,-,"ยกเลิกอำนาจหน้าที่และส่วนราชการในส่วนของ ""กองแก้ไขปัญหาการบุกรุกที่ดินของรัฐ"" ออกจากสำนักงานปลัดกระทรวง กระทรวงทรัพยากรธรรมชาติและสิ่งแวดล้อม เนื่องจากมีการจัดตั้งสำนักงานคณะกรรมการนโยบายที่ดินแห่งชาติ สังกัดสำนักนายกรัฐมนตรี เพื่อรับผิดชอบงานด้านการบริหารจัดการที่ดินและทรัพยากรดินของประเทศแทน","ภาคเอกชนหรือประชาชนที่ต้องการติดต่อราชการ หรือมีส่วนเกี่ยวข้องกับเรื่องการแก้ไขปัญหาการบุกรุกที่ดินของรัฐ จะต้องเปลี่ยนไปติดต่อประสานงานกับ ""สำนักงานคณะกรรมการนโยบายที่ดินแห่งชาติ สำนักนายกรัฐมนตรี"" แทนการติดต่อสำนักงานปลัดกระทรวงทรัพยากรธรรมชาติและสิ่งแวดล้อม",🔵 ฟ้า,ระเบียบภาครัฐ,ไม่มี,ราชกิจจานุเบกษา เล่ม 138 ตอนที่ 90 ก หน้า 3-4,-,,สำนักงานปลัดกระทรวง กระทรวงทรัพยากรธรรมชาติและสิ่งแวดล้อม,"แบ่งส่วนราชการ, ยกเลิกอำนาจหน้าที่, บริหารจัดการที่ดิน","โครงสร้างส่วนราชการ, ที่ดินของรัฐ, ทรัพยากรดิน","พระราชบัญญัติระเบียบบริหารราชการแผ่นดิน, สำนักงานคณะกรรมการนโยบายที่ดินแห่งชาติ, กระทรวงทรัพยากรธรรมชาติและสิ่งแวดล้อม",-,CC17,[CC17]: เป็นกฎหมายที่ปรับปรุงโครงสร้างและอำนาจหน้าที่ของส่วนราชการ (สำนักงานปลัดกระทรวง กระทรวงทรัพยากรธรรมชาติและสิ่งแวดล้อม) ซึ่งส่งผลต่อความเข้าใจในการติดต่อและการบริหารราชการแผ่นดิน (อ้างอิง ข้อ 1-3 และเหตุผลท้ายกฎกระทรวง),100%,"อัปเดตข้อความและยกเลิกบางข้อในกฎกระทรวงแบ่งส่วนราชการสำนักงานปลัดกระทรวง กระทรวงทรัพยากรธรรมชาติและสิ่งแวดล้อม พ.ศ. 2560 (ยกเลิกข้อ 2(2), ข้อ 3 ก.(5) และข้อ 11)"
159,100159,กฎกระทรวงแบ่งส่วนราชการสำนักงานนโยบายและแผนทรัพยากรธรรมชาติและสิ่งแวดล้อม กระทรวงทรัพยากรธรรมชาติและสิ่งแวดล้อม (ฉบับที่ ๒) พ.ศ. ๒๕๖๔,https://ratchakitcha.soc.go.th/documents/17193195.pdf,บังคับใช้,,,"อัปเดตและยกเลิกบางข้อในกฎกระทรวงแบ่งส่วนราชการสำนักงานนโยบายและแผนทรัพยากรธรรมชาติและสิ่งแวดล้อม กระทรวงทรัพยากรธรรมชาติและสิ่งแวดล้อม พ.ศ. 2560 (ยกเลิกข้อ 2(7), ข้อ 3(6) และข้อ 12)",31,ธันวาคม,2564,31 ธันวาคม 2564,-,กฎกระทรวง,พระราชบัญญัติระเบียบบริหารราชการแผ่นดิน พ.ศ. ๒๕๓๔ มาตรา ๘ ฉ,"สำนักงานนโยบายและแผนทรัพยากรธรรมชาติและสิ่งแวดล้อม (สผ.), กระทรวงทรัพยากรธรรมชาติและสิ่งแวดล้อม",-,-,-,"ยกเลิกการแบ่งส่วนราชการและอำนาจหน้าที่ของ ""กองบริหารจัดการที่ดิน"" ออกจากสำนักงานนโยบายและแผนทรัพยากรธรรมชาติและสิ่งแวดล้อม กระทรวงทรัพยากรธรรมชาติและสิ่งแวดล้อม เนื่องจากได้มีการจัดตั้งสำนักงานคณะกรรมการนโยบายที่ดินแห่งชาติ สำนักนายกรัฐมนตรี เพื่อรับผิดชอบงานด้านการบริหารจัดการที่ดินและทรัพยากรดินของประเทศแทน",ภาคเอกชนหรือประชาชนที่ต้องการติดต่อราชการ หรือดำเนินเรื่องที่เกี่ยวข้องกับการบริหารจัดการที่ดินและทรัพยากรดินของประเทศ จะต้องเปลี่ยนไปติดต่อหน่วยงานใหม่คือ สำนักงานคณะกรรมการนโยบายที่ดินแห่งชาติ สำนักนายกรัฐมนตรี แทนการติดต่อสำนักงานนโยบายและแผนทรัพยากรธรรมชาติและสิ่งแวดล้อม,🔵 ฟ้า,ระเบียบภาครัฐ,ไม่มี,ราชกิจจานุเบกษา เล่ม 138 ตอนที่ 90 ก หน้า 5-6,-,,สำนักงานนโยบายและแผนทรัพยากรธรรมชาติและสิ่งแวดล้อม กระทรวงทรัพยากรธรรมชาติและสิ่งแวดล้อม,"แบ่งส่วนราชการ, ยกเลิกอำนาจหน้าที่, บริหารจัดการที่ดิน","โครงสร้างส่วนราชการ, ทรัพยากรดิน","พระราชบัญญัติระเบียบบริหารราชการแผ่นดิน, สำนักงานคณะกรรมการนโยบายที่ดินแห่งชาติ, กระทรวงทรัพยากรธรรมชาติและสิ่งแวดล้อม",CC17,-,[CC17]: เป็นกฎหมายที่ปรับปรุงโครงสร้างและอำนาจหน้าที่ของส่วนราชการระดับกรม (สำนักงานนโยบายและแผนทรัพยากรธรรมชาติและสิ่งแวดล้อม) โดยตัดภารกิจด้านการบริหารจัดการที่ดินออก ซึ่งส่งผลต่อโครงสร้างการบริหารราชการแผ่นดิน (อ้างอิง ข้อ 1-3 และเหตุผลท้ายกฎกระทรวง),100%,"อัปเดตและยกเลิกบางข้อในกฎกระทรวงแบ่งส่วนราชการสำนักงานนโยบายและแผนทรัพยากรธรรมชาติและสิ่งแวดล้อม กระทรวงทรัพยากรธรรมชาติและสิ่งแวดล้อม พ.ศ. 2560 (ยกเลิกข้อ 2(7), ข้อ 3(6) และข้อ 12)"
160,100160,กฎกระทรวงศักยภาพทางเทคนิคของผู้ขอรับใบอนุญาตเกี่ยวกับวัสดุนิวเคลียร์ พ.ศ. ๒๕๖๔,https://ratchakitcha.soc.go.th/documents/17193196.pdf,บังคับใช้,,,,31,ธันวาคม,2564,31 ธันวาคม 2564,-,กฎกระทรวง,"พระราชบัญญัติพลังงานนิวเคลียร์เพื่อสันติ พ.ศ. ๒๕๕๙ มาตรา ๕ วรรคสอง, พระราชบัญญัติพลังงานนิวเคลียร์เพื่อสันติ พ.ศ. ๒๕๕๙ มาตรา ๘, พระราชบัญญัติพลังงานนิวเคลียร์เพื่อสันติ พ.ศ. ๒๕๕๙ มาตรา ๔๑ (๑) (ข)","กระทรวงการอุดมศึกษา วิทยาศาสตร์ วิจัยและนวัตกรรม,คณะกรรมการพลังงานนิวเคลียร์เพื่อสันติ",-,-,-,กำหนดหลักเกณฑ์เกี่ยวกับศักยภาพทางเทคนิคของผู้ขอรับใบอนุญาตมีไว้ครอบครอง ใช้ นำเข้า ส่งออก หรือนำผ่านวัสดุนิวเคลียร์ โดยต้องจัดให้มีสถานที่จัดเก็บที่ปลอดภัย เครื่องมือป้องกันและสำรวจรังสี เจ้าหน้าที่ดำเนินการทางเทคนิค ระบบการคุ้มครองทางกายภาพ ตลอดจนแผนป้องกันรังสี แผนฉุกเฉิน และแผนจัดการกากกัมมันตรังสี,ผู้ประกอบการที่ประสงค์จะขอรับใบอนุญาตเกี่ยวกับวัสดุนิวเคลียร์ จะต้องจัดเตรียมความพร้อมด้านสถานที่ ระบบรักษาความปลอดภัย เครื่องมือป้องกันอันตรายจากรังสี และแต่งตั้งเจ้าหน้าที่ควบคุมดูแลทางเทคนิค รวมทั้งต้องจัดทำแผนฉุกเฉินและแผนจัดการกากกัมมันตรังสีให้เป็นไปตามมาตรฐานที่กำหนดก่อนยื่นขออนุญาต,โทษเชื่อมโยงจากกฎหมายแม่,รอเชื่อมโยง: พระราชบัญญัติพลังงานนิวเคลียร์เพื่อสันติ พ.ศ. 2559 มาตรา 41 (1) (ข),"ใบอนุญาตมีไว้ในครอบครองหรือใช้วัสดุนิวเคลียร์

ใบอนุญาตก่อสร้างสถานประกอบการทางนิวเคลียร์

ใบอนุญาตดำเนินการสถานประกอบการทางนิวเคลียร์

ใบอนุญาตนำเข้า ส่งออก หรือนำผ่านวัสดุนิวเคลียร์",ราชกิจจานุเบกษา เล่ม 138 ตอนที่ 90 ก หน้า 7-11,"1. คู่มือการจัดทำแผนป้องกันอันตรายจากรังสีและแผนฉุกเฉินทางนิวเคลียร์และรังสี (สำนักงานปรมาณูเพื่อสันติ)

2. รายงานวิเคราะห์ความปลอดภัยของสถานประกอบการทางนิวเคลียร์ (SAR)

3. คู่มือมาตรฐานความปลอดภัยทบวงการพลังงานปรมาณูระหว่างประเทศ (IAEA Safety Standards - Physical Protection of Nuclear Material)",,"ผู้ขอรับใบอนุญาตมีไว้ในครอบครอง ใช้ นำเข้า ส่งออก หรือนำผ่านวัสดุนิวเคลียร์

ผู้ขอรับใบอนุญาตก่อสร้างหรือดำเนินการสถานประกอบการทางนิวเคลียร์","มีไว้ในครอบครอง, ใช้, นำเข้า, ส่งออก, นำผ่าน, ควบคุมดูแล, จัดการกาก","วัสดุนิวเคลียร์, สถานประกอบการทางนิวเคลียร์, ระบบการคุ้มครองทางกายภาพ","ศักยภาพทางเทคนิค, พระราชบัญญัติพลังงานนิวเคลียร์เพื่อสันติ, เจ้าหน้าที่ดำเนินการทางเทคนิค, แผนฉุกเฉินทางนิวเคลียร์","K1, K4, AA2, AA24, AZ3, BP1, BP2",-,"[K1]: สถานประกอบการที่มีเครื่องปฏิกรณ์/โรงไฟฟ้านิวเคลียร์ เป็นผู้มีไว้ในครอบครองหรือใช้วัสดุนิวเคลียร์โดยตรง ซึ่งต้องจัดให้มีศักยภาพทางเทคนิคตามที่กำหนด (อ้างอิง ข้อ 1 และ ข้อ 7)

[K4]: ธุรกิจเทคโนโลยีนิวเคลียร์ เป็นกลุ่มผู้ปฏิบัติงานและครอบครองวัสดุนิวเคลียร์ (อ้างอิง ข้อ 1)

[AA24]: ผู้นำเข้าและส่งออกวัสดุนิวเคลียร์ ต้องจัดให้มีสถานที่และอุปกรณ์ป้องกันรังสีเช่นเดียวกับผู้ครอบครอง (อ้างอิง ข้อ 8)

[AA2]: ตัวแทนออกของและผู้รับจัดการขนส่งผ่านแดน/ถ่ายลำ ในกรณีที่นำผ่านวัสดุนิวเคลียร์ ต้องมีระบบคุ้มครองทางกายภาพระหว่างการขนส่ง เช่น การปิดล็อกและเจ้าหน้าที่ รปภ. ติดตาม (อ้างอิง ข้อ 9)

[AZ3]: ธุรกิจรับจัดการกากกัมมันตรังสี เป็น Ecosystem ที่ผู้ขอรับใบอนุญาตต้องมีแผนส่งวัสดุหรือกากที่ปนเปื้อนวัสดุนิวเคลียร์ไปให้ดำเนินการอย่างถูกต้อง (อ้างอิง ข้อ 5)

[BP1]: ธุรกิจรักษาความปลอดภัย เป็น Ecosystem ผู้ให้บริการเจ้าหน้าที่ รปภ. ซึ่งกฎหมายบังคับให้ผู้ครอบครองและผู้นำผ่านวัสดุนิวเคลียร์ต้องจัดให้มีหน่วยรักษาความปลอดภัยประจำสถานที่และขณะขนส่ง (อ้างอิง ข้อ 2(4) และ ข้อ 9(5))

[BP2]: ธุรกิจบริการระบบรักษาความปลอดภัย เป็น Ecosystem ที่ต้องออกแบบติดตั้งระบบสัญญาณเตือนภัยและระบบป้องกันการบุกรุกให้แก่สถานที่เก็บวัสดุนิวเคลียร์ (อ้างอิง ข้อ 2(2)-(3))

[ทบทวนรหัส AC6, AN1, AN5, AN10, AN13, AQ1, AQ4, AS9, BL3, BA4, CB4]: ตัดออกทั้งหมดผ่าน Self-Correction Gate เนื่องจากกฎหมายฉบับนี้ระบุเจาะจงเฉพาะคำว่า ""วัสดุนิวเคลียร์"" (Nuclear Material เช่น ยูเรเนียม พลูโทเนียม) เท่านั้น ไม่ได้ครอบคลุมถึง ""เครื่องกำเนิดรังสี"" (เช่น เครื่อง X-ray ในคลินิกทันตกรรม/โรงพยาบาลสัตว์/เครื่องสแกนกระเป๋า) และไม่ได้ครอบคลุม ""วัสดุกัมมันตรังสี"" ทั่วไปทางการแพทย์ ดังนั้น การระบุรหัสกลุ่มโรงพยาบาล คลินิก หรือเครื่องตรวจความปลอดภัยจึงไม่ถูกต้องและเกินขอบเขตของกฎหมายฉบับนี้",100%,-
161,100161,กฎกระทรวงศักยภาพของผู้ให้บริการจัดการกากกัมมันตรังสีการอนุญาตและการเลิกดำเนินการให้บริการจัดการกากกัมมันตรังสี พ.ศ. ๒๕๖๔,https://ratchakitcha.soc.go.th/documents/17193197.pdf,บังคับใช้,,,,31,ธันวาคม,2564,31 ธันวาคม 2564,-,กฎกระทรวง,"พระราชบัญญัติพลังงานนิวเคลียร์เพื่อสันติ พ.ศ. ๒๕๕๙ มาตรา ๕ วรรคสอง, พระราชบัญญัติพลังงานนิวเคลียร์เพื่อสันติ พ.ศ. ๒๕๕๙ มาตรา ๘๐, พระราชบัญญัติพลังงานนิวเคลียร์เพื่อสันติ พ.ศ. ๒๕๕๙ มาตรา ๘ (๘), พระราชบัญญัติพลังงานนิวเคลียร์เพื่อสันติ พ.ศ. ๒๕๕๙ มาตรา ๘ (๑๐), พระราชบัญญัติพลังงานนิวเคลียร์เพื่อสันติ พ.ศ. ๒๕๕๙ มาตรา ๘ (๑๒), พระราชบัญญัติพลังงานนิวเคลียร์เพื่อสันติ พ.ศ. ๒๕๕๙ มาตรา ๔๖ (๒), พระราชบัญญัติพลังงานนิวเคลียร์เพื่อสันติ พ.ศ. ๒๕๕๙ มาตรา ๕๑ วรรคสี่, พระราชบัญญัติพลังงานนิวเคลียร์เพื่อสันติ พ.ศ. ๒๕๕๙ มาตรา ๕๒, พระราชบัญญัติพลังงานนิวเคลียร์เพื่อสันติ พ.ศ. ๒๕๕๙ มาตรา ๕๓ วรรคสาม, พระราชบัญญัติพลังงานนิวเคลียร์เพื่อสันติ พ.ศ. ๒๕๕๙ มาตรา ๕๕ วรรคสามและวรรคสี่, พระราชบัญญัติพลังงานนิวเคลียร์เพื่อสันติ พ.ศ. ๒๕๕๙ มาตรา ๕๖ วรรคหนึ่ง, พระราชบัญญัติพลังงานนิวเคลียร์เพื่อสันติ พ.ศ. ๒๕๕๙ มาตรา ๕๘ วรรคสาม, พระราชบัญญัติพลังงานนิวเคลียร์เพื่อสันติ พ.ศ. ๒๕๕๙ มาตรา ๖๔ วรรคสี่และวรรคห้า, พระราชบัญญัติพลังงานนิวเคลียร์เพื่อสันติ พ.ศ. ๒๕๕๙ มาตรา ๖๕, พระราชบัญญัติพลังงานนิวเคลียร์เพื่อสันติ พ.ศ. ๒๕๕๙ มาตรา ๖๗ วรรคหนึ่ง, พระราชบัญญัติพลังงานนิวเคลียร์เพื่อสันติ พ.ศ. ๒๕๕๙ มาตรา ๗๐ วรรคสอง, พระราชบัญญัติพลังงานนิวเคลียร์เพื่อสันติ พ.ศ. ๒๕๕๙ มาตรา ๗๒ วรรคหนึ่ง","กระทรวงการอุดมศึกษา วิทยาศาสตร์ วิจัยและนวัตกรรม, {""suggested_new_agency"": ""คณะกรรมการพลังงานนิวเคลียร์เพื่อสันติ""}",-,-,-,กำหนดหลักเกณฑ์เกี่ยวกับศักยภาพทางเทคนิคและศักยภาพทางการเงินของผู้ให้บริการจัดการกากกัมมันตรังสี ตลอดจนกำหนดขั้นตอนและเงื่อนไขการขอรับใบอนุญาตให้ใช้พื้นที่ ก่อสร้าง ดำเนินการ และเลิกดำเนินการสถานที่ให้บริการจัดการกากกัมมันตรังสี รวมถึงรายละเอียดของรายงานวิเคราะห์ความปลอดภัย,ผู้ประกอบการที่ประสงค์จะให้บริการจัดการกากกัมมันตรังสีต้องเตรียมความพร้อมด้านเทคนิคและแหล่งเงินทุน จัดทำรายงานวิเคราะห์ความปลอดภัยตามที่กฎหมายกำหนด และดำเนินการยื่นขอใบอนุญาตตามลำดับ (อนุญาตใช้พื้นที่ ก่อสร้าง ดำเนินการ และเลิกดำเนินการ) สำหรับผู้ที่ดำเนินการให้บริการจัดการกากกัมมันตรังสีอยู่ก่อนแล้ว ต้องยื่นขอใบอนุญาตดำเนินการภายใน 180 วันนับแต่วันที่กฎกระทรวงนี้ใช้บังคับ,โทษเชื่อมโยงจากกฎหมายแม่,"รอเชื่อมโยง: พระราชบัญญัติพลังงานนิวเคลียร์เพื่อสันติ พ.ศ. 2559 มาตรา 80, 46, 51, 52, 53, 55, 56, 58, 64, 65, 67, 70, 72","1. ใบอนุญาตให้ใช้พื้นที่เพื่อตั้งสถานที่ให้บริการจัดการกากกัมมันตรังสี

2. ใบอนุญาตก่อสร้างสถานที่ให้บริการจัดการกากกัมมันตรังสี

3. ใบอนุญาตดำเนินการให้บริการจัดการกากกัมมันตรังสี

4. ใบอนุญาตเลิกดำเนินการให้บริการจัดการกากกัมมันตรังสี",ราชกิจจานุเบกษา เล่ม 138 ตอนที่ 90 ก หน้า 12-23,"1. แบบคำขอ ใบรับคำขอ ใบอนุญาต และใบแทนใบอนุญาตตามที่เลขาธิการกำหนด (สำนักงานปรมาณูเพื่อสันติ)

2. รายงานวิเคราะห์ความเหมาะสมของพื้นที่ที่จะตั้งสถานที่ให้บริการจัดการกากกัมมันตรังสี

3. รายงานวิเคราะห์ความปลอดภัยของสถานที่ให้บริการจัดการกากกัมมันตรังสีฉบับเบื้องต้น/ฉบับสมบูรณ์ (SAR)

4. มาตรฐานของทบวงการพลังงานปรมาณูระหว่างประเทศ (IAEA Standards) ด้านการจัดการกากกัมมันตรังสี",,"ผู้ประสงค์จะให้บริการจัดการกากกัมมันตรังสี

ผู้ให้บริการจัดการกากกัมมันตรังสี","ให้บริการจัดการ, ใช้พื้นที่เพื่อตั้งสถานที่, ก่อสร้าง, ดำเนินการ, เลิกดำเนินการ, ประเมินความปลอดภัย, จัดการกาก","กากกัมมันตรังสี, สถานที่ให้บริการจัดการกากกัมมันตรังสี, รายงานวิเคราะห์ความปลอดภัย","ใบอนุญาตจัดการกากกัมมันตรังสี, พ.ร.บ.พลังงานนิวเคลียร์เพื่อสันติ, ศักยภาพทางเทคนิค, ศักยภาพทางการเงิน","AZ3, K4, BA1, AC2",BW1,"[AZ3]: เป็นธุรกิจให้บริการจัดการกากกัมมันตรังสีโดยตรง ที่ถูกบังคับให้ต้องขอใบอนุญาตให้ใช้พื้นที่ ก่อสร้าง ดำเนินการ และเลิกดำเนินการ (อ้างอิง ข้อ 1 และ ข้อ 2)

[K4]: เป็นกลุ่มผู้ใช้งานและให้บริการทางเทคโนโลยีนิวเคลียร์และรังสี ซึ่งเกี่ยวโยงกับการตั้งสถานที่เพื่อจัดการกากกัมมันตรังสีที่เกิดขึ้น (อ้างอิง ข้อ 1-2)

[BA1]: เป็นที่ปรึกษาด้านสิ่งแวดล้อมที่ต้องรับจ้างประเมินและจัดทำรายงานวิเคราะห์ความเหมาะสมของพื้นที่ ผลกระทบทางนิเวศวิทยา และแผนเฝ้าระวังการปล่อยทิ้งนิวไคลด์ออกสู่สิ่งแวดล้อม (อ้างอิง ข้อ 9(1) และภาคผนวก บทที่ 4, 11)

[AC2]: เป็นวิศวกรผู้ควบคุมงาน/บริษัทรับเหมาก่อสร้าง ที่ต้องรับผิดชอบการออกแบบและจัดทำแผนการก่อสร้างสถานที่ให้บริการจัดการกากกัมมันตรังสี (อ้างอิง ข้อ 25(4), (6) และภาคผนวก บทที่ 5)

[BW1]: กฎหมายบังคับให้ผู้ขอใบอนุญาตต้องส่งงบการเงินประจำปีล่าสุดที่ได้รับการตรวจสอบและให้ความเห็นโดย ""ผู้สอบบัญชีรับอนุญาต"" เพื่อประเมินศักยภาพทางการเงิน (อ้างอิง ข้อ 25(9)(ค), ข้อ 34(3)(ค) และ ข้อ 41(2)(ค))",100%,ออกตามความใน พ.ร.บ.พลังงานนิวเคลียร์เพื่อสันติ พ.ศ. 2559 (แก้ไขเพิ่มเติม พ.ศ. 2562)
162,100162,กฎกระทรวงการพิทักษ์ความปลอดภัยทางนิวเคลียร์ พ.ศ. ๒๕๖๔,https://ratchakitcha.soc.go.th/documents/17193198.pdf,บังคับใช้,,,,31,ธันวาคม,2564,31 ธันวาคม 2564,-,กฎกระทรวง,"พระราชบัญญัติพลังงานนิวเคลียร์เพื่อสันติ พ.ศ. ๒๕๕๙ มาตรา ๕ วรรคสอง, พระราชบัญญัติพลังงานนิวเคลียร์เพื่อสันติ พ.ศ. ๒๕๕๙ มาตรา ๘ (๑๘), พระราชบัญญัติพลังงานนิวเคลียร์เพื่อสันติ พ.ศ. ๒๕๕๙ มาตรา ๙๑, พระราชบัญญัติพลังงานนิวเคลียร์เพื่อสันติ พ.ศ. ๒๕๕๙ มาตรา ๙๑/๑ วรรคหนึ่ง","กระทรวงการอุดมศึกษา วิทยาศาสตร์ วิจัยและนวัตกรรม, {""suggested_new_agency"": ""คณะกรรมการพลังงานนิวเคลียร์เพื่อสันติ""}",-,-,-,กำหนดหลักเกณฑ์และวิธีการในการพิทักษ์ความปลอดภัยทางนิวเคลียร์เพื่อป้องกันการผันแปรวัสดุนิวเคลียร์ไปใช้ในการผลิตอาวุธ โดยกำหนดให้ผู้ครอบครองหรือใช้วัสดุนิวเคลียร์ต้องจัดทำระบบบัญชีวัสดุนิวเคลียร์ บันทึกข้อมูล ตรวจวัดปริมาณ และแจ้งการเปลี่ยนแปลง เคลื่อนย้าย นำเข้า และส่งออกวัสดุนิวเคลียร์ให้สำนักงานทราบ,ผู้รับใบอนุญาตและผู้แจ้งการครอบครองวัสดุนิวเคลียร์ ต้องจัดทำรายงานข้อมูลสถานประกอบการ จัดตั้งระบบบัญชีวัสดุนิวเคลียร์และตรวจวัดผลอย่างน้อยปีละ 1 ครั้ง รวมถึงต้องแจ้งข้อมูลล่วงหน้าแก่สำนักงานเมื่อมีการรับเข้า เคลื่อนย้าย เปิดหีบห่อ หรือส่งออกวัสดุนิวเคลียร์ และต้องดูแลรักษาอุปกรณ์พิทักษ์ความปลอดภัยให้อยู่ในสภาพสมบูรณ์,โทษเชื่อมโยงจากกฎหมายแม่,รอเชื่อมโยง: พระราชบัญญัติพลังงานนิวเคลียร์เพื่อสันติ พ.ศ. 2559 มาตรา 91 และ มาตรา 91/1,ใบอนุญาตมีไว้ในครอบครองหรือใช้วัสดุนิวเคลียร์,ราชกิจจานุเบกษา เล่ม 138 ตอนที่ 90 ก หน้า 24-30,"1. แบบฟอร์มรายงานที่เกี่ยวข้องตามที่เลขาธิการกำหนด (เช่น แบบแจ้งครอบครอง, รายงานงบดุลวัสดุนิวเคลียร์) 
2. คู่มือมาตรฐานความปลอดภัยและการพิทักษ์วัสดุนิวเคลียร์ของทบวงการพลังงานปรมาณูระหว่างประเทศ (IAEA Safeguards Standards)",,"ผู้รับใบอนุญาตมีไว้ในครอบครองหรือใช้วัสดุนิวเคลียร์ 

ผู้แจ้งการครอบครองวัสดุนิวเคลียร์","มีไว้ในครอบครอง, ใช้, นำเข้า, ส่งออก, แจ้งการครอบครอง, จัดทำระบบบัญชีวัสดุนิวเคลียร์, ตรวจวัด, รายงานข้อมูล","วัสดุนิวเคลียร์, พลูโทเนียม, ยูเรเนียม, ทอเรียม, อุปกรณ์พิทักษ์ความปลอดภัยทางนิวเคลียร์","การพิทักษ์ความปลอดภัยทางนิวเคลียร์, ระบบบัญชีวัสดุนิวเคลียร์, กิโลกรัมยังผล, พระราชบัญญัติพลังงานนิวเคลียร์เพื่อสันติ, ทบวงการพลังงานปรมาณูระหว่างประเทศ (IAEA)","K1, K4, AA24, BL1, AM6",-,"[K1]: โรงไฟฟ้านิวเคลียร์ ถือเป็นสถานประกอบการทางนิวเคลียร์ที่ครอบครองวัสดุนิวเคลียร์ ซึ่งต้องจัดทำระบบบัญชีวัสดุนิวเคลียร์และรายงานตามเกณฑ์การพิทักษ์ความปลอดภัย (อ้างอิง ข้อ 2(1) และ ข้อ 5)

[K4]: ผู้ปฏิบัติงานและให้บริการด้านเทคโนโลยีนิวเคลียร์ เป็นผู้รับใบอนุญาตครอบครองวัสดุนิวเคลียร์ที่ต้องจัดให้มีเจ้าหน้าที่ดำเนินการทางเทคนิคเพื่อควบคุมระบบบัญชี (อ้างอิง ข้อ 2 และ ข้อ 5)

[AA24]: ผู้นำเข้าและส่งออกวัสดุนิวเคลียร์ มีหน้าที่ต้องแจ้งรายละเอียดการเปิดหีบห่อที่นำเข้าหรือบรรจุหีบห่อเพื่อส่งออกต่อสำนักงานล่วงหน้า 30 วัน (อ้างอิง ข้อ 13 และ ข้อ 15)

[BL1]: ห้องปฏิบัติการวิจัยทางวิทยาศาสตร์และเทคโนโลยี เป็นกลุ่มผู้ใช้งานปลายทาง (End-user) ที่อาจครอบครองวัสดุนิวเคลียร์ขนาดเล็กเพื่อการทดลอง ซึ่งต้องจัดทำรายงานและบันทึกผลการตรวจวัด (อ้างอิง ข้อ 2(3) และ ข้อ 17)

[AM6]: มหาวิทยาลัยและสถาบันวิจัยทางวิชาการ เป็นกลุ่มผู้ใช้งานปลายทาง (End-user) ที่อาจมีเครื่องปฏิกรณ์นิวเคลียร์วิจัยหรือครอบครองวัสดุนิวเคลียร์เพื่อการศึกษา ซึ่งต้องปฏิบัติตามกฎหมายฉบับนี้ (อ้างอิง ข้อ 2(1)-(3))",100%,ออกตามความใน พ.ร.บ.พลังงานนิวเคลียร์เพื่อสันติ พ.ศ. 2559 (แก้ไขเพิ่มเติม พ.ศ. 2562)
163,100163,ระเบียบสำนักงานอัยการสูงสุด ว่าด้วยค่าตอบแทนการปฏิบัติงานนอกเวลาราชการ (ฉบับที่ ๕) พ.ศ. ๒๕๖๔,https://ratchakitcha.soc.go.th/documents/17193199.pdf,บังคับใช้,,,แก้ไขเพิ่มเติมระเบียบสำนักงานอัยการสูงสุดว่าด้วยค่าตอบแทนการปฏิบัติงานนอกเวลาราชการ พ.ศ. 2554 (โดยเพิ่มข้อ 8/1 และยกเลิกความในวรรคหนึ่งของข้อ 9),31,ธันวาคม,2564,1 มกราคม 2565,-,ระเบียบ,"พระราชบัญญัติองค์กรอัยการและพนักงานอัยการ พ.ศ. ๒๕๕๓ มาตรา ๒๗ วรรคหนึ่ง (๓), พระราชบัญญัติองค์กรอัยการและพนักงานอัยการ พ.ศ. ๒๕๕๓ มาตรา ๒๗ วรรคสาม, พระราชบัญญัติองค์กรอัยการและพนักงานอัยการ พ.ศ. ๒๕๕๓ มาตรา ๗ วรรคสอง","สำนักงานอัยการสูงสุด, องค์กรอื่นตามรัฐธรรมนูญ",-,-,-,"แก้ไขเพิ่มเติมระเบียบเกี่ยวกับการจ่ายค่าตอบแทนการปฏิบัติงานนอกเวลาราชการ โดยกำหนดอัตราค่าตอบแทนกรณีสั่งให้เปิดทำการในวันเสาร์เพื่อคุ้มครองสิทธิและช่วยเหลือทางกฎหมายแก่ประชาชน ให้พนักงานอัยการได้รับ 2,500 บาท และเจ้าหน้าที่ได้รับ 1,200 บาท ต่อการปฏิบัติงานตั้งแต่ 08.30 - 16.30 น.",ไม่มีข้อบังคับที่ภาคเอกชนหรือผู้ประกอบการทั่วไปต้องปฏิบัติ เนื่องจากเป็นระเบียบการเบิกจ่ายค่าตอบแทนการปฏิบัติงานนอกเวลาราชการสำหรับบุคลากรและเจ้าหน้าที่ภายในสังกัดสำนักงานอัยการสูงสุดเท่านั้น,⚪️ เทา (Amendment / No Impact),-,ไม่มี,ราชกิจจานุเบกษา เล่ม 138 ตอนที่ 90 ก หน้า 31-32,"1. ระเบียบสำนักงานอัยการสูงสุดว่าด้วยค่าตอบแทนการปฏิบัติงานนอกเวลาราชการ พ.ศ. 2554 
2. แบบฟอร์มขออนุมัติปฏิบัติงานนอกเวลาราชการและแบบฟอร์มการเบิกจ่ายค่าตอบแทนของสำนักงานอัยการสูงสุด",,พนักงานอัยการ ข้าราชการธุรการ ลูกจ้าง พนักงานราชการ และบุคคลที่รับจ้างตามสัญญาในสังกัดสำนักงานอัยการสูงสุด ที่ปฏิบัติหน้าที่เกี่ยวกับการคุ้มครองสิทธิและช่วยเหลือทางกฎหมายแก่ประชาชน,"ปฏิบัติงานนอกเวลาราชการ, จ่ายค่าตอบแทน, เปิดทำการในวันหยุด, คุ้มครองสิทธิและช่วยเหลือทางกฎหมาย","ค่าตอบแทนการปฏิบัติงานนอกเวลาราชการ, พนักงานอัยการ, ข้าราชการธุรการ","พระราชบัญญัติองค์กรอัยการและพนักงานอัยการ, ระเบียบสำนักงานอัยการสูงสุด, วันหยุดราชการ, ค่าตอบแทน",-,"CC3, CC6","[CC3]: เป็นระเบียบที่ออกโดยสำนักงานอัยการสูงสุด เพื่อกำหนดอัตราการเบิกจ่ายค่าตอบแทนการปฏิบัติงานในวันหยุดราชการสำหรับ ""พนักงานอัยการ"" โดยตรง (อ้างอิง ข้อ 3 ที่ให้เพิ่มข้อ 8/1 วรรคหนึ่ง)

[CC6]: เป็นระเบียบที่ครอบคลุมถึงสิทธิประโยชน์และค่าตอบแทนของ ""ข้าราชการธุรการ ลูกจ้าง พนักงานราชการ และบุคคลที่สำนักงานจ้างตามสัญญา"" ที่มาปฏิบัติหน้าที่ในวันหยุดราชการด้วย (อ้างอิง ข้อ 3 ที่ให้เพิ่มข้อ 8/1 วรรคสอง)",100%,แก้ไขเพิ่มเติมระเบียบสำนักงานอัยการสูงสุดว่าด้วยค่าตอบแทนการปฏิบัติงานนอกเวลาราชการ พ.ศ. 2554 (โดยเพิ่มข้อ 8/1 และยกเลิกความในวรรคหนึ่งของข้อ 9)
164,100164,ประกาศสำนักงานศาลรัฐธรรมนูญ เรื่อง ผลแห่งคำวินิจฉัยของศาลรัฐธรรมนูญ [คำวินิจฉัยที่ ๒๓/๒๕๖๔],https://ratchakitcha.soc.go.th/documents/17193200.pdf,บังคับใช้,,,,31,ธันวาคม,2564,31 ธันวาคม 2564,-,ประกาศ,-,"สำนักงานศาลรัฐธรรมนูญ, ประธานศาลรัฐธรรมนูญ",-,-,-,แจ้งผลคำวินิจฉัยศาลรัฐธรรมนูญที่ 23/2564 โดยวินิจฉัยว่า พระราชบัญญัติวิธีพิจารณาคดีทุจริตและประพฤติมิชอบ พ.ศ. 2559 มาตรา 21 วรรคสอง และมาตรา 22 ไม่ขัดหรือแย้งต่อรัฐธรรมนูญ,ไม่มีข้อบังคับหรือแนวปฏิบัติที่ภาคเอกชนและผู้ประกอบการต้องดำเนินการเพิ่มเติม เนื่องจากเป็นเพียงการประกาศให้ทราบถึงผลคำวินิจฉัยของศาลรัฐธรรมนูญในฐานะบรรทัดฐานทางกฎหมาย,⚪️ เทา (Amendment / No Impact),-,ไม่มี,ราชกิจจานุเบกษา เล่ม 138 ตอนที่ 90 ก หน้า 33,-,,ประชาชนทั่วไป และผู้ที่เกี่ยวข้องในคดีทุจริตและประพฤติมิชอบ,"ประกาศผล, แจ้งคำวินิจฉัย","คำวินิจฉัยของศาลรัฐธรรมนูญ, พระราชบัญญัติวิธีพิจารณาคดีทุจริตและประพฤติมิชอบ","ศาลรัฐธรรมนูญ, รัฐธรรมนูญ, วิธีพิจารณาคดีทุจริตและประพฤติมิชอบ, คำวินิจฉัย",CC29,CE2,"[CC29]: เป็นประกาศเกี่ยวกับผลคำวินิจฉัยของศาลรัฐธรรมนูญที่วินิจฉัยความชอบด้วยรัฐธรรมนูญของพระราชบัญญัติวิธีพิจารณาคดีทุจริตและประพฤติมิชอบ พ.ศ. 2559 ซึ่งเกี่ยวข้องโดยตรงกับกระบวนการพิจารณาคดีทุจริตและประพฤติมิชอบของผู้ดำรงตำแหน่งทางการเมืองและเจ้าหน้าที่รัฐระดับสูง (อ้างอิง ประกาศสำนักงานศาลรัฐธรรมนูญ เรื่อง ผลแห่งคำวินิจฉัยของศาลรัฐธรรมนูญ ลงวันที่ 31 ธันวาคม 2564)

[CE2]: เป็นประกาศอย่างเป็นทางการจากสำนักงานศาลรัฐธรรมนูญที่แจ้งให้ทราบถึงผลแห่งคำวินิจฉัยและการดำเนินกระบวนพิจารณาของศาลรัฐธรรมนูญ (อ้างอิง ชื่อประกาศและเนื้อหาประกาศ)",100%,ประกาศสำนักงานศาลรัฐธรรมนูญ เรื่อง ผลแห่งคำวินิจฉัยของศาลรัฐธรรมนูญ (คำวินิจฉัยที่ 23/2564 ลงวันที่ 22 ธันวาคม 2564)
165,100165,ประกาศคณะกรรมการป้องกันและปราบปรามการทุจริตแห่งชาติ เรื่อง กำหนดตำแหน่งของเจ้าหน้าที่ของรัฐซึ่งจะต้องยื่นบัญชีทรัพย์สินและหนี้สิน ตามมาตรา ๑๐๓ (ฉบับที่ ๕) พ.ศ. ๒๕๖๔,https://ratchakitcha.soc.go.th/documents/17193201.pdf,บังคับใช้,,,ประกาศคณะกรรมการป้องกันและปราบปรามการทุจริตแห่งชาติ เรื่อง กำหนดตำแหน่งของเจ้าพนักงานของรัฐซึ่งจะต้องยื่นบัญชีทรัพย์สินและหนี้สิน ตามมาตรา ๑๐๓ พ.ศ. ๒๕๖๑ (ข้อ 4 (17) 17.6),31,ธันวาคม,2564,2 มีนาคม 2565,-,ประกาศ,"พระราชบัญญัติประกอบรัฐธรรมนูญว่าด้วยการป้องกันและปราบปรามการทุจริต พ.ศ. ๒๕๖๑ มาตรา ๒๘ (๓), พระราชบัญญัติประกอบรัฐธรรมนูญว่าด้วยการป้องกันและปราบปรามการทุจริต พ.ศ. ๒๕๖๑ มาตรา ๑๐๓","สำนักงานคณะกรรมการการป้องกันและปราบปรามการทุจริตแห่งชาติ (ป.ป.ช.), องค์กรอิสระ",-,-,-,แก้ไขเพิ่มเติมประกาศเพื่อกำหนดให้ผู้ดำรงตำแหน่งผู้บัญชาการเรือนจำอำเภอ ผู้อำนวยการสถานกักขัง และผู้อำนวยการสถานกักกัน เป็นเจ้าพนักงานของรัฐที่มีหน้าที่ต้องยื่นบัญชีทรัพย์สินและหนี้สินต่อคณะกรรมการ ป.ป.ช.,เจ้าพนักงานของรัฐที่ได้รับการแต่งตั้งให้ดำรงตำแหน่งผู้บัญชาการเรือนจำอำเภอ ผู้อำนวยการสถานกักขัง หรือผู้อำนวยการสถานกักกัน มีหน้าที่ต้องจัดทำและยื่นบัญชีแสดงรายการทรัพย์สินและหนี้สินต่อคณะกรรมการ ป.ป.ช. ตามหลักเกณฑ์และระยะเวลาที่กฎหมายกำหนดอย่างเคร่งครัด,โทษเชื่อมโยงจากกฎหมายแม่,รอเชื่อมโยง: พระราชบัญญัติประกอบรัฐธรรมนูญว่าด้วยการป้องกันและปราบปรามการทุจริต พ.ศ. 2561 มาตรา 103,ไม่มี,ราชกิจจานุเบกษา เล่ม 138 ตอนที่ 90 ก หน้า 34,"1. แบบบัญชีแสดงรายการทรัพย์สินและหนี้สิน (สำนักงาน ป.ป.ช.)

2. คู่มือการยื่นบัญชีแสดงรายการทรัพย์สินและหนี้สินของเจ้าพนักงานของรัฐ",,"ผู้บัญชาการเรือนจำอำเภอ 

ผู้อำนวยการสถานกักขัง 

ผู้อำนวยการสถานกักกัน","กำหนดตำแหน่ง, ยื่นบัญชีทรัพย์สินและหนี้สิน",บัญชีทรัพย์สินและหนี้สิน,"ป.ป.ช., เจ้าพนักงานของรัฐ, ทรัพย์สินและหนี้สิน, เรือนจำ, สถานกักขัง, สถานกักกัน",-,CC1,[CC1]: เป็นประกาศโดยตรงของคณะกรรมการ ป.ป.ช. ที่กำหนดหน้าที่ให้เจ้าพนักงานของรัฐต้องยื่นบัญชีทรัพย์สินและหนี้สินตามมาตรา 103 แห่ง พ.ร.ป. ว่าด้วยการป้องกันและปราบปรามการทุจริต (อ้างอิง ข้อ 1 และชื่อประกาศ),100%,แก้ไขเพิ่มเติมประกาศคณะกรรมการ ป.ป.ช. เรื่อง กำหนดตำแหน่งของเจ้าพนักงานของรัฐซึ่งจะต้องยื่นบัญชีทรัพย์สินและหนี้สิน ตามมาตรา 103 พ.ศ. 2561 (ฉบับที่ 5)
166,100166,ประกาศ ก.บ.ศป. เรื่อง การขยายระยะเวลาการใช้บังคับประกาศ ก.บ.ศป. เรื่อง มาตรการป้องกันการแพร่ระบาดของโรคติดเชื้อไวรัสโคโรนา ๒๐๑๙ (Coronavirus Diseases ๒๐๑๙ : COVID-๑๙) ลงวันที่ ๒๕ พฤศจิกายน พ.ศ. ๒๕๖๔,https://ratchakitcha.soc.go.th/documents/17193202.pdf,บังคับใช้,,,,31,ธันวาคม,2564,1 มกราคม 2565,-,ประกาศ,"พระราชบัญญัติจัดตั้งศาลปกครองและวิธีพิจารณาคดีปกครอง พ.ศ. ๒๕๔๒ มาตรา ๔๑/๔ (๑), พระราชบัญญัติจัดตั้งศาลปกครองและวิธีพิจารณาคดีปกครอง พ.ศ. ๒๕๔๒ มาตรา ๔๑/๔ (๔)","สำนักงานศาลปกครอง, ประธานศาลปกครองสูงสุด",-,-,-,ขยายระยะเวลาบังคับใช้มาตรการป้องกันการแพร่ระบาดของโรคติดเชื้อไวรัสโคโรนา 2019 ภายในศาลปกครองออกไปอย่างต่อเนื่องจากกำหนดเดิม เนื่องจากสถานการณ์การระบาดของสายพันธุ์โอมิครอนในต่างประเทศ เพื่อป้องกันผลกระทบต่อสุขภาพของบุคลากรและการบริหารราชการศาลปกครอง,ไม่มีข้อปฏิบัติสำหรับภาคเอกชนหรือประชาชนทั่วไป เนื่องจากเป็นประกาศมาตรการบริหารจัดการภายในองค์กรสำหรับบุคลากรของศาลปกครองและสำนักงานศาลปกครอง,⚪️ เทา (Amendment / No Impact),-,ไม่มี,ราชกิจจานุเบกษา เล่ม 138 ตอนที่ 90 ก หน้า 35,"1. ประกาศ ก.บ.ศป. เรื่อง มาตรการป้องกันการแพร่ระบาดของโรคติดเชื้อไวรัสโคโรนา 2019 ลงวันที่ 25 พฤศจิกายน พ.ศ. 2564 
2. คู่มือ/แนวทางการปฏิบัติเพื่อป้องกันการแพร่ระบาดของโรคติดเชื้อไวรัสโคโรนา 2019 (COVID-19) สำหรับสถานที่ราชการ",,บุคลากรของศาลปกครองและสำนักงานศาลปกครอง,"ป้องกันการแพร่ระบาด, ขยายระยะเวลาการใช้บังคับ",-,"โรคติดเชื้อไวรัสโคโรนา 2019, มาตรการป้องกันและควบคุมโรค, ศาลปกครอง, สำนักงานศาลปกครอง",-,"CC12, CF4","[CC12]: ประกาศนี้ออกโดย ก.บ.ศป. (คณะกรรมการบริหารศาลปกครอง) ซึ่งมีผลบังคับใช้กับบุคลากรและกระบวนการบริหารราชการของศาลปกครองและสำนักงานศาลปกครองโดยตรง (อ้างอิง อาศัยอำนาจตามความใน พ.ร.บ.จัดตั้งศาลปกครองและวิธีพิจารณาคดีปกครอง พ.ศ. 2542 และเนื้อหาที่กล่าวถึงบุคลากรศาลปกครอง)

[CF4]: เกี่ยวข้องกับมาตรการอนามัยและสิ่งแวดล้อม เนื่องจากเป็นประกาศที่กำหนดมาตรการป้องกันและควบคุมโรคติดต่อ (COVID-19) ภายในสถานที่ทำงานของศาลปกครอง เพื่อไม่ให้ส่งผลกระทบต่อสุขภาพของบุคลากร (อ้างอิง เหตุผลในการออกประกาศเรื่องสถานการณ์การแพร่ระบาดของสายพันธุ์โอมิครอน)",100%,ขยายระยะเวลาการใช้บังคับประกาศ ก.บ.ศป. เรื่อง มาตรการป้องกันการแพร่ระบาดของโรคติดเชื้อไวรัสโคโรนา 2019 ลงวันที่ 25 พฤศจิกายน 2564 ออกไปจนกว่าจะมีมติเป็นอย่างอื่น (มีผลตั้งแต่วันที่ 1 มกราคม 2565)
167,100167,ระเบียบกรมคุ้มครองสิทธิและเสรีภาพ ว่าด้วยเงินอุดหนุนศูนย์ไกล่เกลี่ยข้อพิพาทภาคประชาชน พ.ศ. ๒๕๖๔,https://ratchakitcha.soc.go.th/documents/17192552.pdf,บังคับใช้,,,,31,ธันวาคม,2564,1 มกราคม 2565,-,ระเบียบ,พระราชบัญญัติการไกล่เกลี่ยข้อพิพาท พ.ศ. ๒๕๖๒ มาตรา ๗๐,"กรมคุ้มครองสิทธิและเสรีภาพ, กระทรวงการคลัง",-,-,-,"กำหนดหลักเกณฑ์และวิธีการในการเบิกจ่ายเงินอุดหนุนให้แก่ศูนย์ไกล่เกลี่ยข้อพิพาทภาคประชาชนที่ขึ้นทะเบียนและผ่านการประเมินมาตรฐานจากกรมคุ้มครองสิทธิและเสรีภาพ โดยอุดหนุนค่าใช้จ่ายเพื่อดำเนินงานและพัฒนาศักยภาพ ในอัตราไม่เกิน 40,000 บาทต่อปี",ศูนย์ไกล่เกลี่ยข้อพิพาทภาคประชาชนที่ผ่านการประเมินมาตรฐานต้องจัดทำโครงการ แผนดำเนินงาน และยื่นคำขอรับเงินอุดหนุนประจำปีตามแบบที่กำหนด รวมทั้งต้องเปิดบัญชีธนาคารเพื่อรับเงินอุดหนุน และมีหน้าที่รายงานผลการดำเนินงานและการใช้จ่ายเงินภายใน 30 วันก่อนสิ้นปีงบประมาณ หากมีเงินเหลือจ่ายต้องส่งคืนตามระเบียบ,🔵 ฟ้า,ระเบียบภาครัฐ,ไม่มี,ราชกิจจานุเบกษา เล่ม 138 ตอนพิเศษ 321 ง หน้า 1-3,"1. แบบคำขอรับเงินอุดหนุนประจำปี (กรมคุ้มครองสิทธิและเสรีภาพ)

2. โครงการ แผนการดำเนินงาน และค่าใช้จ่ายงบประมาณตามแบบที่กำหนด

3. ระเบียบกรมคุ้มครองสิทธิและเสรีภาพ ว่าด้วยการไกล่เกลี่ยข้อพิพาทของศูนย์ไกล่เกลี่ยข้อพิพาทภาคประชาชน",,ศูนย์ไกล่เกลี่ยข้อพิพาทภาคประชาชนที่ขึ้นทะเบียนกับกรมคุ้มครองสิทธิและเสรีภาพ,"ขอรับเงินอุดหนุน, เบิกจ่ายเงินอุดหนุน, ไกล่เกลี่ยข้อพิพาท, ประเมินมาตรฐาน","ศูนย์ไกล่เกลี่ยข้อพิพาทภาคประชาชน, เงินอุดหนุน","พระราชบัญญัติการไกล่เกลี่ยข้อพิพาท, กรมคุ้มครองสิทธิและเสรีภาพ, กระทรวงการคลัง, สำนักงานการตรวจเงินแผ่นดิน, เงินเหลือจ่ายส่งคืน",CA3,CC24,"[CA3]: เป็นระเบียบที่ออกตามความในพระราชบัญญัติการไกล่เกลี่ยข้อพิพาท ซึ่งกำหนดหลักเกณฑ์การให้เงินอุดหนุนแก่ ""ศูนย์ไกล่เกลี่ยข้อพิพาทภาคประชาชน"" ที่ทำหน้าที่เป็นกระบวนการระงับข้อพิพาททางเลือก (Mediation) ให้แก่ประชาชนในพื้นที่ (อ้างอิง ข้อ 3 และ ข้อ 4)

[CC24]: เกี่ยวข้องกับวินัยการเงินการคลังภาครัฐ เนื่องจากการเบิกจ่ายเงินอุดหนุนให้ศูนย์ไกล่เกลี่ยฯ ต้องได้รับความเห็นชอบจากกระทรวงการคลัง และมีข้อกำหนดเรื่องการเปิดบัญชี การเก็บหลักฐานให้สำนักงานการตรวจเงินแผ่นดินตรวจสอบ รวมถึงการรายงานผลและการส่งคืนเงินเหลือจ่ายส่งคืนคลัง (อ้างอิง ข้อ 10 และ ข้อ 12)",100%,-
168,100168,ระเบียบคณะกรรมการขายตรงและตลาดแบบตรง ว่าด้วยการเปิดบัญชีเงินฝากและการเบิกจ่ายเงินจากบัญชีเงินฝากสำหรับหลักประกันที่เป็นเงินสด พ.ศ. ๒๕๖๔,https://ratchakitcha.soc.go.th/documents/17192553.pdf,บังคับใช้,,,,31,ธันวาคม,2564,1 มกราคม 2565,-,ระเบียบ,"พระราชบัญญัติขายตรงและตลาดแบบตรง พ.ศ. ๒๕๔๕ มาตรา ๑๓ (๔), พระราชบัญญัติขายตรงและตลาดแบบตรง พ.ศ. ๒๕๔๕ มาตรา ๓๔/๖",คณะกรรมการขายตรงและตลาดแบบตรง,-,-,-,ระเบียบนี้กำหนดให้นายทะเบียนเป็นผู้เปิดบัญชีเงินฝากออมทรัพย์กับธนาคารรัฐวิสาหกิจเพื่อเป็นหลักประกันสำหรับผู้ประกอบธุรกิจขายตรงและตลาดแบบตรงแยกแต่ละราย การเบิกจ่ายเงินเพื่อชดเชยความเสียหายหรือขอรับคืนต้องได้รับอนุมัติจากนายทะเบียนและมีการลงนามร่วมกันตามที่กำหนด,ผู้ประกอบธุรกิจขายตรงและตลาดแบบตรงต้องโอนเงินเข้าบัญชีเงินฝากที่เปิดไว้และนำหลักฐานมาแสดงต่อนายทะเบียนเพื่อรับหลักฐานการรับหลักประกัน หากประสงค์จะขอรับดอกผลหรือขอรับคืนหลักประกันเมื่อเลิกกิจการ จะต้องดำเนินการขออนุมัติจากนายทะเบียน,โทษเชื่อมโยงจากกฎหมายแม่,รอเชื่อมโยง: พระราชบัญญัติขายตรงและตลาดแบบตรง พ.ศ. 2545 มาตรา 13 (4) และมาตรา 34/6,ไม่มี,ราชกิจจานุเบกษา เล่ม 138 ตอนพิเศษ 321 ง หน้า 4-5,,,ผู้ประกอบธุรกิจขายตรงหรือผู้ประกอบธุรกิจตลาดแบบตรง,"เปิดบัญชีเงินฝาก, โอนเงิน, วางหลักประกัน, ถอนเงิน, ชดเชยความเสียหาย","หลักประกันที่เป็นเงินสด, บัญชีเงินฝากประเภทออมทรัพย์","ธุรกิจขายตรง, ตลาดแบบตรง, หลักประกันเงินสด, คุ้มครองผู้บริโภค, คืนหลักประกัน",AK1,"BO1, BO2, BO3","[AK1]: เป็นผู้ให้บริการรับเปิดบัญชีเงินฝากประเภทออมทรัพย์สำหรับหลักประกันที่เป็นเงินสด (ธนาคารที่เป็นรัฐวิสาหกิจ) ตามข้อ 3 


[BO1]: เป็นผู้ประกอบธุรกิจขายตรงที่ถูกบังคับให้โอนเงินเข้าบัญชีเพื่อเป็นหลักประกัน ตามข้อ 3 และมีสิทธิขอรับดอกผลหรือคืนหลักประกัน ตามข้อ 4 


[BO2]: เป็นผู้ประกอบธุรกิจตลาดแบบตรงที่ถูกบังคับให้โอนเงินเข้าบัญชีเพื่อเป็นหลักประกัน ตามข้อ 3 และมีสิทธิขอรับดอกผลหรือคืนหลักประกัน ตามข้อ 4 


[BO3]: ครอบคลุมอำนาจหน้าที่ของเลขาธิการคณะกรรมการคุ้มครองผู้บริโภค ในการอนุมัติและลงนามสั่งจ่ายเงินเพื่อชดเชยความเสียหายให้แก่ผู้บริโภค ตามข้อ 4(1)",100%,
169,100169,พระราชกฤษฎีกาให้มีการเลือกตั้งสมาชิกสภาผู้แทนราษฎรกรุงเทพมหานคร เขตเลือกตั้งที่ ๙ แทนตำแหน่งที่ว่าง พ.ศ. ๒๕๖๔,https://ratchakitcha.soc.go.th/documents/17192456.pdf,บังคับใช้,,,,30,ธันวาคม,2564,30 ธันวาคม 2564,-,พระราชกฤษฎีกา,-,"สำนักงานคณะกรรมการการเลือกตั้ง (กกต.), องค์กรอิสระ",-,-,กรุงเทพมหานคร,กำหนดให้มีการจัดการเลือกตั้งสมาชิกสภาผู้แทนราษฎรแบบแบ่งเขตเลือกตั้ง กรุงเทพมหานคร เขตเลือกตั้งที่ ๙ ขึ้นแทนตำแหน่งที่ว่างลง,-,⚪️ เทา,-,ไม่มี,ราชกิจจานุเบกษา เล่ม 138 ตอนที่ 89 ก หน้า 1,-,,ประชาชนผู้มีสิทธิเลือกตั้งเขต 9 กรุงเทพมหานคร,"จัดการเลือกตั้ง, รักษาการตามพระราชกฤษฎีกา","สมาชิกสภาผู้แทนราษฎร, เขตเลือกตั้ง","เลือกตั้งแทนตำแหน่งที่ว่าง, พระราชกฤษฎีกา, คณะกรรมการการเลือกตั้ง",-,"CC5, CC7, CC10","[CC5]: กำหนดให้ประธานกรรมการการเลือกตั้งเป็นผู้รักษาการและมีหน้าที่รับผิดชอบตามพระราชกฤษฎีกาฉบับนี้ ตามมาตรา 4


[CC7]: เป็นการตราพระราชกฤษฎีกาเพื่อจัดการเลือกตั้งโดยอาศัยอำนาจตามมาตรา 105 วรรคหนึ่ง (1) และมาตรา 175 ของรัฐธรรมนูญแห่งราชอาณาจักรไทย


[CC10]: เป็นการดำเนินการจัดตั้งและเลือกตั้งสมาชิกสภาผู้แทนราษฎรกรุงเทพมหานคร เขตเลือกตั้งที่ 9 ขึ้นแทนตำแหน่งที่ว่างในรัฐสภา ตามมาตรา 3 และหมายเหตุท้ายพระราชกฤษฎีกา",100%,
170,100170,กฎกระทรวงยกเว้นค่าธรรมเนียมใบอนุญาตขายสุรา ใบอนุญาตขายยาสูบ และใบอนุญาตขายไพ่ ตามกฎหมายว่าด้วยภาษีสรรพสามิต พ.ศ. ๒๕๖๔,https://ratchakitcha.soc.go.th/documents/17192457.pdf,สิ้นผล,,,,30,ธันวาคม,2564,1 มกราคม 2565,31 ธันวาคม 2565,กฎกระทรวง,พระราชบัญญัติภาษีสรรพสามิต พ.ศ. ๒๕๖๐ มาตรา ๕,กระทรวงการคลัง,-,-,-,กำหนดให้ยกเว้นค่าธรรมเนียมการขอใบอนุญาตขายสุรา ใบอนุญาตขายยาสูบ และใบอนุญาตขายไพ่ สำหรับผู้ได้รับใบอนุญาตเดิมที่ประสงค์จะขออนุญาตต่อเนื่องในสถานประกอบการเดิม เพื่อช่วยเหลือผู้ประกอบการที่ได้รับผลกระทบจากการระบาดของโรคติดเชื้อไวรัสโคโรนา 2019,ผู้ประกอบการรายเดิมที่ต้องการขออนุญาตขายสุรา ยาสูบ หรือไพ่ อย่างต่อเนื่องที่สถานประกอบการเดิม ให้ดำเนินการยื่นคำขออนุญาตตั้งแต่วันที่ 1 มกราคม พ.ศ. 2565 ถึงวันที่ 31 ธันวาคม พ.ศ. 2565 เพื่อรับสิทธิยกเว้นค่าธรรมเนียมดังกล่าว,⚪️ เทา,-,"ใบอนุญาตขายสุรา, ใบอนุญาตขายยาสูบ, ใบอนุญาตขายไพ่",ราชกิจจานุเบกษา เล่ม 138 ตอนที่ 89 ก หน้า 3-4,แบบคำขอรับใบอนุญาตขายสุรา ยาสูบ ไพ่ (กรมสรรพสามิต),,ผู้ได้รับใบอนุญาตขายสุรา ใบอนุญาตขายยาสูบ และใบอนุญาตขายไพ่,"ยกเว้นค่าธรรมเนียม, ขออนุญาตต่อเนื่อง, ขายสุรา, ขายยาสูบ, ขายไพ่","ใบอนุญาตขายสุรา, ใบอนุญาตขายยาสูบ, ใบอนุญาตขายไพ่","ภาษีสรรพสามิต, ยกเว้นค่าธรรมเนียม, กฎกระทรวง, โรคติดเชื้อไวรัสโคโรนา 2019","E6, F5, F7, AB1, AB3, AH1, AV1, AV2, AV3, AV4, AE1, AE2, AA16","BW6, CC25","[E6]: เป็นผู้จำหน่ายเครื่องดื่มแอลกอฮอล์ที่ได้รับสิทธิยกเว้นค่าธรรมเนียมเมื่อขอใบอนุญาตขายสุราต่อเนื่อง ตามข้อ 2 


[F5]: เป็นร้านค้าปลีกที่ได้รับสิทธิยกเว้นค่าธรรมเนียมเมื่อขอใบอนุญาตขายยาสูบและไพ่ต่อเนื่อง ตามข้อ 2 


[F7]: ซิการ์บาร์มีการจำหน่ายยาสูบ จึงเข้าข่ายผู้ได้รับใบอนุญาตขายยาสูบที่ได้รับการยกเว้น ตามข้อ 2 


[AB1]: ร้านของชำที่มีการขายสุราและยาสูบ เป็นผู้ใช้งานปลายทาง (End-user) ที่ได้รับประโยชน์จากข้อยกเว้นนี้ ตามข้อ 2 


[AB3]: ห้างสรรพสินค้าหรือซูเปอร์มาร์เก็ตที่มีแผนกจำหน่ายสุราและยาสูบ ต้องต่อใบอนุญาตและได้รับสิทธิยกเว้น ตามข้อ 2 


[AH1]: ร้านอาหารที่มีการจำหน่ายเครื่องดื่มแอลกอฮอล์ให้ลูกค้า ต้องถือใบอนุญาตขายสุราและได้รับสิทธินี้ ตามข้อ 2 


[AV1, AV2, AV3, AV4]: สถานบันเทิง ผับ บาร์ คาราโอเกะ อาบอบนวด และเลาจน์ เป็นธุรกิจที่จำหน่ายสุราเป็นหลักและได้รับผลกระทบรุนแรงจากโควิด-19 จึงเป็นเป้าหมายหลักในการเยียวยายกเว้นค่าธรรมเนียมใบอนุญาตขายสุรา ตามข้อ 2 และหมายเหตุท้ายกฎกระทรวง 


[AE1, AE2]: โฮสเทลและโรงแรมมาตรฐาน มักมีบริการบาร์ ร้านอาหาร หรือมินิบาร์ที่จำหน่ายสุราและยาสูบ จึงต้องต่อใบอนุญาตและได้รับสิทธินี้ ตามข้อ 2 


[AA16]: ผู้นำเข้าสุรา ยาสูบ และไพ่ จำเป็นต้องมีใบอนุญาตขายเพื่อจัดจำหน่ายสินค้าของตน จึงเข้าข่ายได้รับสิทธิยกเว้นค่าธรรมเนียมใบอนุญาตต่อเนื่อง ตามข้อ 2 


[BW6]: เป็นการกำหนดข้อยกเว้นค่าธรรมเนียมการอนุญาตตามกฎหมายว่าด้วยภาษีสรรพสามิต พ.ศ. 2560 ตามข้อ 2 


[CC25]: เป็นมาตรการรัฐในการอำนวยความสะดวกและลดภาระค่าธรรมเนียมใบอนุญาตเพื่อเยียวยาผลกระทบทางเศรษฐกิจ ตามข้อ 2 และหมายเหตุ",100%,บังคับใช้เฉพาะการยื่นคำขอรับใบอนุญาตต่อเนื่องระหว่างวันที่ 1 ม.ค. 2565 ถึง 31 ธ.ค. 2565
171,100171,กฎกระทรวงกำหนดพิกัดอัตราภาษีสรรพสามิต (ฉบับที่ ๑๘) พ.ศ. ๒๕๖๔,https://ratchakitcha.soc.go.th/documents/17192458.pdf,บังคับใช้,,,,30,ธันวาคม,2564,1 มกราคม 2565,-,กฎกระทรวง,พระราชบัญญัติภาษีสรรพสามิต พ.ศ. ๒๕๖๐ มาตรา ๕ วรรคหนึ่ง,กระทรวงการคลัง,-,-,-,กำหนดปรับลดอัตราภาษีสรรพสามิตสำหรับน้ำมันเชื้อเพลิงเครื่องบินไอพ่นที่นำไปใช้เป็นเชื้อเพลิงสำหรับอากาศยานภายในประเทศ เพื่อบรรเทาผลกระทบของผู้ประกอบอุตสาหกรรมท่องเที่ยวและสายการบินจากการระบาดของโรคติดเชื้อไวรัสโคโรนา 2019 โดยกำหนดอัตราภาษีตามปริมาณ 0.20 บาทต่อลิตร ตั้งแต่วันที่ 1 มกราคม ถึงวันที่ 30 มิถุนายน 2565 และ 4.726 บาทต่อลิตร ตั้งแต่วันที่ 1 กรกฎาคม 2565 เป็นต้นไป,ผู้ประกอบอุตสาหกรรมน้ำมันและสายการบินต้องคำนวณและชำระภาษีสรรพสามิตสำหรับน้ำมันเชื้อเพลิงเครื่องบินไอพ่นในประเทศตามอัตราและระยะเวลาที่กฎหมายปรับลดให้ใหม่ตามที่ระบุไว้,⚪️ เทา,-,ไม่มี,ราชกิจจานุเบกษา เล่ม 138 ตอนที่ 89 ก หน้า 15-16,แบบรายการภาษีสรรพสามิต (กรมสรรพสามิต),,ผู้ประกอบอุตสาหกรรมท่องเที่ยวและสายการบิน,"ผลิต, นำเข้า, จำหน่าย, ชำระภาษีสรรพสามิต",น้ำมันเชื้อเพลิงสำหรับเครื่องบินไอพ่น,"ภาษีสรรพสามิต, กำหนดพิกัดอัตราภาษี, ลดอัตราภาษี, กฎกระทรวง","H1, H6, AA21, BF1, BF5",BW6,"[H1]: เป็นโรงกลั่นน้ำมันและผู้ค้าน้ำมันรายใหญ่ที่เป็นผู้มีหน้าที่ชำระภาษีสรรพสามิตสำหรับน้ำมันเชื้อเพลิงเครื่องบินไอพ่นโดยตรง ตามข้อ 2 


[H6]: เป็นผู้ให้บริการเติมน้ำมันอากาศยานซึ่งต้องเกี่ยวข้องกับต้นทุนและโครงสร้างราคาของน้ำมันเชื้อเพลิงเครื่องบินไอพ่นที่มีการปรับลดภาษี ตามข้อ 2 


[AA21]: เป็นผู้นำเข้าน้ำมันเชื้อเพลิงและพลังงานที่ต้องเสียภาษีสรรพสามิตอัตราใหม่เมื่อนำเข้าน้ำมันเชื้อเพลิงสำหรับเครื่องบินไอพ่น ตามข้อ 2 


[BF1]: เป็นสายการบินพาณิชย์และขนส่งสินค้าทางอากาศซึ่งเป็นผู้ใช้งานปลายทาง (End-user) ที่ได้รับประโยชน์จากการลดต้นทุนเชื้อเพลิงเพื่อบรรเทาผลกระทบโควิด-19 ตามข้อ 2 และหมายเหตุ 


[BF5]: เป็นธุรกิจการบินทั่วไปและบริการเช่าเหมาลำที่ต้องใช้น้ำมันเชื้อเพลิงเครื่องบินไอพ่น และเป็นกลุ่มอุตสาหกรรมท่องเที่ยวเป้าหมายที่ได้รับการเยียวยา ตามข้อ 2 และหมายเหตุ 


[BW6]: เป็นการบังคับใช้กฎกระทรวงเพื่อกำหนดพิกัดและปรับลดอัตราภาษีสรรพสามิตสินค้าประเภทน้ำมันเชื้อเพลิง ตามข้อ 1 และข้อ 2",100%,เป็นการปรับลดอัตราภาษีเพื่อเยียวยาผลกระทบจากการระบาดของโรคโควิด-19 โดยมีผลบังคับใช้แบบขั้นบันไดตามช่วงเวลาที่กำหนด
172,100172,กฎกระทรวงกำหนดให้ทางน้ำชลประทานอ่างเก็บน้ำห้วยยางพะไล เป็นทางน้ำชลประทานที่จะเรียกเก็บค่าชลประทาน พ.ศ. ๒๕๖๔,https://ratchakitcha.soc.go.th/documents/17192459.pdf,บังคับใช้,,,,30,ธันวาคม,2564,30 ธันวาคม 2564,-,กฎกระทรวง,"พระราชบัญญัติการชลประทานหลวง พุทธศักราช ๒๔๘๕ มาตรา ๘ (๑), พระราชบัญญัติการชลประทานหลวง พุทธศักราช ๒๔๘๕ มาตรา ๔๒ วรรคหนึ่ง","กระทรวงเกษตรและสหกรณ์, กรมชลประทาน",-,แก้งสนามนาง,นครราชสีมา,กำหนดให้ทางน้ำชลประทานอ่างเก็บน้ำห้วยยางพะไล ซึ่งครอบคลุมพื้นที่ตำบลบึงพะไลและตำบลสีสุก อำเภอแก้งสนามนาง จังหวัดนครราชสีมา เป็นพื้นที่ทางน้ำชลประทานที่จะต้องมีการเรียกเก็บค่าชลประทาน เพื่อให้เกิดการใช้ประโยชน์จากทรัพยากรน้ำอย่างเต็มที่,ภาคเอกชนหรือผู้ประกอบกิจการที่จำเป็นต้องใช้น้ำจากอ่างเก็บน้ำห้วยยางพะไลเพื่อการพาณิชย์หรือเกษตรกรรม ต้องดำเนินการติดต่อกรมชลประทานเพื่อขออนุญาตและชำระค่าชลประทานตามอัตราที่กฎหมายกำหนด,โทษเชื่อมโยงจากกฎหมายแม่,รอเชื่อมโยง: พระราชบัญญัติการชลประทานหลวง พุทธศักราช 2485 มาตรา 8 (1) และมาตรา 42,ไม่มี,ราชกิจจานุเบกษา เล่ม 138 ตอนที่ 89 ก หน้า 17-18,"1. ระเบียบกรมชลประทานว่าด้วยการเรียกเก็บค่าชลประทาน
2. คู่มือการใช้งาน ระบบสารสนเทศเงินทุนหมุนเวียนเพื่อการชลประทานระบบการขออนุญาตใช้น้ำจากทางน้ำชลประทาน 
(สำหรับผู้ยื่นคำขออนุญาตใช้น้ำ)",https://budget.rid.go.th/fund/web/_data/docs/manual/population.pdf,ผู้ใช้น้ำจากทางน้ำชลประทานอ่างเก็บน้ำห้วยยางพะไล,"กำหนดทางน้ำชลประทาน, เรียกเก็บค่าชลประทาน","ทางน้ำชลประทาน, อ่างเก็บน้ำห้วยยางพะไล","พระราชบัญญัติการชลประทานหลวง, กฎกระทรวง, ค่าชลประทาน","AZ1, AZ4, AZ5",,"[AZ1]: ธุรกิจการจัดหาน้ำดิบและน้ำเพื่ออุตสาหกรรมในพื้นที่ หากดึงน้ำจากอ่างเก็บน้ำหรือทางน้ำชลประทานดังกล่าวไปใช้ จะถูกเรียกเก็บค่าชลประทาน ตามข้อ 1 


[AZ4]: กิจการโรงงานผลิตและจ่ายน้ำประปาในพื้นที่ที่จำเป็นต้องใช้น้ำจากอ่างเก็บน้ำห้วยยางพะไล จะต้องรับภาระค่าชลประทาน ตามข้อ 1 


[AZ5]: เป็นการกำหนดเขตทางน้ำชลประทานและการพัฒนาระบบน้ำที่จะเรียกเก็บค่าชลประทานโดยตรง ตามข้อ 1 และหมายเหตุ",100%,
173,100173,กฎกระทรวงกำหนดให้ทางน้ำชลประทานอ่างเก็บน้ำลำเชียงไกร เป็นทางน้ำชลประทานที่จะเรียกเก็บค่าชลประทาน พ.ศ. ๒๕๖๔,https://ratchakitcha.soc.go.th/documents/17192460.pdf,บังคับใช้,,,,30,ธันวาคม,2564,30 ธันวาคม 2564,-,กฎกระทรวง,"พระราชบัญญัติการชลประทานหลวง พุทธศักราช ๒๔๘๕ มาตรา ๘ (๑), พระราชบัญญัติการชลประทานหลวง พุทธศักราช ๒๔๘๕ มาตรา ๔๒ วรรคหนึ่ง","กระทรวงเกษตรและสหกรณ์, กรมชลประทาน",-,"ด่านขุนทด, โนนไทย",นครราชสีมา,กำหนดให้ทางน้ำชลประทานอ่างเก็บน้ำลำเชียงไกร ซึ่งครอบคลุมพื้นที่ตำบลหนองบัวละครและตำบลโนนเมืองพัฒนา อำเภอด่านขุนทด และตำบลบัลลังก์ อำเภอโนนไทย จังหวัดนครราชสีมา เป็นพื้นที่ทางน้ำชลประทานที่จะต้องเรียกเก็บค่าชลประทาน เพื่อการใช้ประโยชน์จากน้ำอย่างเต็มที่,ภาคเอกชนหรือผู้ประกอบกิจการที่มีความจำเป็นต้องใช้น้ำจากอ่างเก็บน้ำลำเชียงไกรในเขตพื้นที่ดังกล่าว ต้องดำเนินการติดต่อกรมชลประทานหรือหน่วยงานที่รับผิดชอบเพื่อขออนุญาตใช้น้ำและชำระค่าชลประทานให้ถูกต้องตามกฎหมาย,โทษเชื่อมโยงจากกฎหมายแม่,รอเชื่อมโยง: พระราชบัญญัติการชลประทานหลวง พุทธศักราช 2485 มาตรา 8 (1) และมาตรา 42,ไม่มี,ราชกิจจานุเบกษา เล่ม 138 ตอนที่ 89 ก หน้า 19-20,"1. ระเบียบกรมชลประทานว่าด้วยการเรียกเก็บค่าชลประทาน
2. คู่มือการใช้งาน ระบบสารสนเทศเงินทุนหมุนเวียนเพื่อการชลประทานระบบการขออนุญาตใช้น้ำจากทางน้ำชลประทาน 
(สำหรับผู้ยื่นคำขออนุญาตใช้น้ำ)",https://budget.rid.go.th/fund/web/_data/docs/manual/population.pdf,ผู้ใช้น้ำจากทางน้ำชลประทานอ่างเก็บน้ำลำเชียงไกร,"กำหนดทางน้ำชลประทาน, บริหารจัดการน้ำ, เรียกเก็บค่าชลประทาน","ทางน้ำชลประทาน, อ่างเก็บน้ำห้วยยางพะไล","พระราชบัญญัติการชลประทานหลวง, ค่าชลประทาน, กฎกระทรวง","AZ1, AZ4, AZ5",,"[AZ1]: ธุรกิจจัดหาน้ำดิบและสูบน้ำเพื่ออุตสาหกรรม ถือเป็นกลุ่มโครงสร้างพื้นฐานแฝงที่จะได้รับผลกระทบโดยตรงหากมีการดึงน้ำจากเขตอ่างเก็บน้ำนี้ไปใช้ เนื่องจากต้องรับภาระต้นทุนค่าชลประทานตามที่กฎหมายกำหนด


[AZ4]: กิจการการผลิตและจ่ายน้ำประปา หากมีการสูบน้ำดิบจากอ่างเก็บน้ำหรือทางน้ำชลประทานที่ประกาศนี้ไปเป็นต้นทุนการผลิต จะต้องปฏิบัติตามระเบียบและชำระค่าชลประทาน


[AZ5]: เป็นหมวดหมู่ที่รองรับเรื่องการชลประทานโดยตรง ซึ่งกฎกระทรวงฉบับนี้มีวัตถุประสงค์เพื่อกำหนดให้ทางน้ำชลประทานอ่างเก็บน้ำห้วยยางพะไลเป็นพื้นที่บริหารจัดการน้ำและเรียกเก็บค่าชลประทานอย่างเป็นทางการ",100%,
174,100174,กฎกระทรวงกำหนดให้ทางน้ำชลประทานอ่างเก็บน้ำห้วยตะคร้อ เป็นทางน้ำชลประทานที่จะเรียกเก็บค่าชลประทาน พ.ศ. ๒๕๖๔,https://ratchakitcha.soc.go.th/documents/17192461.pdf,บังคับใช้,,,,30,ธันวาคม,2564,30 ธันวาคม 2564,-,กฎกระทรวง,"พระราชบัญญัติการชลประทานหลวง พุทธศักราช ๒๔๘๕ มาตรา ๘ (๑), พระราชบัญญัติการชลประทานหลวง พุทธศักราช ๒๔๘๕ มาตรา ๔๒ วรรคหนึ่ง",กรมชลประทาน (ชป.) /กระทรวงเกษตรและสหกรณ์ (กษ.),-,คง,นครราชสีมา,กำหนดให้ทางน้ำชลประทานอ่างเก็บน้ำห้วยตะคร้อ ในเขตตำบลหนองมะนาวและตำบลโนนเต็ง อำเภอคง จังหวัดนครราชสีมา เป็นทางน้ำชลประทานที่จะเรียกเก็บค่าชลประทานเพื่อให้เกิดประโยชน์จากการใช้น้ำอย่างเต็มที่,ผู้ประกอบการและประชาชนในพื้นที่ที่ใช้น้ำจากทางน้ำชลประทานอ่างเก็บน้ำห้วยตะคร้อ ต้องปฏิบัติตามระเบียบและชำระค่าชลประทานตามที่หน่วยงานกำกับดูแลประกาศกำหนด,โทษเชื่อมโยงจากกฎหมายแม่,รอเชื่อมโยง: พระราชบัญญัติการชลประทานหลวง พุทธศักราช 2485 มาตรา 8 (1) และมาตรา 42,ไม่มี,ราชกิจจานุเบกษา เล่ม 138 ตอนที่ 89 ก หน้า 21-22,"1. ระเบียบกรมชลประทานว่าด้วยการเรียกเก็บค่าชลประทาน
2. คู่มือการใช้งาน ระบบสารสนเทศเงินทุนหมุนเวียนเพื่อการชลประทานระบบการขออนุญาตใช้น้ำจากทางน้ำชลประทาน 
(สำหรับผู้ยื่นคำขออนุญาตใช้น้ำ)",https://budget.rid.go.th/fund/web/_data/docs/manual/population.pdf,ผู้ใช้น้ำจากทางน้ำชลประทานอ่างเก็บน้ำห้วยตะคร้อ,"กำหนดทางน้ำชลประทาน, เรียกเก็บค่าชลประทาน","น้ำชลประทาน, น้ำดิบ, แหล่งน้ำ","ทางน้ำชลประทาน, ค่าชลประทาน, อ่างเก็บน้ำห้วยตะคร้อ, พระราชบัญญัติการชลประทานหลวง","AZ1, AZ4, AZ5",-,"[AZ5]: [Rights & Admin] เป็นการจัดระเบียบพื้นที่โครงสร้างพื้นฐานทางน้ำโดยตรง ตามข้อความ ""กำหนดให้ทางน้ำชลประทานอ่างเก็บน้ำห้วยตะคร้อ... เป็นทางน้ำชลประทานที่จะเรียกเก็บค่าชลประทาน""

[AZ1]: [Direct Duty] เป็นกลุ่มธุรกิจจัดหาน้ำดิบและน้ำอุตสาหกรรมที่สูบน้ำไปใช้ ซึ่งจะได้รับผลกระทบต้องเสียค่าใช้จ่ายเพิ่มเติม ตามข้อความ ""เรียกเก็บค่าชลประทาน""

[AZ4]: [Direct Duty] เป็นกลุ่มธุรกิจผลิตประปาที่สูบน้ำไปใช้ ซึ่งจะได้รับผลกระทบต้องเสียค่าใช้จ่ายเพิ่มเติม ตามข้อความ ""เรียกเก็บค่าชลประทาน""",100%,
175,100175,กฎกระทรวงกำหนดให้ทางน้ำชลประทานอ่างเก็บน้ำห้วยหิน เป็นทางน้ำชลประทานที่จะเรียกเก็บค่าชลประทาน พ.ศ. ๒๕๖๔,https://ratchakitcha.soc.go.th/documents/17192462.pdf,บังคับใช้,,,,30,ธันวาคม,2564,30 ธันวาคม 2564,-,กฎกระทรวง,"พระราชบัญญัติการชลประทานหลวง พุทธศักราช 2485 มาตรา 8 (1), พระราชบัญญัติการชลประทานหลวง พุทธศักราช 2485 มาตรา 42 วรรคหนึ่ง",กรมชลประทาน (ชป.) /กระทรวงเกษตรและสหกรณ์ (กษ.),-,เสิงสาง,นครราชสีมา,กำหนดให้อ่างเก็บน้ำห้วยหิน ในตำบลโนนสมบูรณ์ อำเภอเสิงสาง จังหวัดนครราชสีมา เป็นทางน้ำชลประทานที่สามารถเรียกเก็บค่าชลประทานได้,ผู้ประกอบการและภาคเอกชนที่ใช้น้ำจากอ่างเก็บน้ำห้วยหินเพื่อการเกษตรหรือธุรกิจ ต้องดำเนินการติดต่อกรมชลประทานเพื่อขึ้นทะเบียนและชำระค่าชลประทานตามที่กฎหมายกำหนด,โทษเชื่อมโยงจากกฎหมายแม่,รอเชื่อมโยง: พระราชบัญญัติการชลประทานหลวง พุทธศักราช 2485 มาตรา 8 (1) และมาตรา 42,ไม่มี,ราชกิจจานุเบกษา เล่ม 138 ตอนที่ 89 ก หน้า 23-24,"1. ระเบียบกรมชลประทานว่าด้วยการเรียกเก็บค่าชลประทาน
2. คู่มือการใช้งาน ระบบสารสนเทศเงินทุนหมุนเวียนเพื่อการชลประทานระบบการขออนุญาตใช้น้ำจากทางน้ำชลประทาน 
(สำหรับผู้ยื่นคำขออนุญาตใช้น้ำ)",https://budget.rid.go.th/fund/web/_data/docs/manual/population.pdf,ผู้ใช้น้ำจากทางน้ำชลประทานอ่างเก็บน้ำห้วยหิน,"กำหนดทางน้ำชลประทาน, เรียกเก็บค่าชลประทาน","น้ำชลประทาน, น้ำดิบ, แหล่งน้ำ","ทางน้ำชลประทาน, ค่าชลประทาน, พระราชบัญญัติการชลประทานหลวง, อ่างเก็บน้ำห้วยหิน","AZ1, AZ4, AZ5",-,"[AZ5]: [Rights & Admin] เป็นการจัดระเบียบพื้นที่โครงสร้างพื้นฐานทางน้ำโดยตรง ตามข้อความ ""กำหนดให้ทางน้ำชลประทานอ่างเก็บน้ำห้วยหิน... เป็นทางน้ำชลประทานที่จะเรียกเก็บค่าชลประทาน"" 

[AZ1]: [Direct Duty] เป็นกลุ่มธุรกิจจัดหาน้ำดิบและน้ำอุตสาหกรรมที่สูบน้ำไปใช้ ซึ่งจะได้รับผลกระทบต้องเสียค่าใช้จ่ายเพิ่มเติม ตามข้อความ ""เรียกเก็บค่าชลประทาน"" 

[AZ4]: [Direct Duty] เป็นกลุ่มธุรกิจผลิตประปาที่สูบน้ำไปใช้ ซึ่งจะได้รับผลกระทบต้องเสียค่าใช้จ่ายเพิ่มเติม ตามข้อความ ""เรียกเก็บค่าชลประทาน""",100%,
176,100176,กฎกระทรวงกำหนดให้ทางน้ำชลประทานอ่างเก็บน้ำห้วยซับประดู่ เป็นทางน้ำชลประทานที่จะเรียกเก็บค่าชลประทาน พ.ศ. ๒๕๖๔,https://ratchakitcha.soc.go.th/documents/17192463.pdf,บังคับใช้,,,,30,ธันวาคม,2564,30 ธันวาคม 2564,-,กฎกระทรวง,"พระราชบัญญัติการชลประทานหลวง พุทธศักราช 2485 มาตรา 8 (1), พระราชบัญญัติการชลประทานหลวง พุทธศักราช 2485 มาตรา 42 วรรคหนึ่ง",กรมชลประทาน (ชป.) /กระทรวงเกษตรและสหกรณ์ (กษ.),-,"สีคิ้ว, สูงเนิน",นครราชสีมา,กำหนดให้อ่างเก็บน้ำห้วยซับประดู่ ในพื้นที่ตำบลมิตรภาพ อำเภอสีคิ้ว และตำบลมะเกลือใหม่ อำเภอสูงเนิน จังหวัดนครราชสีมา เป็นทางน้ำชลประทานที่สามารถเรียกเก็บค่าชลประทานได้,ผู้ประกอบการและภาคเอกชนที่ใช้น้ำจากอ่างเก็บน้ำห้วยซับประดู่เพื่อการพาณิชย์หรือธุรกิจ ต้องดำเนินการติดต่อกรมชลประทานเพื่อขึ้นทะเบียนและชำระค่าชลประทานตามที่กฎหมายกำหนด,โทษเชื่อมโยงจากกฎหมายแม่,รอเชื่อมโยง: พระราชบัญญัติการชลประทานหลวง พุทธศักราช 2485 มาตรา 8 (1) และมาตรา 42,ไม่มี,ราชกิจจานุเบกษา เล่ม 138 ตอนที่ 89 ก หน้า 25-26,"1. ระเบียบกรมชลประทานว่าด้วยการเรียกเก็บค่าชลประทาน
2. คู่มือการใช้งาน ระบบสารสนเทศเงินทุนหมุนเวียนเพื่อการชลประทานระบบการขออนุญาตใช้น้ำจากทางน้ำชลประทาน 
(สำหรับผู้ยื่นคำขออนุญาตใช้น้ำ)",https://budget.rid.go.th/fund/web/_data/docs/manual/population.pdf,ผู้ใช้น้ำจากทางน้ำชลประทานอ่างเก็บน้ำห้วยซับประดู่,"กำหนดทางน้ำชลประทาน, เรียกเก็บค่าชลประทาน","น้ำชลประทาน, น้ำดิบ, แหล่งน้ำ","ทางน้ำชลประทาน, ค่าชลประทาน, พระราชบัญญัติการชลประทานหลวง, อ่างเก็บน้ำห้วยซับประดู่","AZ1, AZ4, AZ5",-,"[AZ5]: [Rights & Admin] เป็นการจัดระเบียบพื้นที่โครงสร้างพื้นฐานทางน้ำโดยตรง ตามข้อความ ""กำหนดให้ทางน้ำชลประทานอ่างเก็บน้ำห้วยซับประดู่... เป็นทางน้ำชลประทานที่จะเรียกเก็บค่าชลประทาน"" 

[AZ1]: [Direct Duty] เป็นกลุ่มธุรกิจจัดหาน้ำดิบและน้ำอุตสาหกรรมที่สูบน้ำไปใช้ ซึ่งจะได้รับผลกระทบต้องเสียค่าใช้จ่ายเพิ่มเติม ตามข้อความ ""เรียกเก็บค่าชลประทาน"" 

[AZ4]: [Direct Duty] เป็นกลุ่มธุรกิจผลิตประปาที่สูบน้ำไปใช้ ซึ่งจะได้รับผลกระทบต้องเสียค่าใช้จ่ายเพิ่มเติม ตามข้อความ ""เรียกเก็บค่าชลประทาน""",100%,
177,100177,กฎกระทรวงกำหนดให้ทางน้ำชลประทานอ่างเก็บน้ำห้วยเพลียก เป็นทางน้ำชลประทานที่จะเรียกเก็บค่าชลประทาน พ.ศ. ๒๕๖๔,https://ratchakitcha.soc.go.th/documents/17192464.pdf,บังคับใช้,,,,30,ธันวาคม,2564,30 ธันวาคม 2564,-,กฎกระทรวง,"พระราชบัญญัติการชลประทานหลวง พุทธศักราช 2485 มาตรา 8 (1), พระราชบัญญัติการชลประทานหลวง พุทธศักราช 2485 มาตรา 42 วรรคหนึ่ง",กรมชลประทาน (ชป.) /กระทรวงเกษตรและสหกรณ์ (กษ.),-,ครบุรี,นครราชสีมา,กำหนดให้อ่างเก็บน้ำห้วยเพลียก ในพื้นที่ตำบลลำเพียก อำเภอครบุรี จังหวัดนครราชสีมา เป็นทางน้ำชลประทานที่สามารถเรียกเก็บค่าชลประทานได้,ผู้ประกอบการและภาคเอกชนที่ใช้น้ำจากอ่างเก็บน้ำห้วยเพลียกเพื่อการพาณิชย์หรือธุรกิจ ต้องดำเนินการติดต่อกรมชลประทานเพื่อขึ้นทะเบียนและชำระค่าชลประทานตามที่กฎหมายกำหนด,โทษเชื่อมโยงจากกฎหมายแม่,รอเชื่อมโยง: พระราชบัญญัติการชลประทานหลวง พุทธศักราช 2485 มาตรา 8 (1) และมาตรา 42,ไม่มี,ราชกิจจานุเบกษา เล่ม 138 ตอนที่ 89 ก หน้า 27-28,"1. ระเบียบกรมชลประทานว่าด้วยการเรียกเก็บค่าชลประทาน
2. คู่มือการใช้งาน ระบบสารสนเทศเงินทุนหมุนเวียนเพื่อการชลประทานระบบการขออนุญาตใช้น้ำจากทางน้ำชลประทาน 
(สำหรับผู้ยื่นคำขออนุญาตใช้น้ำ)",https://budget.rid.go.th/fund/web/_data/docs/manual/population.pdf,ผู้ใช้น้ำจากทางน้ำชลประทานอ่างเก็บน้ำห้วยเพลียก,"กำหนดทางน้ำชลประทาน, เรียกเก็บค่าชลประทาน","น้ำชลประทาน, น้ำดิบ, แหล่งน้ำ","ทางน้ำชลประทาน, ค่าชลประทาน, พระราชบัญญัติการชลประทานหลวง, อ่างเก็บน้ำห้วยเพลียก","AZ1, AZ4, AZ5",-,"[AZ5]: [Rights & Admin] เป็นการจัดระเบียบพื้นที่โครงสร้างพื้นฐานทางน้ำโดยตรง ตามข้อความ ""กำหนดให้ทางน้ำชลประทานอ่างเก็บน้ำห้วยเพลียก... เป็นทางน้ำชลประทานที่จะเรียกเก็บค่าชลประทาน"" 

[AZ1]: [Direct Duty] เป็นกลุ่มธุรกิจจัดหาน้ำดิบและน้ำอุตสาหกรรมที่สูบน้ำไปใช้ ซึ่งจะได้รับผลกระทบต้องเสียค่าใช้จ่ายเพิ่มเติม ตามข้อความ ""เรียกเก็บค่าชลประทาน"" 

[AZ4]: [Direct Duty] เป็นกลุ่มธุรกิจผลิตประปาที่สูบน้ำไปใช้ ซึ่งจะได้รับผลกระทบต้องเสียค่าใช้จ่ายเพิ่มเติม ตามข้อความ ""เรียกเก็บค่าชลประทาน""",100%,
178,100178,กฎกระทรวงกำหนดให้ทางน้ำชลประทานอ่างเก็บน้ำห้วยบง เป็นทางน้ำชลประทานที่จะเรียกเก็บค่าชลประทาน พ.ศ. ๒๕๖๔,https://ratchakitcha.soc.go.th/documents/17192465.pdf,บังคับใช้,,,,30,ธันวาคม,2564,30 ธันวาคม 2564,-,กฎกระทรวง,"พระราชบัญญัติการชลประทานหลวง พุทธศักราช 2485 มาตรา 8 (1), พระราชบัญญัติการชลประทานหลวง พุทธศักราช 2485 มาตรา 42 วรรคหนึ่ง",กรมชลประทาน (ชป.) /กระทรวงเกษตรและสหกรณ์ (กษ.),-,ชุมพวง,นครราชสีมา,กำหนดให้อ่างเก็บน้ำห้วยบง ในพื้นที่ตำบลประสุข และตำบลท่าลาด อำเภอชุมพวง จังหวัดนครราชสีมา เป็นทางน้ำชลประทานที่สามารถเรียกเก็บค่าชลประทานได้,ผู้ประกอบการและภาคเอกชนที่ใช้น้ำจากอ่างเก็บน้ำห้วยบงเพื่อการพาณิชย์หรือธุรกิจ ต้องดำเนินการติดต่อกรมชลประทานเพื่อขออนุญาต ขึ้นทะเบียน และชำระค่าชลประทานตามที่กฎหมายกำหนด,โทษเชื่อมโยงจากกฎหมายแม่,รอเชื่อมโยง: พระราชบัญญัติการชลประทานหลวง พุทธศักราช 2485 มาตรา 8 (1) และมาตรา 42,ไม่มี,ราชกิจจานุเบกษา เล่ม 138 ตอนที่ 89 ก หน้า 29-30,"1. ระเบียบกรมชลประทานว่าด้วยการเรียกเก็บค่าชลประทาน
2. คู่มือการใช้งาน ระบบสารสนเทศเงินทุนหมุนเวียนเพื่อการชลประทานระบบการขออนุญาตใช้น้ำจากทางน้ำชลประทาน 
(สำหรับผู้ยื่นคำขออนุญาตใช้น้ำ)",https://budget.rid.go.th/fund/web/_data/docs/manual/population.pdf,ผู้ใช้น้ำจากทางน้ำชลประทานอ่างเก็บน้ำห้วยบง,"กำหนดทางน้ำชลประทาน, เรียกเก็บค่าชลประทาน","น้ำชลประทาน, น้ำดิบ, แหล่งน้ำ","ทางน้ำชลประทาน, ค่าชลประทาน, พระราชบัญญัติการชลประทานหลวง, อ่างเก็บน้ำห้วยบง","AZ1, AZ4, AZ5",-,"[AZ5]: [Rights & Admin] เป็นการจัดระเบียบพื้นที่โครงสร้างพื้นฐานทางน้ำโดยตรง ตามข้อความ ""กำหนดให้ทางน้ำชลประทานอ่างเก็บน้ำห้วยบง... เป็นทางน้ำชลประทานที่จะเรียกเก็บค่าชลประทาน"" 

[AZ1]: [Direct Duty] เป็นกลุ่มธุรกิจจัดหาน้ำดิบและน้ำอุตสาหกรรมที่สูบน้ำไปใช้ ซึ่งจะได้รับผลกระทบต้องเสียค่าใช้จ่ายเพิ่มเติม ตามข้อความ ""เรียกเก็บค่าชลประทาน"" 

[AZ4]: [Direct Duty] เป็นกลุ่มธุรกิจผลิตประปาที่สูบน้ำไปใช้ ซึ่งจะได้รับผลกระทบต้องเสียค่าใช้จ่ายเพิ่มเติม ตามข้อความ ""เรียกเก็บค่าชลประทาน""",100%,
179,100179,กฎกระทรวงกำหนดให้ทางน้ำชลประทานอ่างเก็บน้ำห้วยปราสาทใหญ่ เป็นทางน้ำชลประทานที่จะเรียกเก็บค่าชลประทาน พ.ศ. ๒๕๖๔,https://ratchakitcha.soc.go.th/documents/17192466.pdf,บังคับใช้,,,,30,ธันวาคม,2564,30 ธันวาคม 2564,-,กฎกระทรวง,"พระราชบัญญัติการชลประทานหลวง พุทธศักราช 2485 มาตรา 8 (1), พระราชบัญญัติการชลประทานหลวง พุทธศักราช 2485 มาตรา 42 วรรคหนึ่ง",กรมชลประทาน (ชป.) /กระทรวงเกษตรและสหกรณ์ (กษ.),-,ด่านขุนทด,นครราชสีมา,กำหนดให้อ่างเก็บน้ำห้วยปราสาทใหญ่ ในพื้นที่ตำบลห้วยบง อำเภอด่านขุนทด จังหวัดนครราชสีมา เป็นทางน้ำชลประทานที่สามารถเรียกเก็บค่าชลประทานได้,ผู้ประกอบการและภาคเอกชนที่ใช้น้ำจากอ่างเก็บน้ำห้วยปราสาทใหญ่เพื่อการพาณิชย์หรือธุรกิจ ต้องดำเนินการติดต่อกรมชลประทานเพื่อขออนุญาต ขึ้นทะเบียน และชำระค่าชลประทานตามที่กฎหมายกำหนด,โทษเชื่อมโยงจากกฎหมายแม่,รอเชื่อมโยง: พระราชบัญญัติการชลประทานหลวง พุทธศักราช 2485 มาตรา 8 (1) และมาตรา 42,ไม่มี,ราชกิจจานุเบกษา เล่ม 138 ตอนที่ 89 ก หน้า 31-32,"1. ระเบียบกรมชลประทานว่าด้วยการเรียกเก็บค่าชลประทาน
2. คู่มือการใช้งาน ระบบสารสนเทศเงินทุนหมุนเวียนเพื่อการชลประทานระบบการขออนุญาตใช้น้ำจากทางน้ำชลประทาน 
(สำหรับผู้ยื่นคำขออนุญาตใช้น้ำ)",https://budget.rid.go.th/fund/web/_data/docs/manual/population.pdf,ผู้ใช้น้ำจากทางน้ำชลประทานอ่างเก็บน้ำห้วยปราสาทใหญ่,"กำหนดทางน้ำชลประทาน, เรียกเก็บค่าชลประทาน","น้ำชลประทาน, น้ำดิบ, แหล่งน้ำ","ทางน้ำชลประทาน, ค่าชลประทาน, พระราชบัญญัติการชลประทานหลวง, อ่างเก็บน้ำห้วยปราสาทใหญ่","AZ1, AZ4, AZ5",-,"[AZ5]: [Rights & Admin] เป็นการจัดระเบียบพื้นที่โครงสร้างพื้นฐานทางน้ำโดยตรง ตามข้อความ ""กำหนดให้ทางน้ำชลประทานอ่างเก็บน้ำห้วยปราสาทใหญ่... เป็นทางน้ำชลประทานที่จะเรียกเก็บค่าชลประทาน"" 

[AZ1]: [Direct Duty] เป็นกลุ่มธุรกิจจัดหาน้ำดิบและน้ำอุตสาหกรรมที่สูบน้ำไปใช้ ซึ่งจะได้รับผลกระทบต้องเสียค่าใช้จ่ายเพิ่มเติม ตามข้อความ ""เรียกเก็บค่าชลประทาน"" 

[AZ4]: [Direct Duty] เป็นกลุ่มธุรกิจผลิตประปาที่สูบน้ำไปใช้ ซึ่งจะได้รับผลกระทบต้องเสียค่าใช้จ่ายเพิ่มเติม ตามข้อความ ""เรียกเก็บค่าชลประทาน""",100%,
180,100180,กฎกระทรวงกำหนดให้ทางน้ำชลประทานแม่น้ำปราณบุรี เป็นทางน้ำชลประทานที่จะเรียกเก็บค่าชลประทาน พ.ศ. ๒๕๖๔,https://ratchakitcha.soc.go.th/documents/17192467.pdf,บังคับใช้,,,,30,ธันวาคม,2564,30 ธันวาคม 2564,-,กฎกระทรวง,"พระราชบัญญัติการชลประทานหลวง พุทธศักราช 2485 มาตรา 8 (1), พระราชบัญญัติการชลประทานหลวง พุทธศักราช 2485 มาตรา 42 วรรคหนึ่ง",กรมชลประทาน (ชป.) /กระทรวงเกษตรและสหกรณ์ (กษ.),-,"หัวหิน, ปราณบุรี",ประจวบคีรีขันธ์,กำหนดให้แม่น้ำปราณบุรี ในพื้นที่อำเภอหัวหินและอำเภอปราณบุรี จังหวัดประจวบคีรีขันธ์ เป็นทางน้ำชลประทานที่สามารถเรียกเก็บค่าชลประทานได้,ผู้ประกอบการและภาคเอกชนที่ใช้น้ำจากพื้นที่ชลประทานแม่น้ำปราณบุรีเพื่อการพาณิชย์หรือธุรกิจ ต้องดำเนินการติดต่อกรมชลประทานเพื่อขออนุญาต ขึ้นทะเบียน และชำระค่าชลประทานตามที่กฎหมายกำหนด,โทษเชื่อมโยงจากกฎหมายแม่,รอเชื่อมโยง: พระราชบัญญัติการชลประทานหลวง พุทธศักราช 2485 มาตรา 8 (1) และมาตรา 42,ไม่มี,ราชกิจจานุเบกษา เล่ม 138 ตอนที่ 89 ก หน้า 33-34,"1. ระเบียบกรมชลประทานว่าด้วยการเรียกเก็บค่าชลประทาน
2. คู่มือการใช้งาน ระบบสารสนเทศเงินทุนหมุนเวียนเพื่อการชลประทานระบบการขออนุญาตใช้น้ำจากทางน้ำชลประทาน 
(สำหรับผู้ยื่นคำขออนุญาตใช้น้ำ)",https://budget.rid.go.th/fund/web/_data/docs/manual/population.pdf,ผู้ใช้น้ำจากทางน้ำชลประทานแม่น้ำปราณบุรี,"กำหนดทางน้ำชลประทาน, เรียกเก็บค่าชลประทาน","น้ำชลประทาน, น้ำดิบ, แหล่งน้ำ","ทางน้ำชลประทาน, ค่าชลประทาน, พระราชบัญญัติการชลประทานหลวง, แม่น้ำปราณบุรี","AZ1, AZ4, AZ5",-,"[AZ5]: [Rights & Admin] เป็นการจัดระเบียบพื้นที่โครงสร้างพื้นฐานทางน้ำโดยตรง ตามข้อความ ""กำหนดให้ทางน้ำชลประทานแม่น้ำปราณบุรี... เป็นทางน้ำชลประทานที่จะเรียกเก็บค่าชลประทาน"" 

[AZ1]: [Direct Duty] เป็นกลุ่มธุรกิจจัดหาน้ำดิบและน้ำอุตสาหกรรมที่สูบน้ำไปใช้ ซึ่งจะได้รับผลกระทบต้องเสียค่าใช้จ่ายเพิ่มเติม ตามข้อความ ""เรียกเก็บค่าชลประทาน"" 

[AZ4]: [Direct Duty] เป็นกลุ่มธุรกิจผลิตประปาที่สูบน้ำไปใช้ ซึ่งจะได้รับผลกระทบต้องเสียค่าใช้จ่ายเพิ่มเติม ตามข้อความ ""เรียกเก็บค่าชลประทาน""",100%,
181,100181,กฎกระทรวงกำหนดให้ทางน้ำชลประทานคลองท่าแซะ เป็นทางน้ำชลประทานที่จะเรียกเก็บค่าชลประทาน พ.ศ. ๒๕๖๔,https://ratchakitcha.soc.go.th/documents/17192468.pdf,บังคับใช้,,,,30,ธันวาคม,2564,30 ธันวาคม 2564,-,กฎกระทรวง,"พระราชบัญญัติการชลประทานหลวง พุทธศักราช 2485 มาตรา 8 (1), พระราชบัญญัติการชลประทานหลวง พุทธศักราช 2485 มาตรา 42 วรรคหนึ่ง",กรมชลประทาน (ชป.) /กระทรวงเกษตรและสหกรณ์ (กษ.),-,ท่าแซะ,ชุมพร,กำหนดให้คลองท่าแซะ ในพื้นที่ตำบลคุริงและตำบลหงษ์เจริญ อำเภอท่าแซะ จังหวัดชุมพร เป็นทางน้ำชลประทานที่สามารถเรียกเก็บค่าชลประทานได้,ผู้ประกอบการและภาคเอกชนที่ใช้น้ำจากคลองท่าแซะเพื่อการพาณิชย์หรือธุรกิจ ต้องดำเนินการติดต่อกรมชลประทานเพื่อขออนุญาต ขึ้นทะเบียน และชำระค่าชลประทานตามที่กฎหมายกำหนด,โทษเชื่อมโยงจากกฎหมายแม่,รอเชื่อมโยง: พระราชบัญญัติการชลประทานหลวง พุทธศักราช 2485 มาตรา 8 (1) และมาตรา 42,ไม่มี,ราชกิจจานุเบกษา เล่ม 138 ตอนที่ 89 ก หน้า 35-36,"1. ระเบียบกรมชลประทานว่าด้วยการเรียกเก็บค่าชลประทาน
2. คู่มือการใช้งาน ระบบสารสนเทศเงินทุนหมุนเวียนเพื่อการชลประทานระบบการขออนุญาตใช้น้ำจากทางน้ำชลประทาน 
(สำหรับผู้ยื่นคำขออนุญาตใช้น้ำ)",https://budget.rid.go.th/fund/web/_data/docs/manual/population.pdf,ผู้ใช้น้ำจากทางน้ำชลประทานคลองท่าแซะ,"กำหนดทางน้ำชลประทาน, เรียกเก็บค่าชลประทาน","น้ำชลประทาน, น้ำดิบ, แหล่งน้ำ","ทางน้ำชลประทาน, ค่าชลประทาน, พระราชบัญญัติการชลประทานหลวง, คลองท่าแซะ","AZ1, AZ4, AZ5",-,"[AZ5]: [Rights & Admin] เป็นการจัดระเบียบพื้นที่โครงสร้างพื้นฐานทางน้ำโดยตรง ตามข้อความ ""กำหนดให้ทางน้ำชลประทานคลองท่าแซะ... เป็นทางน้ำชลประทานที่จะเรียกเก็บค่าชลประทาน"" 

[AZ1]: [Direct Duty] เป็นกลุ่มธุรกิจจัดหาน้ำดิบและน้ำอุตสาหกรรมที่สูบน้ำไปใช้ ซึ่งจะได้รับผลกระทบต้องเสียค่าใช้จ่ายเพิ่มเติม ตามข้อความ ""เรียกเก็บค่าชลประทาน"" 

[AZ4]: [Direct Duty] เป็นกลุ่มธุรกิจผลิตประปาที่สูบน้ำไปใช้ ซึ่งจะได้รับผลกระทบต้องเสียค่าใช้จ่ายเพิ่มเติม ตามข้อความ ""เรียกเก็บค่าชลประทาน""",100%,
182,100182,คำวินิจฉัยของศาลรัฐธรรมนูญ คำวินิจฉัยที่ ๒๒/๒๕๖๔ เรื่อง คณะกรรมการการเลือกตั้งขอให้ศาลรัฐธรรมนูญวินิจฉัยตามรัฐธรรมนูญ มาตรา ๘๒ ว่า สมาชิกภาพของสมาชิกสภาผู้แทนราษฎรสิ้นสุดลงตามรัฐธรรมนูญ  มาตรา ๑๐๑ (๖)  ประกอบมาตรา ๙๘ (๔) (๖) และมาตรา ๙๖ (๒) หรือไม่ ,https://ratchakitcha.soc.go.th/documents/17192469.pdf,บังคับใช้,,,,30,ธันวาคม,2564,8 ธันวาคม 2564,-,คำวินิจฉัยศาลรัฐธรรมนูญ,-,ศาลรัฐธรรมนูญ,-,-,-,ศาลรัฐธรรมนูญมีคำวินิจฉัยว่าสมาชิกภาพของสมาชิกสภาผู้แทนราษฎร (ส.ส.) ของผู้ถูกร้องทั้ง 5 ราย สิ้นสุดลงตามรัฐธรรมนูญ เนื่องจากศาลอาญามีคำพิพากษาลงโทษจำคุกและถูกคุมขังอยู่โดยหมายของศาล รวมถึงบางรายถูกสั่งเพิกถอนสิทธิเลือกตั้ง โดยให้ผู้ถูกร้องพ้นจากตำแหน่งนับแต่วันที่ศาลรัฐธรรมนูญมีคำสั่งให้หยุดปฏิบัติหน้าที่ (7 เมษายน 2564),-,⚪️ เทา,-,ไม่มี,ราชกิจจานุเบกษา เล่ม 138 ตอนที่ 89 ก หน้า 37-54,-,,สมาชิกสภาผู้แทนราษฎร (ผู้ถูกร้องทั้ง 5 คน),"วินิจฉัย, สิ้นสุดสมาชิกภาพ, จัดการเลือกตั้ง, เลื่อนลำดับบัญชีรายชื่อ","สถานะทางการเมือง, ตำแหน่งสมาชิกสภาผู้แทนราษฎร (ส.ส.), ตำแหน่งรัฐมนตรี","ศาลรัฐธรรมนูญ, สิ้นสุดสมาชิกภาพ, ลักษณะต้องห้าม, คุมขังโดยหมายของศาล, รัฐธรรมนูญ มาตรา 101, มาตรา 98, มาตรา 96, เพิกถอนสิทธิเลือกตั้ง","CE1, CC10, CC5, CB5",-,"[CE1]: [Rights & Admin] เป็นเนื้อหาของคำวินิจฉัยศาลรัฐธรรมนูญโดยตรงที่ชี้ขาดสถานะและข้อกฎหมายของบุคคลผู้ดำรงตำแหน่งทางการเมือง

[CC10]: [Rights & Admin] มีผลผูกพันโดยตรงต่อรัฐสภา ทำให้สมาชิกภาพของสมาชิกสภาผู้แทนราษฎร (ส.ส.) สิ้นสุดลงตามรัฐธรรมนูญ มาตรา 101 (6)

[CC5]: [Direct Duty] ผูกพันให้ กกต. ต้องจัดให้มีการเลือกตั้ง ส.ส. แบบแบ่งเขตเลือกตั้งขึ้นแทนตำแหน่งที่ว่างภายใน 45 วัน ตามรัฐธรรมนูญ มาตรา 105 วรรคหนึ่ง (1)

[CB5]: [Rights & Admin] มีผลต่อพรรคการเมืองที่ต้องให้มีการประกาศเลื่อนลำดับผู้สมัคร ส.ส. แบบบัญชีรายชื่อขึ้นมาแทนตำแหน่งที่ว่างลง ตามรัฐธรรมนูญ มาตรา 105 วรรคหนึ่ง (2)",100%,
183,100183,คำพิพากษาของศาลฎีกาแผนกคดีอาญาของผู้ดำรงตำแหน่งทางการเมือง เรื่อง การแสดงบัญชีรายการทรัพย์สินและหนี้สิน [คดีหมายเลขดำที่ อม. ๓/๒๕๖๔ คดีหมายเลขแดงที่ อม. ๙/๒๕๖๔ ,https://ratchakitcha.soc.go.th/documents/17192470.pdf,บังคับใช้,,,,30,ธันวาคม,2564,30 ธันวาคม 2564,-,คำพิพากษา,-,ศาลฎีกาแผนกคดีอาญาของผู้ดำรงตำแหน่งทางการเมือง,-,-,-,"ศาลฎีกาแผนกคดีอาญาของผู้ดำรงตำแหน่งทางการเมืองพิพากษาว่า อดีตที่ปรึกษารัฐมนตรีช่วยว่าการกระทรวงคมนาคม จงใจยื่นบัญชีแสดงรายการทรัพย์สินและหนี้สินกรณีพ้นจากตำแหน่งอันเป็นเท็จและปกปิดข้อเท็จจริง (ปกปิดรายการเงินลงทุนหุ้นสามัญใน 2 บริษัท) ให้จำคุก 1 เดือน ปรับ 4,000 บาท โดยโทษจำคุกให้รอลงอาญา 1 ปี และห้ามดำรงตำแหน่งทางการเมือง 5 ปี",ผู้ดำรงตำแหน่งทางการเมืองและเจ้าหน้าที่ของรัฐต้องยื่นบัญชีแสดงรายการทรัพย์สินและหนี้สินของตน คู่สมรส และบุตรที่ยังไม่บรรลุนิติภาวะให้ถูกต้องและครบถ้วนตามความเป็นจริง ภายในระยะเวลาที่กฎหมายกำหนด เพื่อหลีกเลี่ยงโทษทางอาญาและการถูกตัดสิทธิทางการเมือง,🔴 แดง,โทษทางอาญา,ไม่มี,ราชกิจจานุเบกษา เล่ม 138 ตอนที่ 89 ก หน้า 55-58,แบบบัญชีแสดงรายการทรัพย์สินและหนี้สิน (สำนักงาน ป.ป.ช.),,ผู้ดำรงตำแหน่งทางการเมือง,"ยื่นบัญชีทรัพย์สิน, ปกปิดข้อเท็จจริง, ห้ามดำรงตำแหน่งทางการเมือง, ลงโทษจำคุก","บัญชีทรัพย์สินและหนี้สิน, หุ้นสามัญ, ตำแหน่งทางการเมือง","ศาลฎีกาแผนกคดีอาญาของผู้ดำรงตำแหน่งทางการเมือง, ป.ป.ช., ยื่นบัญชีทรัพย์สินเท็จ, พ.ร.บ.ประกอบรัฐธรรมนูญว่าด้วยการป้องกันและปราบปรามการทุจริต",-,"CC29, CC1,","[CC29]: [Direct Duty] เป็นผลคำพิพากษาของศาลฎีกาแผนกคดีอาญาของผู้ดำรงตำแหน่งทางการเมืองโดยตรง ในคดีที่ผู้ดำรงตำแหน่งทางการเมืองกระทำความผิด


[CC1]: [Direct Duty] เป็นการวินิจฉัยความผิดฐานจงใจปกปิดและไม่ยื่นบัญชีแสดงรายการทรัพย์สินต่อคณะกรรมการ ป.ป.ช. ตาม พ.ร.บ. ป.ป.ช.


[CB5]: [Rights & Admin] ผลของคำพิพากษามีการสั่งห้ามมิให้ผู้ถูกกล่าวหาดำรงตำแหน่งใดในพรรคการเมืองเป็นเวลา 5 ปี",1,ใช้ พ.ร.บ.ประกอบรัฐธรรมนูญว่าด้วยการป้องกันและปราบปรามการทุจริต พ.ศ. 2542 มาบังคับใช้เนื่องจากเป็นกฎหมายที่ใช้ในขณะกระทำผิด
184,100184,ระเบียบกรมการขนส่งทางบก ว่าด้วยหลักเกณฑ์ วิธีการ และเงื่อนไขการใช้จ่ายเงินเป็นค่าอุปกรณ์ช่วยเหลือผู้พิการอันเนื่องมาจากการประสบภัยที่เกิดจากการใช้รถใช้ถนน พ.ศ. ๒๕๖๔,https://ratchakitcha.soc.go.th/documents/17192592.pdf,บังคับใช้,,ระเบียบกรมการขนส่งทางบกว่าด้วยหลักเกณฑ์ วิธีการ และเงื่อนไขการใช้จ่ายเงินเป็นค่าอุปกรณ์ช่วยเหลือผู้พิการอันเนื่องมาจากการประสบภัยที่เกิดจากการใช้รถใช้ถนน พ.ศ. 2559,,29,ธันวาคม,2564,29 ธันวาคม 2564,-,ระเบียบ,กฎกระทรวงกำหนดหลักเกณฑ์ วิธีการ และเงื่อนไขการดำรงตำแหน่งและการปฏิบัติหน้าที่กรรมการการบริหารกองทุนและการใช้จ่ายเงินกองทุนเพื่อความปลอดภัยในการใช้รถใช้ถนน พ.ศ. ๒๕๔๗ มาตรา ๑๖ (๒),"กรมการขนส่งทางบก, กระทรวงคมนาคม",-,-,-,ระเบียบนี้กำหนดหลักเกณฑ์การขอรับและการพิจารณาจัดสรรเงินกองทุนเพื่อเป็นค่าอุปกรณ์ช่วยเหลือผู้พิการจากอุบัติเหตุทางถนน โดยผู้พิการต้องมีคุณสมบัติตามที่กำหนด และยื่นคำขอพร้อมเอกสารทางการแพทย์ต่อสำนักงานขนส่ง หากได้รับอนุมัติ ผู้พิการต้องใช้อุปกรณ์ดังกล่าวตามปกติ ห้ามจำหน่ายจ่ายแจก และต้องยินยอมให้เจ้าหน้าที่ติดตามตรวจสอบการใช้งาน,"ผู้พิการจากอุบัติเหตุทางถนนที่ต้องการขอรับอุปกรณ์ช่วยเหลือ ให้ยื่นคำขอตามแบบฟอร์มที่กรมการขนส่งทางบกกำหนด พร้อมแนบบัตรประจำตัวผู้พิการ/ประชาชน, ประวัติการรักษาที่ระบุสาเหตุจากอุบัติเหตุทางถนน, และรูปถ่ายแสดงความพิการ หากได้รับอุปกรณ์แล้ว ต้องใช้ตามวัตถุประสงค์ ห้ามนำไปขายหรือยกให้ผู้อื่น และต้องยินยอมให้เจ้าหน้าที่ตรวจสอบการใช้งาน หากฝ่าฝืนต้องคืนอุปกรณ์และถูกตัดสิทธิขอรับใหม่",🟡 เหลือง,เสียสิทธิประโยชน์ / ผลทางนิติกรรม,แบบคำขอรับอุปกรณ์ (กรมการขนส่งทางบก),ราชกิจจานุเบกษา เล่ม 138 ตอนพิเศษ 318 ง หน้า 2-7,บัญชีรายละเอียดคุณลักษณะและราคา (สถาบันสิรินธรฯ / สำนักงานปลัดกระทรวงสาธารณสุข),,ผู้พิการอันเนื่องมาจากการประสบภัยที่เกิดจากการใช้รถใช้ถนน,"ขอรับจัดสรรเงิน, จัดหาอุปกรณ์, จัดซื้อจัดจ้าง","อุปกรณ์ช่วยเหลือผู้พิการ, ครุภัณฑ์ทางการแพทย์, รถนั่งไฟฟ้า","กองทุนเพื่อความปลอดภัยในการใช้รถใช้ถนน, กรมการขนส่งทางบก, สถาบันสิรินธรเพื่อการฟื้นฟูสมรรถภาพทางการแพทย์แห่งชาติ, ผู้พิการ, จัดซื้อจัดจ้างภาครัฐ","AN13, Q5","BY1, CC24","[AN13]: [Direct Duty] เป็นหน่วยงานที่ขอรับจัดสรร (โรงพยาบาลของรัฐและสถาบันสิรินธรฯ) ซึ่งมีหน้าที่รับคำขอ ตรวจสอบ จัดหาและส่งมอบอุปกรณ์ให้ผู้พิการตามระเบียบ (ข้อ 5, 14, 16) 

[Q5]: [Service Opportunity] เป็นกลุ่มธุรกิจผลิตและจำหน่ายครุภัณฑ์ทางการแพทย์ (เช่น รถนั่งไฟฟ้า) ซึ่งเป็นผู้รับจ้างใน Ecosystem ที่โรงพยาบาลต้องนำเงินกองทุนมาจัดซื้ออุปกรณ์ (ข้อ 11, 16) 

[BY1]: [Support] บังคับให้หน่วยงานที่ได้รับจัดสรรเงินต้องจัดซื้อจัดจ้างอุปกรณ์ตามกฎหมายว่าด้วยการจัดซื้อจัดจ้างและการบริหารพัสดุภาครัฐ (ข้อ 16) 

[CC24]: [Support] บังคับให้หน่วยงานที่ได้รับจัดสรรเงินต้องเบิกจ่ายและดำเนินการตามกฎหมายว่าด้วยวินัยการเงินการคลังของรัฐ (ข้อ 16)",100%,ยกเลิกระเบียบกรมการขนส่งทางบกว่าด้วยหลักเกณฑ์ วิธีการ และเงื่อนไขการใช้จ่ายเงินเป็นค่าอุปกรณ์ช่วยเหลือผู้พิการอันเนื่องมาจากการประสบภัยที่เกิดจากการใช้รถใช้ถนน พ.ศ. 2559
185,100185,ระเบียบกรมวิทยาศาสตร์การแพทย์ ว่าด้วยอัตราค่าบำรุงการตรวจวิเคราะห์และให้บริการ (ฉบับที่ ๘) พ.ศ. ๒๕๖๔,https://ratchakitcha.soc.go.th/documents/17192048.pdf,บังคับใช้,,,"ระเบียบกรมวิทยาศาสตร์การแพทย์ว่าด้วยอัตราค่าบำรุงการตรวจวิเคราะห์และให้บริการ พ.ศ. ๒๕๖๒ (ยกเลิกความในลำดับที่ ๑, ๒ และเพิ่มรายการแนบท้าย)",28,ธันวาคม,2564,29 ธันวาคม 2564,-,ระเบียบ,"พระราชบัญญัติระเบียบบริหารราชการแผ่นดิน พ.ศ. 2534 มาตรา 32, กฎกระทรวงแบ่งส่วนราชการกรมวิทยาศาสตร์การแพทย์ พ.ศ. 2552","กรมวิทยาศาสตร์การแพทย์, กระทรวงสาธารณสุข",-,-,-,ปรับปรุงแก้ไขรายการและอัตราค่าบริการตรวจวิเคราะห์ทางห้องปฏิบัติการและให้บริการอื่นๆ ของกรมวิทยาศาสตร์การแพทย์ เช่น การทดสอบชุดตรวจโควิด 19 การตรวจวิเคราะห์ทางพิษวิทยา และยาชีวเภสัชภัณฑ์,ภาคธุรกิจ สถานพยาบาล หรือบุคคลทั่วไปที่ต้องการส่งตัวอย่างตรวจวิเคราะห์ทางห้องปฏิบัติการหรือรับบริการจากกรมวิทยาศาสตร์การแพทย์ ต้องศึกษารายการและชำระค่าบำรุงตามอัตราใหม่ที่กำหนดในระเบียบนี้,⚪️ เทา,-,ไม่มี,ราชกิจจานุเบกษา เล่ม 138 ตอนพิเศษ 317 ง หน้า 1-7,แบบคำขอส่งตัวอย่างตรวจวิเคราะห์ (กรมวิทยาศาสตร์การแพทย์),,ผู้ขอรับบริการตรวจวิเคราะห์ทางห้องปฏิบัติการ และผู้ประกอบการด้านยา ชีววัตถุ และสมุนไพร,"กำหนดอัตราค่าบำรุง, ตรวจวิเคราะห์, ประเมินคุณภาพชุดตรวจ, ชันสูตรโรค","ชุดตรวจโควิด 19, ยาชีวเภสัชภัณฑ์, วัคซีนไวรัส, สมุนไพร, เลือดและปัสสาวะ, กระดาษซับเลือด","อัตราค่าบำรุงการตรวจวิเคราะห์, กรมวิทยาศาสตร์การแพทย์, ห้องปฏิบัติการชันสูตรโรค","Q1, Q3, Q4, AA26, AA27, AN1, AN4, AN13, AT8, BL2, BL3",-,"[Q1]: [Direct Duty] เป็นผู้ผลิตยาและชีววัตถุที่ต้องส่งผลิตภัณฑ์ทดสอบและชำระค่าบำรุงตามอัตราที่กำหนด ตามข้อ 5 (รายการยาชีวเภสัชภัณฑ์ และ วัคซีนไวรัส)

[Q3]: [Direct Duty] เป็นผู้ผลิตผลิตภัณฑ์สมุนไพรที่ต้องส่งสารสกัดหรือวัตถุดิบตรวจวิเคราะห์และชำระค่าบำรุง ตามข้อ 5 (รายการวัตถุดิบสมุนไพร)

[Q4]: [Direct Duty] เป็นผู้ผลิตเครื่องมือแพทย์/วัสดุสิ้นเปลืองที่ต้องส่งประเมินคุณภาพชุดตรวจโควิด 19 (SARS-CoV-2) และชำระค่าบำรุง ตามข้อ 3

[AA26]: [Direct Duty] เป็นผู้นำเข้าเครื่องมือแพทย์/เวชภัณฑ์ที่ต้องส่งประเมินคุณภาพชุดตรวจโควิด 19 และชำระค่าบำรุง ตามข้อ 3

[AA27]: [Direct Duty] เป็นผู้นำเข้ายาและชีววัตถุ (เช่น วัคซีนโควิด 19) ที่ต้องส่งตรวจวิเคราะห์และชำระค่าบำรุง ตามข้อ 5

[AN1]: [Direct Duty] เป็นสถานพยาบาลที่ต้องชำระค่าบริการเมื่อส่งตัวอย่างผู้ป่วย (เช่น เลือด, ปัสสาวะ, สารคัดหลั่ง) เพื่อตรวจชันสูตรโรคโควิด 19, ปรอท หรือคอตีบ ตามข้อ 4 และข้อ 5

[AN4]: [Direct Duty] เป็นห้องปฏิบัติการทางการแพทย์ที่ใช้บริการชันสูตรโรคและต้องชำระค่าบำรุงตามอัตราที่กำหนด ตามข้อ 4 และข้อ 5

[AN13]: [Direct Duty] เป็นโรงพยาบาลของรัฐที่ต้องชำระค่าบริการเมื่อส่งตัวอย่างผู้ป่วยเพื่อตรวจชันสูตรโรค ตามข้อ 4 และข้อ 5

[AT8]: [Direct Duty] เป็นห้องปฏิบัติการตรวจวิเคราะห์เอกชนที่อาจซื้อชุดตัวอย่างทดสอบ SARS-CoV-2 เชิงคุณภาพเพื่อทวนสอบความถูกต้องของน้ำยา และต้องชำระค่าบริการ ตามข้อ 5

[BL2]: [Direct Duty] เป็นห้องปฏิบัติการวิจัยชีวภาพ/การแพทย์ที่ต้องชำระค่าธรรมเนียมเมื่อขอใช้หรือเสนอโครงการใช้ประโยชน์จากตัวอย่างกระดาษซับเลือด ตามข้อ 5

[BL3]: [Direct Duty] เป็นห้องปฏิบัติการทดสอบที่อาจซื้อชุดตัวอย่างทดสอบ SARS-CoV-2 เชิงคุณภาพเพื่อทวนสอบและสอบเทียบมาตรฐานของน้ำยาตรวจ และต้องชำระค่าบริการ ตามข้อ 5",100%,อัปเดตข้อความในลำดับที่ 1 และ 2 และเพิ่มเติมรายการแนบท้ายระเบียบกรมวิทยาศาสตร์การแพทย์ว่าด้วยอัตราค่าบำรุงการตรวจวิเคราะห์และให้บริการ พ.ศ. 2562
186,100186,กฎกระทรวงกำหนดให้ทางน้ำชลประทานแม่น้ำเจ้าพระยา เป็นทางน้ำชลประทานที่จะเรียกเก็บค่าชลประทาน พ.ศ. ๒๕๖๔,https://ratchakitcha.soc.go.th/documents/17191792.pdf,บังคับใช้,,,,27,ธันวาคม,2564,27 ธันวาคม 2564,-,กฎกระทรวง,"พระราชบัญญัติการชลประทานหลวง พุทธศักราช ๒๔๘๕ มาตรา ๘ (๑), พระราชบัญญัติการชลประทานหลวง พุทธศักราช ๒๔๘๕ มาตรา ๔๒ วรรคหนึ่ง",กรมชลประทาน (ชป.) /กระทรวงเกษตรและสหกรณ์ (กษ.),-,"เมืองชัยนาท, พยุหะคีรี, สรรพยา, สามโคก, เมืองปทุมธานี, ปากเกร็ด","ชัยนาท, นครสวรรค์, ปทุมธานี, นนทบุรี",กำหนดให้ทางน้ำชลประทานแม่น้ำเจ้าพระยาในพื้นที่บางส่วนของจังหวัดชัยนาท นครสวรรค์ ปทุมธานี และนนทบุรี เป็นทางน้ำชลประทานที่จะต้องเรียกเก็บค่าชลประทาน เพื่อให้เกิดประโยชน์จากการใช้น้ำอย่างเต็มที่,ผู้ใช้น้ำและผู้ประกอบการในพื้นที่ทางน้ำชลประทานที่กำหนด ต้องเตรียมความพร้อมเพื่อปฏิบัติตามกฎหมายและชำระค่าชลประทานตามอัตราและเงื่อนไขที่หน่วยงานราชการกำหนดเมื่อมีการเรียกเก็บ,โทษเชื่อมโยงจากกฎหมายแม่,รอเชื่อมโยง: พระราชบัญญัติการชลประทานหลวง พุทธศักราช 2485 มาตรา 8 (1) และมาตรา 42,ไม่มี,ราชกิจจานุเบกษา เล่ม 138 ตอนที่ 88 ก หน้า 1-2,"1. ระเบียบกรมชลประทานว่าด้วยการเรียกเก็บค่าชลประทาน
2. คู่มือการใช้งาน ระบบสารสนเทศเงินทุนหมุนเวียนเพื่อการชลประทานระบบการขออนุญาตใช้น้ำจากทางน้ำชลประทาน 
(สำหรับผู้ยื่นคำขออนุญาตใช้น้ำ)",https://budget.rid.go.th/fund/web/_data/docs/manual/population.pdf,ผู้ใช้น้ำจากทางน้ำชลประทานแม่น้ำเจ้าพระยา,"ใช้น้ำ, ชำระค่าชลประทาน","น้ำชลประทาน, น้ำดิบ, แหล่งน้ำ","ทางน้ำชลประทาน, ค่าชลประทาน, พระราชบัญญัติการชลประทานหลวง, แม่น้ำเจ้าพระยา","AZ1, AZ4, AZ5",-,"[AZ5]: [Rights & Admin] เป็นการจัดระเบียบพื้นที่โครงสร้างพื้นฐานทางน้ำโดยตรง ตามข้อความ ""กำหนดให้ทางน้ำชลประทานแม่น้ำเจ้าพระยา... เป็นทางน้ำชลประทานที่จะเรียกเก็บค่าชลประทาน"" 

[AZ1]: [Direct Duty] เป็นกลุ่มธุรกิจจัดหาน้ำดิบและน้ำอุตสาหกรรมที่สูบน้ำไปใช้ในพื้นที่ที่กำหนด ซึ่งจะได้รับผลกระทบต้องเสียค่าใช้จ่ายเพิ่มเติม ตามข้อความ ""เรียกเก็บค่าชลประทาน"" 

[AZ4]: [Direct Duty] เป็นกลุ่มธุรกิจผลิตประปาที่สูบน้ำไปใช้ในพื้นที่ที่กำหนด ซึ่งจะได้รับผลกระทบต้องเสียค่าใช้จ่ายเพิ่มเติม ตามข้อความ ""เรียกเก็บค่าชลประทาน""",100%,
187,100187,กฎกระทรวงกำหนดให้ทางน้ำชลประทานคลองส่งน้ำฝั่งขวา เป็นทางน้ำชลประทานที่จะเรียกเก็บค่าชลประทาน พ.ศ. ๒๕๖๔,https://ratchakitcha.soc.go.th/documents/17191793.pdf,บังคับใช้,,,,27,ธันวาคม,2564,27 ธันวาคม 2564,-,กฎกระทรวง,"พระราชบัญญัติการชลประทานหลวง พุทธศักราช ๒๔๘๕ มาตรา ๘ (๑), พระราชบัญญัติการชลประทานหลวง พุทธศักราช ๒๔๘๕ มาตรา ๔๒ วรรคหนึ่ง",กรมชลประทาน (ชป.) /กระทรวงเกษตรและสหกรณ์ (กษ.),-,"เมืองนครนายก, องครักษ์",นครนายก,กำหนดให้ทางน้ำชลประทานคลองส่งน้ำฝั่งขวาในพื้นที่บางส่วนของอำเภอเมืองนครนายกและอำเภอองครักษ์ จังหวัดนครนายก เป็นทางน้ำชลประทานที่จะต้องเรียกเก็บค่าชลประทาน เพื่อให้เกิดประโยชน์จากการใช้น้ำอย่างเต็มที่,ผู้ใช้น้ำและผู้ประกอบการในพื้นที่ทางน้ำชลประทานที่กำหนด ต้องเตรียมความพร้อมเพื่อปฏิบัติตามกฎหมายและชำระค่าชลประทานตามอัตราและเงื่อนไขที่หน่วยงานราชการกำหนดเมื่อมีการเรียกเก็บ,โทษเชื่อมโยงจากกฎหมายแม่,รอเชื่อมโยง: พระราชบัญญัติการชลประทานหลวง พุทธศักราช 2485 มาตรา 8 (1) และมาตรา 42,ไม่มี,ราชกิจจานุเบกษา เล่ม 138 ตอนที่ 88 ก หน้า 3-4,"1. ระเบียบกรมชลประทานว่าด้วยการเรียกเก็บค่าชลประทาน
2. คู่มือการใช้งาน ระบบสารสนเทศเงินทุนหมุนเวียนเพื่อการชลประทานระบบการขออนุญาตใช้น้ำจากทางน้ำชลประทาน 
(สำหรับผู้ยื่นคำขออนุญาตใช้น้ำ)",https://budget.rid.go.th/fund/web/_data/docs/manual/population.pdf,ผู้ใช้น้ำจากทางน้ำชลประทานคลองส่งน้ำฝั่งขวา,"ใช้น้ำ, ชำระค่าชลประทาน","น้ำชลประทาน, น้ำดิบ, แหล่งน้ำ","ทางน้ำชลประทาน, ค่าชลประทาน, พระราชบัญญัติการชลประทานหลวง, คลองส่งน้ำฝั่งขวา","AZ1, AZ4, AZ5",-,"[AZ5]: [Rights & Admin] เป็นการจัดระเบียบพื้นที่โครงสร้างพื้นฐานทางน้ำโดยตรง ตามข้อความ ""กำหนดให้ทางน้ำชลประทานคลองส่งน้ำฝั่งขวา... เป็นทางน้ำชลประทานที่จะเรียกเก็บค่าชลประทาน""

[AZ1]: [Direct Duty] เป็นกลุ่มธุรกิจจัดหาน้ำดิบและน้ำอุตสาหกรรมที่สูบน้ำไปใช้ ซึ่งจะได้รับผลกระทบต้องเสียค่าใช้จ่ายเพิ่มเติม ตามข้อความ ""เรียกเก็บค่าชลประทาน""

[AZ4]: [Direct Duty] เป็นกลุ่มธุรกิจผลิตประปาที่สูบน้ำไปใช้ ซึ่งจะได้รับผลกระทบต้องเสียค่าใช้จ่ายเพิ่มเติม ตามข้อความ ""เรียกเก็บค่าชลประทาน""",100%,
188,100188,กฎกระทรวงกำหนดให้ทางน้ำชลประทานแม่น้ำน้อย เป็นทางน้ำชลประทานที่จะเรียกเก็บค่าชลประทาน พ.ศ. ๒๕๖๔,https://ratchakitcha.soc.go.th/documents/17191794.pdf,บังคับใช้,,,,27,ธันวาคม,2564,27 ธันวาคม 2564,-,กฎกระทรวง,"พระราชบัญญัติการชลประทานหลวง พุทธศักราช ๒๔๘๕ มาตรา ๘ (๑), พระราชบัญญัติการชลประทานหลวง พุทธศักราช ๒๔๘๕ มาตรา ๔๒ วรรคหนึ่ง",กรมชลประทาน (ชป.) /กระทรวงเกษตรและสหกรณ์ (กษ.),-,"ผักไห่, เสนา",พระนครศรีอยุธยา,กำหนดให้ทางน้ำชลประทานแม่น้ำน้อย ตั้งแต่ประตูระบายน้ำผักไห่ อำเภอผักไห่ ถึงอำเภอเสนา จังหวัดพระนครศรีอยุธยา เป็นทางน้ำชลประทานที่จะต้องเรียกเก็บค่าชลประทาน เพื่อให้เกิดประโยชน์จากการใช้น้ำอย่างเต็มที่,ผู้ใช้น้ำและผู้ประกอบการในพื้นที่ทางน้ำชลประทานที่กำหนด ต้องเตรียมความพร้อมเพื่อปฏิบัติตามกฎหมายและชำระค่าชลประทานตามอัตราและเงื่อนไขที่หน่วยงานราชการกำหนดเมื่อมีการเรียกเก็บ,โทษเชื่อมโยงจากกฎหมายแม่,รอเชื่อมโยง: พระราชบัญญัติการชลประทานหลวง พุทธศักราช 2485 มาตรา 8 (1) และมาตรา 42,ไม่มี,ราชกิจจานุเบกษา เล่ม 138 ตอนที่ 88 ก หน้า 5-6,"1. ระเบียบกรมชลประทานว่าด้วยการเรียกเก็บค่าชลประทาน
2. คู่มือการใช้งาน ระบบสารสนเทศเงินทุนหมุนเวียนเพื่อการชลประทานระบบการขออนุญาตใช้น้ำจากทางน้ำชลประทาน 
(สำหรับผู้ยื่นคำขออนุญาตใช้น้ำ)",https://budget.rid.go.th/fund/web/_data/docs/manual/population.pdf,ผู้ใช้น้ำจากทางน้ำชลประทานแม่น้ำน้อย,"ใช้น้ำ, ชำระค่าชลประทาน","น้ำชลประทาน, น้ำดิบ, แหล่งน้ำ","ทางน้ำชลประทาน, ค่าชลประทาน, พระราชบัญญัติการชลประทานหลวง, แม่น้ำน้อย","AZ1, AZ4, AZ5",-,"[AZ5]: [Rights & Admin] เป็นการจัดระเบียบพื้นที่โครงสร้างพื้นฐานทางน้ำโดยตรง ตามข้อความ ""กำหนดให้ทางน้ำชลประทานแม่น้ำน้อย... เป็นทางน้ำชลประทานที่จะเรียกเก็บค่าชลประทาน"" 

[AZ1]: [Direct Duty] เป็นกลุ่มธุรกิจจัดหาน้ำดิบและน้ำอุตสาหกรรมที่สูบน้ำไปใช้ในพื้นที่ที่กำหนด ซึ่งจะได้รับผลกระทบต้องเสียค่าใช้จ่ายเพิ่มเติม ตามข้อความ ""เรียกเก็บค่าชลประทาน"" 

[AZ4]: [Direct Duty] เป็นกลุ่มธุรกิจผลิตประปาที่สูบน้ำไปใช้ในพื้นที่ที่กำหนด ซึ่งจะได้รับผลกระทบต้องเสียค่าใช้จ่ายเพิ่มเติม ตามข้อความ ""เรียกเก็บค่าชลประทาน""",100%,
189,100189,กฎกระทรวงกำหนดให้ทางน้ำชลประทานอ่างเก็บน้ำห้วยใหญ่ เป็นทางน้ำชลประทานที่จะเรียกเก็บค่าชลประทาน พ.ศ. ๒๕๖๔,https://ratchakitcha.soc.go.th/documents/17191795.pdf,บังคับใช้,,,,27,ธันวาคม,2564,27 ธันวาคม 2564,-,กฎกระทรวง,"พระราชบัญญัติการชลประทานหลวง พุทธศักราช ๒๔๘๕ มาตรา ๘ (๑), พระราชบัญญัติการชลประทานหลวง พุทธศักราช ๒๔๘๕ มาตรา ๔๒ วรรคหนึ่ง",กรมชลประทาน (ชป.) /กระทรวงเกษตรและสหกรณ์ (กษ.),-,โคกเจริญ,ลพบุรี,กำหนดให้ทางน้ำชลประทานอ่างเก็บน้ำห้วยใหญ่ ในพื้นที่อำเภอโคกเจริญ จังหวัดลพบุรี เป็นทางน้ำชลประทานที่จะต้องเรียกเก็บค่าชลประทาน เพื่อให้เกิดประโยชน์จากการใช้น้ำอย่างเต็มที่,ผู้ใช้น้ำและผู้ประกอบการในพื้นที่ทางน้ำชลประทานที่กำหนด ต้องเตรียมความพร้อมเพื่อปฏิบัติตามกฎหมายและชำระค่าชลประทานตามอัตราและเงื่อนไขที่หน่วยงานราชการกำหนดเมื่อมีการเรียกเก็บ,โทษเชื่อมโยงจากกฎหมายแม่,รอเชื่อมโยง: พระราชบัญญัติการชลประทานหลวง พุทธศักราช 2485 มาตรา 8 (1) และมาตรา 42,ไม่มี,ราชกิจจานุเบกษา เล่ม 138 ตอนที่ 88 ก หน้า 7-8,"1. ระเบียบกรมชลประทานว่าด้วยการเรียกเก็บค่าชลประทาน
2. คู่มือการใช้งาน ระบบสารสนเทศเงินทุนหมุนเวียนเพื่อการชลประทานระบบการขออนุญาตใช้น้ำจากทางน้ำชลประทาน 
(สำหรับผู้ยื่นคำขออนุญาตใช้น้ำ)",https://budget.rid.go.th/fund/web/_data/docs/manual/population.pdf,ผู้ใช้น้ำจากทางน้ำชลประทานอ่างเก็บน้ำห้วยใหญ่,"ใช้น้ำ, ชำระค่าชลประทาน","น้ำชลประทาน, น้ำดิบ, แหล่งน้ำ","ทางน้ำชลประทาน, ค่าชลประทาน, พระราชบัญญัติการชลประทานหลวง, อ่างเก็บน้ำห้วยใหญ่","AZ1, AZ4, AZ5",-,"[AZ5]: [Rights & Admin] เป็นการจัดระเบียบพื้นที่โครงสร้างพื้นฐานทางน้ำโดยตรง ตามข้อความ ""กำหนดให้ทางน้ำชลประทานอ่างเก็บน้ำห้วยใหญ่... เป็นทางน้ำชลประทานที่จะเรียกเก็บค่าชลประทาน"" 

[AZ1]: [Direct Duty] เป็นกลุ่มธุรกิจจัดหาน้ำดิบและน้ำอุตสาหกรรมที่สูบน้ำไปใช้ ซึ่งจะได้รับผลกระทบต้องเสียค่าใช้จ่ายเพิ่มเติม ตามข้อความ ""เรียกเก็บค่าชลประทาน"" 

[AZ4]: [Direct Duty] เป็นกลุ่มธุรกิจผลิตประปาที่สูบน้ำไปใช้ ซึ่งจะได้รับผลกระทบต้องเสียค่าใช้จ่ายเพิ่มเติม ตามข้อความ ""เรียกเก็บค่าชลประทาน""",100%,
190,100190,กฎกระทรวงกำหนดให้ทางน้ำชลประทานห้วยทับทัน เป็นทางน้ำชลประทานที่จะเรียกเก็บค่าชลประทาน พ.ศ. ๒๕๖๔,https://ratchakitcha.soc.go.th/documents/17191796.pdf,บังคับใช้,,,,27,ธันวาคม,2564,27 ธันวาคม 2564,-,กฎกระทรวง,"พระราชบัญญัติการชลประทานหลวง พุทธศักราช ๒๔๘๕ มาตรา ๘ (๑), พระราชบัญญัติการชลประทานหลวง พุทธศักราช ๒๔๘๕ มาตรา ๔๒ วรรคหนึ่ง",กรมชลประทาน (ชป.) /กระทรวงเกษตรและสหกรณ์ (กษ.),-,"รัตนบุรี, ราษีไศล, โพธิ์ศรีสุวรรณ","สุรินทร์, ศรีสะเกษ","กำหนดให้ทางน้ำชลประทานห้วยทับทัน ในพื้นที่อำเภอรัตนบุรี จังหวัดสุรินทร์, อำเภอราษีไศล จังหวัดศรีสะเกษ และอำเภอโพธิ์ศรีสุวรรณ จังหวัดศรีสะเกษ เป็นทางน้ำชลประทานที่จะต้องเรียกเก็บค่าชลประทาน เพื่อให้เกิดประโยชน์จากการใช้น้ำอย่างเต็มที่",ผู้ใช้น้ำและผู้ประกอบการในพื้นที่ทางน้ำชลประทานที่กำหนด ต้องเตรียมความพร้อมเพื่อปฏิบัติตามกฎหมายและชำระค่าชลประทานตามอัตราและเงื่อนไขที่หน่วยงานราชการกำหนดเมื่อมีการเรียกเก็บ,โทษเชื่อมโยงจากกฎหมายแม่,รอเชื่อมโยง: พระราชบัญญัติการชลประทานหลวง พุทธศักราช 2485 มาตรา 8 (1) และมาตรา 42,ไม่มี,ราชกิจจานุเบกษา เล่ม 138 ตอนที่ 88 ก หน้า 9-10,"1. ระเบียบกรมชลประทานว่าด้วยการเรียกเก็บค่าชลประทาน
2. คู่มือการใช้งาน ระบบสารสนเทศเงินทุนหมุนเวียนเพื่อการชลประทานระบบการขออนุญาตใช้น้ำจากทางน้ำชลประทาน 
(สำหรับผู้ยื่นคำขออนุญาตใช้น้ำ)",https://budget.rid.go.th/fund/web/_data/docs/manual/population.pdf,ผู้ใช้น้ำจากทางน้ำชลประทานห้วยทับทัน,"ใช้น้ำ, ชำระค่าชลประทาน","น้ำชลประทาน, น้ำดิบ, แหล่งน้ำ","ทางน้ำชลประทาน, ค่าชลประทาน, พระราชบัญญัติการชลประทานหลวง, ห้วยทับทัน","AZ1, AZ4, AZ5",-,"[AZ5]: [Rights & Admin] เป็นการจัดระเบียบพื้นที่โครงสร้างพื้นฐานทางน้ำโดยตรง ตามข้อความ ""กำหนดให้ทางน้ำชลประทานห้วยทับทัน... เป็นทางน้ำชลประทานที่จะเรียกเก็บค่าชลประทาน"" 

[AZ1]: [Direct Duty] เป็นกลุ่มธุรกิจจัดหาน้ำดิบและน้ำอุตสาหกรรมที่สูบน้ำไปใช้ ซึ่งจะได้รับผลกระทบต้องเสียค่าใช้จ่ายเพิ่มเติม ตามข้อความ ""เรียกเก็บค่าชลประทาน"" 

[AZ4]: [Direct Duty] เป็นกลุ่มธุรกิจผลิตประปาที่สูบน้ำไปใช้ ซึ่งจะได้รับผลกระทบต้องเสียค่าใช้จ่ายเพิ่มเติม ตามข้อความ ""เรียกเก็บค่าชลประทาน""",100%,
191,100191,กฎกระทรวงกำหนดให้ทางน้ำชลประทานลำเสียว เป็นทางน้ำชลประทานที่จะเรียกเก็บค่าชลประทาน พ.ศ. ๒๕๖๔,https://ratchakitcha.soc.go.th/documents/17191797.pdf,บังคับใช้,,,,27,ธันวาคม,2564,27 ธันวาคม 2564,-,กฎกระทรวง,"พระราชบัญญัติการชลประทานหลวง พุทธศักราช ๒๔๘๕ มาตรา ๘ (๑), พระราชบัญญัติการชลประทานหลวง พุทธศักราช ๒๔๘๕ มาตรา ๔๒ วรรคหนึ่ง",กรมชลประทาน (ชป.) /กระทรวงเกษตรและสหกรณ์ (กษ.),-,"ราษีไศล, ศิลาลาด",ศรีสะเกษ,กำหนดให้ทางน้ำชลประทานลำเสียว ในพื้นที่อำเภอราษีไศล และอำเภอศิลาลาด จังหวัดศรีสะเกษ เป็นทางน้ำชลประทานที่จะต้องเรียกเก็บค่าชลประทาน เพื่อให้เกิดประโยชน์จากการใช้น้ำอย่างเต็มที่,ผู้ใช้น้ำและผู้ประกอบการในพื้นที่ทางน้ำชลประทานที่กำหนด ต้องเตรียมความพร้อมเพื่อปฏิบัติตามกฎหมายและชำระค่าชลประทานตามอัตราและเงื่อนไขที่หน่วยงานราชการกำหนดเมื่อมีการเรียกเก็บ,โทษเชื่อมโยงจากกฎหมายแม่,รอเชื่อมโยง: พระราชบัญญัติการชลประทานหลวง พุทธศักราช 2485 มาตรา 8 (1) และมาตรา 42,ไม่มี,ราชกิจจานุเบกษา เล่ม 138 ตอนที่ 88 ก หน้า 11-12,"1. ระเบียบกรมชลประทานว่าด้วยการเรียกเก็บค่าชลประทาน
2. คู่มือการใช้งาน ระบบสารสนเทศเงินทุนหมุนเวียนเพื่อการชลประทานระบบการขออนุญาตใช้น้ำจากทางน้ำชลประทาน 
(สำหรับผู้ยื่นคำขออนุญาตใช้น้ำ)",https://budget.rid.go.th/fund/web/_data/docs/manual/population.pdf,ผู้ใช้น้ำจากทางน้ำชลประทานลำเสียว,"ใช้น้ำ, ชำระค่าชลประทาน","น้ำชลประทาน, น้ำดิบ, แหล่งน้ำ","ทางน้ำชลประทาน, ค่าชลประทาน, พระราชบัญญัติการชลประทานหลวง, ลำเสียว","AZ1, AZ4, AZ5",-,"[AZ5]: [Rights & Admin] เป็นการจัดระเบียบพื้นที่โครงสร้างพื้นฐานทางน้ำโดยตรง ตามข้อความ ""กำหนดให้ทางน้ำชลประทานลำเสียว... เป็นทางน้ำชลประทานที่จะเรียกเก็บค่าชลประทาน""

[AZ1]: [Direct Duty] เป็นกลุ่มธุรกิจจัดหาน้ำดิบและน้ำอุตสาหกรรมที่สูบน้ำไปใช้ ซึ่งจะได้รับผลกระทบต้องเสียค่าใช้จ่ายเพิ่มเติม ตามข้อความ ""เรียกเก็บค่าชลประทาน""

[AZ4]: [Direct Duty] เป็นกลุ่มธุรกิจผลิตประปาที่สูบน้ำไปใช้ ซึ่งจะได้รับผลกระทบต้องเสียค่าใช้จ่ายเพิ่มเติม ตามข้อความ ""เรียกเก็บค่าชลประทาน""",100%,
192,100192,กฎกระทรวงกำหนดให้ทางน้ำชลประทานห้วยน้ำเค็ม เป็นทางน้ำชลประทานที่จะเรียกเก็บค่าชลประทาน พ.ศ. ๒๕๖๔,https://ratchakitcha.soc.go.th/documents/17191798.pdf,บังคับใช้,,,,27,ธันวาคม,2564,27 ธันวาคม 2564,-,กฎกระทรวง,"พระราชบัญญัติการชลประทานหลวง พุทธศักราช ๒๔๘๕ มาตรา ๘ (๑), พระราชบัญญัติการชลประทานหลวง พุทธศักราช ๒๔๘๕ มาตรา ๔๒ วรรคหนึ่ง",กรมชลประทาน (ชป.) /กระทรวงเกษตรและสหกรณ์ (กษ.),-,"ศิลาลาด, ราษีไศล",ศรีสะเกษ,กำหนดให้ทางน้ำชลประทานห้วยน้ำเค็ม ในพื้นที่อำเภอศิลาลาดและอำเภอราษีไศล จังหวัดศรีสะเกษ เป็นทางน้ำชลประทานที่จะต้องเรียกเก็บค่าชลประทาน เพื่อให้เกิดประโยชน์จากการใช้น้ำอย่างเต็มที่,ผู้ใช้น้ำและผู้ประกอบการในพื้นที่ทางน้ำชลประทานที่กำหนด ต้องเตรียมความพร้อมเพื่อปฏิบัติตามกฎหมายและชำระค่าชลประทานตามอัตราและเงื่อนไขที่หน่วยงานราชการกำหนดเมื่อมีการเรียกเก็บ,โทษเชื่อมโยงจากกฎหมายแม่,รอเชื่อมโยง: พระราชบัญญัติการชลประทานหลวง พุทธศักราช 2485 มาตรา 8 (1) และมาตรา 42,ไม่มี,ราชกิจจานุเบกษา เล่ม 138 ตอนที่ 88 ก หน้า 13-14,"1. ระเบียบกรมชลประทานว่าด้วยการเรียกเก็บค่าชลประทาน
2. คู่มือการใช้งาน ระบบสารสนเทศเงินทุนหมุนเวียนเพื่อการชลประทานระบบการขออนุญาตใช้น้ำจากทางน้ำชลประทาน 
(สำหรับผู้ยื่นคำขออนุญาตใช้น้ำ)",https://budget.rid.go.th/fund/web/_data/docs/manual/population.pdf,ผู้ใช้น้ำจากทางน้ำชลประทานห้วยน้ำเค็ม,"ใช้น้ำ, ชำระค่าชลประทาน","น้ำชลประทาน, น้ำดิบ, แหล่งน้ำ","ทางน้ำชลประทาน, ค่าชลประทาน, พระราชบัญญัติการชลประทานหลวง, ลำเสียว, ห้วยน้ำเค็ม","AZ1, AZ4, AZ5",-,"[AZ5]: [Rights & Admin] เป็นการจัดระเบียบพื้นที่โครงสร้างพื้นฐานทางน้ำโดยตรง ตามข้อความ ""กำหนดให้ทางน้ำชลประทานลำเสียว... เป็นทางน้ำชลประทานที่จะเรียกเก็บค่าชลประทาน"" และ ""กำหนดให้ทางน้ำชลประทานห้วยน้ำเค็ม... เป็นทางน้ำชลประทานที่จะเรียกเก็บค่าชลประทาน"" 

[AZ1]: [Direct Duty] เป็นกลุ่มธุรกิจจัดหาน้ำดิบและน้ำอุตสาหกรรมที่สูบน้ำไปใช้ ซึ่งจะได้รับผลกระทบต้องเสียค่าใช้จ่ายเพิ่มเติม ตามข้อความ ""เรียกเก็บค่าชลประทาน"" 

[AZ4]: [Direct Duty] เป็นกลุ่มธุรกิจผลิตประปาที่สูบน้ำไปใช้ ซึ่งจะได้รับผลกระทบต้องเสียค่าใช้จ่ายเพิ่มเติม ตามข้อความ ""เรียกเก็บค่าชลประทาน""",100%,
193,100193,กฎกระทรวงกำหนดให้ทางน้ำชลประทานห้วยพลับพลา เป็นทางน้ำชลประทานที่จะเรียกเก็บค่าชลประทาน พ.ศ. ๒๕๖๔,https://ratchakitcha.soc.go.th/documents/17191799.pdf,บังคับใช้,,,,27,ธันวาคม,2564,27 ธันวาคม 2564,-,กฎกระทรวง,"พระราชบัญญัติการชลประทานหลวง พุทธศักราช ๒๔๘๕ มาตรา ๘ (๑), พระราชบัญญัติการชลประทานหลวง พุทธศักราช ๒๔๘๕ มาตรา ๔๒ วรรคหนึ่ง",กรมชลประทาน (ชป.) /กระทรวงเกษตรและสหกรณ์ (กษ.),-,"สุวรรณภูมิ, ท่าตูม","ร้อยเอ็ด, สุรินทร์",กำหนดให้ทางน้ำชลประทานห้วยพลับพลา ในพื้นที่อำเภอสุวรรณภูมิ จังหวัดร้อยเอ็ด และอำเภอท่าตูม จังหวัดสุรินทร์ เป็นทางน้ำชลประทานที่จะต้องเรียกเก็บค่าชลประทาน เพื่อให้เกิดประโยชน์จากการใช้น้ำอย่างเต็มที่,ผู้ใช้น้ำและผู้ประกอบการในพื้นที่ทางน้ำชลประทานที่กำหนด ต้องเตรียมความพร้อมเพื่อปฏิบัติตามกฎหมายและชำระค่าชลประทานตามอัตราและเงื่อนไขที่หน่วยงานราชการกำหนดเมื่อมีการเรียกเก็บ,โทษเชื่อมโยงจากกฎหมายแม่,รอเชื่อมโยง: พระราชบัญญัติการชลประทานหลวง พุทธศักราช 2485 มาตรา 8 (1) และมาตรา 42,ไม่มี,ราชกิจจานุเบกษา เล่ม 138 ตอนที่ 88 ก หน้า 15-16,"1. ระเบียบกรมชลประทานว่าด้วยการเรียกเก็บค่าชลประทาน
2. คู่มือการใช้งาน ระบบสารสนเทศเงินทุนหมุนเวียนเพื่อการชลประทานระบบการขออนุญาตใช้น้ำจากทางน้ำชลประทาน 
(สำหรับผู้ยื่นคำขออนุญาตใช้น้ำ)",https://budget.rid.go.th/fund/web/_data/docs/manual/population.pdf,ผู้ใช้น้ำจากทางน้ำชลประทานห้วยพลับพลา,"ใช้น้ำ, ชำระค่าชลประทาน","น้ำชลประทาน, น้ำดิบ, แหล่งน้ำ","ทางน้ำชลประทาน, ค่าชลประทาน, พระราชบัญญัติการชลประทานหลวง, ห้วยพลับพลา","AZ1, AZ4, AZ5",-,"[AZ5]: [Rights & Admin] เป็นการจัดระเบียบพื้นที่โครงสร้างพื้นฐานทางน้ำโดยตรง ตามข้อความ ""กำหนดให้ทางน้ำชลประทานห้วยพลับพลา... เป็นทางน้ำชลประทานที่จะเรียกเก็บค่าชลประทาน"" 

[AZ1]: [Direct Duty] เป็นกลุ่มธุรกิจจัดหาน้ำดิบและน้ำอุตสาหกรรมที่สูบน้ำไปใช้ ซึ่งจะได้รับผลกระทบต้องเสียค่าใช้จ่ายเพิ่มเติม ตามข้อความ ""เรียกเก็บค่าชลประทาน"" 

[AZ4]: [Direct Duty] เป็นกลุ่มธุรกิจผลิตประปาที่สูบน้ำไปใช้ ซึ่งจะได้รับผลกระทบต้องเสียค่าใช้จ่ายเพิ่มเติม ตามข้อความ ""เรียกเก็บค่าชลประทาน""",100%,
194,100194,กฎกระทรวงกำหนดให้ทางน้ำชลประทานคลองตรอน เป็นทางน้ำชลประทานที่จะเรียกเก็บค่าชลประทาน พ.ศ. ๒๕๖๔,https://ratchakitcha.soc.go.th/documents/17191800.pdf,บังคับใช้,,,,27,ธันวาคม,2564,27 ธันวาคม 2564,-,กฎกระทรวง,"พระราชบัญญัติการชลประทานหลวง พุทธศักราช ๒๔๘๕ มาตรา ๘ (๑), พระราชบัญญัติการชลประทานหลวง พุทธศักราช ๒๔๘๕ มาตรา ๔๒ วรรคหนึ่ง",กรมชลประทาน (ชป.) /กระทรวงเกษตรและสหกรณ์ (กษ.),-,น้ำปาด,อุตรดิตถ์,กำหนดให้ทางน้ำชลประทานคลองตรอน ในพื้นที่อำเภอน้ำปาด จังหวัดอุตรดิตถ์ เป็นทางน้ำชลประทานที่จะต้องเรียกเก็บค่าชลประทาน เพื่อให้เกิดประโยชน์จากการใช้น้ำอย่างเต็มที่,ผู้ใช้น้ำและผู้ประกอบการในพื้นที่ทางน้ำชลประทานที่กำหนด ต้องเตรียมความพร้อมเพื่อปฏิบัติตามกฎหมายและชำระค่าชลประทานตามอัตราและเงื่อนไขที่หน่วยงานราชการกำหนดเมื่อมีการเรียกเก็บ,โทษเชื่อมโยงจากกฎหมายแม่,รอเชื่อมโยง: พระราชบัญญัติการชลประทานหลวง พุทธศักราช 2485 มาตรา 8 (1) และมาตรา 42,ไม่มี,ราชกิจจานุเบกษา เล่ม 138 ตอนที่ 88 ก หน้า 17-18,"1. ระเบียบกรมชลประทานว่าด้วยการเรียกเก็บค่าชลประทาน
2. คู่มือการใช้งาน ระบบสารสนเทศเงินทุนหมุนเวียนเพื่อการชลประทานระบบการขออนุญาตใช้น้ำจากทางน้ำชลประทาน 
(สำหรับผู้ยื่นคำขออนุญาตใช้น้ำ)",https://budget.rid.go.th/fund/web/_data/docs/manual/population.pdf,ผู้ใช้น้ำจากทางน้ำชลประทานคลองตรอน,"ใช้น้ำ, ชำระค่าชลประทาน","น้ำชลประทาน, น้ำดิบ, แหล่งน้ำ","ทางน้ำชลประทาน, ค่าชลประทาน, พระราชบัญญัติการชลประทานหลวง, คลองตรอน","AZ1, AZ4, AZ5",-,"[AZ5]: [Rights & Admin] เป็นการจัดระเบียบพื้นที่โครงสร้างพื้นฐานทางน้ำโดยตรง ตามข้อความ ""กำหนดให้ทางน้ำชลประทานคลองตรอน... เป็นทางน้ำชลประทานที่จะเรียกเก็บค่าชลประทาน"" 

[AZ1]: [Direct Duty] เป็นกลุ่มธุรกิจจัดหาน้ำดิบและน้ำอุตสาหกรรมที่สูบน้ำไปใช้ ซึ่งจะได้รับผลกระทบต้องเสียค่าใช้จ่ายเพิ่มเติม ตามข้อความ ""เรียกเก็บค่าชลประทาน"" 

[AZ4]: [Direct Duty] เป็นกลุ่มธุรกิจผลิตประปาที่สูบน้ำไปใช้ ซึ่งจะได้รับผลกระทบต้องเสียค่าใช้จ่ายเพิ่มเติม ตามข้อความ ""เรียกเก็บค่าชลประทาน""",100%,
195,100195,กฎกระทรวงกำหนดให้ทางน้ำชลประทานอ่างเก็บน้ำห้วยน้ำเที่ยง เป็นทางน้ำชลประทานที่จะเรียกเก็บค่าชลประทาน พ.ศ. ๒๕๖๔,https://ratchakitcha.soc.go.th/documents/17191801.pdf,บังคับใช้,,,,27,ธันวาคม,2564,27 ธันวาคม 2564,-,กฎกระทรวง,"พระราชบัญญัติการชลประทานหลวง พุทธศักราช ๒๔๘๕ มาตรา ๘ (๑), พระราชบัญญัติการชลประทานหลวง พุทธศักราช ๒๔๘๕ มาตรา ๔๒ วรรคหนึ่ง",กรมชลประทาน (ชป.) /กระทรวงเกษตรและสหกรณ์ (กษ.),-,เพ็ญ,อุดรธานี,กำหนดให้ทางน้ำชลประทานอ่างเก็บน้ำห้วยน้ำเที่ยง ในพื้นที่อำเภอเพ็ญ จังหวัดอุดรธานี เป็นทางน้ำชลประทานที่จะต้องเรียกเก็บค่าชลประทาน เพื่อให้เกิดประโยชน์จากการใช้น้ำอย่างเต็มที่,ผู้ใช้น้ำและผู้ประกอบการในพื้นที่ทางน้ำชลประทานที่กำหนด ต้องเตรียมความพร้อมเพื่อปฏิบัติตามกฎหมายและชำระค่าชลประทานตามอัตราและเงื่อนไขที่หน่วยงานราชการกำหนดเมื่อมีการเรียกเก็บ,โทษเชื่อมโยงจากกฎหมายแม่,รอเชื่อมโยง: พระราชบัญญัติการชลประทานหลวง พุทธศักราช 2485 มาตรา 8 (1) และมาตรา 42,ไม่มี,ราชกิจจานุเบกษา เล่ม 138 ตอนที่ 88 ก หน้า 19-20,"1. ระเบียบกรมชลประทานว่าด้วยการเรียกเก็บค่าชลประทาน
2. คู่มือการใช้งาน ระบบสารสนเทศเงินทุนหมุนเวียนเพื่อการชลประทานระบบการขออนุญาตใช้น้ำจากทางน้ำชลประทาน 
(สำหรับผู้ยื่นคำขออนุญาตใช้น้ำ)",https://budget.rid.go.th/fund/web/_data/docs/manual/population.pdf,ผู้ใช้น้ำจากทางน้ำชลประทานอ่างเก็บน้ำห้วยน้ำเที่ยง,"ใช้น้ำ, ชำระค่าชลประทาน","น้ำชลประทาน, น้ำดิบ, แหล่งน้ำ","ทางน้ำชลประทาน, ค่าชลประทาน, พระราชบัญญัติการชลประทานหลวง, อ่างเก็บน้ำห้วยน้ำเที่ยง","AZ1, AZ4, AZ5",-,"[AZ5]: [Rights & Admin] เป็นการจัดระเบียบพื้นที่โครงสร้างพื้นฐานทางน้ำโดยตรง ตามข้อความ ""กำหนดให้ทางน้ำชลประทานอ่างเก็บน้ำห้วยน้ำเที่ยง... เป็นทางน้ำชลประทานที่จะเรียกเก็บค่าชลประทาน"" 

[AZ1]: [Direct Duty] เป็นกลุ่มธุรกิจจัดหาน้ำดิบและน้ำอุตสาหกรรมที่สูบน้ำไปใช้ ซึ่งจะได้รับผลกระทบต้องเสียค่าใช้จ่ายเพิ่มเติม ตามข้อความ ""เรียกเก็บค่าชลประทาน"" 

[AZ4]: [Direct Duty] เป็นกลุ่มธุรกิจผลิตประปาที่สูบน้ำไปใช้ ซึ่งจะได้รับผลกระทบต้องเสียค่าใช้จ่ายเพิ่มเติม ตามข้อความ ""เรียกเก็บค่าชลประทาน""",100%,
196,100196,กฎกระทรวงยกเว้นค่าธรรมเนียมการใช้ยานยนตร์บนทางหลวงพิเศษหมายเลข ๗ และทางหลวงพิเศษหมายเลข ๙ ภายในระยะเวลาที่กำหนด (ฉบับที่ ๒) พ.ศ. ๒๕๖๔,https://ratchakitcha.soc.go.th/documents/17191802.pdf,สิ้นผล,,,,27,ธันวาคม,2564,30 ธันวาคม 2564,3 มกราคม 2565,กฎกระทรวง,พระราชบัญญัติกำหนดค่าธรรมเนียมการใช้ยานยนตร์บนทางหลวงและสะพาน พ.ศ. ๒๔๙๗ มาตรา ๓,กรมทางหลวง (คค.),-,-,-,ยกเว้นการจัดเก็บค่าธรรมเนียมการใช้ยานยนตร์บนทางหลวงพิเศษหมายเลข 7 และหมายเลข 9 เพื่ออำนวยความสะดวกในการเดินทาง ลดการจราจรติดขัด และลดภาระค่าใช้จ่ายของประชาชนในช่วงเทศกาลปีใหม่ พ.ศ. 2565,ประชาชนและผู้ประกอบการขนส่งสามารถใช้ทางหลวงพิเศษหมายเลข 7 และหมายเลข 9 ได้โดยไม่ต้องชำระค่าธรรมเนียมในช่วงเวลาที่กำหนด (ปัจจุบันกฎหมายฉบับนี้สิ้นผลบังคับใช้ตามระยะเวลาที่กำหนดแล้ว),🟡 เหลือง,ได้รับยกเว้นโทษ,ไม่มี,ราชกิจจานุเบกษา เล่ม 138 ตอนที่ 88 ก หน้า 21-23,,,ผู้ใช้ยานยนต์บนทางหลวงพิเศษหมายเลข 7 และ 9 ในช่วงเวลาที่กำหนด,"ยกเว้นค่าธรรมเนียม, ใช้ยานยนตร์","ยานยนตร์, ทางหลวงพิเศษ","ยกเว้นค่าธรรมเนียมการใช้ยานยนตร์, ทางหลวงพิเศษหมายเลข ๗, ทางหลวงพิเศษหมายเลข ๙","BD1, BC3, BC5",-,"[BD1]: [Direct Duty] ผู้รับสัมปทานและหน่วยงานบริหารจัดการทางพิเศษต้องงดเว้นการจัดเก็บค่าธรรมเนียมตามวันและเวลาที่กฎหมายกำหนด ตามข้อ (๑) และ (๒) 

[BC3]: [Rights & Admin] ธุรกิจขนส่งสินค้าและท่อลำเลียงที่ใช้งานยานยนต์ได้รับสิทธิประโยชน์ในการยกเว้นค่าธรรมเนียมเมื่อใช้ทางหลวงพิเศษหมายเลข ๗ และ ๙ ตามข้อ (๑) และ (๒) 

[BC5]: [Rights & Admin] ธุรกิจรถรับจ้างและขนส่งผู้โดยสารได้รับสิทธิประโยชน์ในการยกเว้นค่าธรรมเนียมเมื่อใช้ทางหลวงพิเศษหมายเลข ๗ และ ๙ ตามข้อ (๑) และ (๒)",100%,ประกาศนี้เป็นการยกเว้นค่าธรรมเนียมการใช้ยานยนต์บนทางหลวงพิเศษชั่วคราว ตั้งแต่วันที่ ๓๐ ธันวาคม ๒๕๖๔ ถึง ๓ มกราคม ๒๕๖๕ เพื่ออำนวยความสะดวกในการเดินทางช่วงเทศกาลปีใหม่ ลดปัญหาการจราจรติดขัด และแบ่งเบาภาระค่าใช้จ่ายของประชาชน
197,100197,ระเบียบคณะกรรมการกำกับกิจการพลังงาน ว่าด้วยรถของสำนักงานคณะกรรมการกำกับกิจการพลังงาน พ.ศ. ๒๕๖๔,https://ratchakitcha.soc.go.th/documents/17193203.pdf,บังคับใช้,,ระเบียบสำนักงานคณะกรรมการกำกับกิจการพลังงาน ว่าด้วยการใช้รถของสำนักงาน พ.ศ. ๒๕๖๐,,27,ธันวาคม,2564,1 ตุลาคม 2564,-,ระเบียบ,"พระราชบัญญัติการประกอบกิจการพลังงาน พ.ศ. ๒๕๕๐ มาตรา ๓๓ (๒), พระราชบัญญัติการประกอบกิจการพลังงาน พ.ศ. ๒๕๕๐ มาตรา ๓๓ (๙)",สำนักงานคณะกรรมการกำกับกิจการพลังงาน (สำนักงาน กกพ.),-,-,-,กำหนดหลักเกณฑ์การจัดหา การใช้ การเก็บรักษา ซ่อมบำรุง และการเบิกจ่ายค่าเชื้อเพลิง สำหรับรถส่วนกลางและรถประจำตำแหน่งของสำนักงานคณะกรรมการกำกับกิจการพลังงาน,เจ้าหน้าที่และพนักงานของสำนักงาน กกพ. ที่เกี่ยวข้องกับการใช้รถส่วนกลางหรือรถประจำตำแหน่ง ต้องปฏิบัติตามระเบียบนี้อย่างเคร่งครัด ทั้งในเรื่องการขออนุญาตใช้รถ การเก็บรักษารถ การเบิกจ่ายเงินชดเชยค่าเชื้อเพลิง และหน้าที่ของพนักงานขับรถ,🟠 ส้ม,โทษทางปกครอง / โทษทางแพ่ง,ไม่มี,ราชกิจจานุเบกษา เล่ม 138 ตอนพิเศษ 316 ง หน้า 1-8,"ใบขออนุญาตใช้รถยนต์ (เอกสารหมายเลข 1), บันทึกการใช้รถ (เอกสารหมายเลข 2), สมุดแสดงรายละเอียดการซ่อมบำรุง (เอกสารหมายเลข 3), แบบรายงานกรณีรถยนต์สูญหาย หรือเสียหาย (เอกสารหมายเลข 4)",,พนักงานและลูกจ้าง สำนักงานคณะกรรมการกำกับกิจการพลังงาน (สำนักงาน กกพ.),"จัดหารถยนต์, ใช้งานรถส่วนกลาง, จ่ายค่าตอบแทนเหมาจ่าย, เบิกจ่ายค่าเชื้อเพลิง, ซ่อมบำรุงรักษารถ","รถส่วนกลาง, รถประจำตำแหน่ง, รถรับจ้าง, น้ำมันเชื้อเพลิง, ประกันภัยรถยนต์","ระเบียบสำนักงาน กกพ., รถราชการ, จัดซื้อจัดจ้างภาครัฐ, สวัสดิการพนักงาน, ความผิดวินัยร้ายแรง","BO7, AL2","CC32, BY1, CC6","[BO7]: [Service Opportunity] ธุรกิจให้เช่ารถยนต์และลีสซิ่งมีโอกาสให้บริการแก่สำนักงาน กกพ. เนื่องจากระเบียบกำหนดให้การจัดหารถประจำตำแหน่งต้องทำโดยวิธีการเช่า และรถส่วนกลางอาจใช้วิธีการเช่าได้ (ข้อ ๙) 

[AL2]: [Service Opportunity] ธุรกิจประกันภัยวินาศภัยได้ประโยชน์จากการที่ฝ่ายบริหารยานพาหนะของสำนักงาน กกพ. มีหน้าที่ต้องจัดให้มีการประกันภัยสำหรับรถที่เป็นกรรมสิทธิ์ของสำนักงาน (ข้อ ๓๕ (๒)) 

[CC32]: [Direct Duty] สำนักงานคณะกรรมการกำกับกิจการพลังงาน (กกพ.) ผู้บริหาร และพนักงานในสังกัด เป็นผู้ถูกบังคับใช้หลักที่ต้องปฏิบัติตามระเบียบการใช้รถ การจัดหา และการเบิกจ่ายงบประมาณนี้อย่างเคร่งครัด (ข้อ ๔ - ๓๘) 

[BY1]: [Direct Duty] เจ้าหน้าที่ฝ่ายพัสดุและผู้บริหารจัดการยานพาหนะต้องดำเนินการจัดหารถส่วนกลางและรถประจำตำแหน่งให้เป็นไปตามกฎหมายว่าด้วยการจัดซื้อจัดจ้างและการบริหารพัสดุภาครัฐ (ข้อ ๙) 

[CC6]: [Rights & Admin] พนักงานและบุคลากรของสำนักงาน กกพ. ได้รับสิทธิสวัสดิการในการใช้รถและเงินชดเชยค่าเชื้อเพลิง แต่มีหน้าที่ต้องปฏิบัติตามระเบียบวินัย หากนำรถส่วนกลางไปใช้ส่วนตัวถือเป็นความผิดวินัยอย่างร้ายแรง (ข้อ ๑๘, ๓๑-๓๒)",100%,ระเบียบนี้ยกเลิกระเบียบสำนักงานคณะกรรมการกำกับกิจการพลังงาน ว่าด้วยการใช้รถของสำนักงาน พ.ศ. ๒๕๖๐ (ข้อ ๓) โดยมีบทเฉพาะกาลให้ผู้ที่ใช้สัญญาเช่ารถเดิมใช้ต่อไปได้จนกว่าจะครบกำหนด (ข้อ ๓๗-๓๘)
198,100198,ระเบียบ ก.ค.ศ. ว่าด้วยระบบทะเบียนประวัติข้าราชการครูและบุคลากรทางการศึกษาอิเล็กทรอนิกส์ พ.ศ. ๒๕๖๔,https://ratchakitcha.soc.go.th/documents/17191404.pdf,บังคับใช้,,ระเบียบ ก.ค.ศ. ว่าด้วยระบบทะเบียนประวัติข้าราชการครูและบุคลากรทางการศึกษา พ.ศ. ๒๕๕๕,,21,ธันวาคม,2564,22 มีนาคม 2565,-,ระเบียบ,"พระราชบัญญัติระเบียบข้าราชการครูและบุคลากรทางการศึกษา พ.ศ. ๒๕๔๗ มาตรา ๑๙ (๔), พระราชบัญญัติระเบียบข้าราชการครูและบุคลากรทางการศึกษา พ.ศ. ๒๕๔๗ มาตรา ๑๙ (๑๗)",สำนักงานคณะกรรมการข้าราชการครูและบุคลากรทางการศึกษา (สำนักงาน ก.ค.ศ.),-,-,-,กำหนดหลักเกณฑ์และวิธีการจัดทำระบบทะเบียนประวัติอิเล็กทรอนิกส์สำหรับข้าราชการครูและบุคลากรทางการศึกษา เพื่อใช้ในการบริหารงานบุคคลอย่างมีประสิทธิภาพ,ข้าราชการครูและบุคลากรทางการศึกษาต้องบันทึกประวัติของตนเองในระบบอิเล็กทรอนิกส์ให้ถูกต้องครบถ้วน พร้อมแนบไฟล์เอกสารหลักฐานที่เกี่ยวข้อง และลงลายมือชื่ออิเล็กทรอนิกส์ ภายใน 15 วันนับแต่วันที่ได้รับการบรรจุและแต่งตั้ง,🔵 ฟ้า,ระเบียบภาครัฐ,ไม่มี,ราชกิจจานุเบกษา เล่ม 138 ตอนพิเศษ 312 ง หน้า 1-6,"คู่มือการใช้งานระบบทะเบียนประวัติข้าราชการครูและบุคลากรทางการศึกษาอิเล็กทรอนิกส์, แนวทางการปฏิบัติของสำนักงาน ก.ค.ศ.",,"ข้าราชการครูและบุคลากรทางการศึกษา, สำนักงานเขตพื้นที่การศึกษา, ส่วนราชการที่เกี่ยวข้อง","จัดทำทะเบียนประวัติ, ควบคุมการเข้าใช้งาน, บันทึกข้อมูล, รักษาความลับ","ระบบทะเบียนประวัติอิเล็กทรอนิกส์ (ก.ค.ศ. ๑๖), ข้อมูลส่วนบุคคล, ลายมือชื่ออิเล็กทรอนิกส์","ข้าราชการครูและบุคลากรทางการศึกษา, ระบบทะเบียนประวัติอิเล็กทรอนิกส์, ข้อมูลชั้นลับ, ข้อมูลข่าวสารของราชการ",AM20,,"[AM20]: [Direct Duty] สถานศึกษาของรัฐและสำนักงานเขตพื้นที่การศึกษาต้องมอบหมายข้าราชการทำหน้าที่ควบคุมและจัดทำทะเบียนประวัติอิเล็กทรอนิกส์ของข้าราชการครูในสังกัด (ข้อ ๗, ๒๕)",100%,ยกเลิกระเบียบ ก.ค.ศ. ว่าด้วยระบบทะเบียนประวัติข้าราชการครูและบุคลากรทางการศึกษา พ.ศ. ๒๕๕๕ (ข้อ ๓)
199,100199,กฎกระทรวงกำหนดข้อความโฆษณาสินค้าหรือบริการที่เป็นการไม่เป็นธรรมต่อผู้บริโภคหรือที่อาจก่อให้เกิดผลเสียต่อสังคมเป็นส่วนรวม พ.ศ. ๒๕๖๔,https://ratchakitcha.soc.go.th/documents/17191153.pdf,บังคับใช้,,"กฎกระทรวง ฉบับที่ ๓ (พ.ศ. ๒๕๖๖), กฎกระทรวง ฉบับที่ ๔ (พ.ศ. ๒๕๒๘), กฎกระทรวง ฉบับที่ ๕ (พ.ศ. ๒๕๓๔), กฎกระทรวง ฉบับที่ ๖ (พ.ศ. ๒๕๓๘), กฎกระทรวง ฉบับที่ ๗ (พ.ศ. ๒๕๓๘) ออกตามความในพระราชบัญญัติคุ้มครองผู้บริโภค พ.ศ. ๒๕๖๒",,20,ธันวาคม,2564,20 ธันวาคม 2564,-,กฎกระทรวง,"พระราชบัญญัติคุ้มครองผู้บริโภค พ.ศ. ๒๕๒๒ มาตรา ๒๒ วรรคหนึ่ง, พระราชบัญญัติคุ้มครองผู้บริโภค พ.ศ. ๒๕๒๒ มาตรา ๒๒ วรรคสอง (๕)",สำนักงานคณะกรรมการคุ้มครองผู้บริโภค (สคบ.),-,-,-,กำหนดลักษณะของข้อความโฆษณาสินค้าหรือบริการที่ถือว่าไม่เป็นธรรมต่อผู้บริโภคหรืออาจเกิดผลเสียต่อสังคม เช่น ห้ามอ้างอิงสถาบันพระมหากษัตริย์โดยไม่ได้รับอนุญาต การโฆษณาชิงโชคหรือของแถมต้องระบุรายละเอียดและเงื่อนไขให้ชัดเจน และการโฆษณาขายอาคารชุดหรือที่ดินจัดสรรต้องระบุข้อมูลโครงการให้ครบถ้วน,ผู้ประกอบธุรกิจต้องจัดทำข้อความโฆษณาให้ถูกต้องตามกฎหมาย โดยต้องแสดงรายละเอียดเงื่อนไข สิทธิประโยชน์ หรือข้อมูลสำคัญของสินค้าและบริการให้ชัดเจนครบถ้วน ห้ามใช้ข้อความที่อ้างอิงสถาบันฯ โดยไม่ได้รับอนุญาต และต้องขออนุญาตจากเจ้าพนักงานก่อนจัดกิจกรรมส่งเสริมการขายประเภทชิงโชคหรือเสี่ยงรางวัล,โทษเชื่อมโยงจากกฎหมายแม่,รอเชื่อมโยง: พระราชบัญญัติคุ้มครองผู้บริโภค พ.ศ. 2522 มาตรา 5 และ 22,ใบอนุญาตจัดให้มีการเล่นแถมพกหรือรางวัลด้วยการเสี่ยงโชค (ตามกฎหมายว่าด้วยการพนัน),ราชกิจจานุเบกษา เล่ม 138 ตอนที่ 87 ก หน้า 1-9,"คู่มือการโฆษณาอสังหาริมทรัพย์ (สคบ.), แนวทางปฏิบัติการจัดกิจกรรมส่งเสริมการขายด้วยการเสี่ยงโชค",,ผู้ประกอบธุรกิจที่ทำการโฆษณาสินค้าหรือบริการ (โดยเฉพาะอสังหาริมทรัพย์ อาคารชุด ที่ดินจัดสรร และผู้จัดกิจกรรมส่งเสริมการขายด้วยการเสี่ยงโชคหรือให้ของแถม),"โฆษณา, แถมพก, ชิงรางวัล, เสี่ยงโชค, ขายห้องชุด, ขายที่ดิน","สินค้า, บริการ, อาคารชุด, ที่ดินจัดสรร, ของแถม, ป้ายโฆษณา, สื่อสิ่งพิมพ์, สื่ออิเล็กทรอนิกส์","คุ้มครองผู้บริโภค, โฆษณาไม่เป็นธรรม, สคบ., ข้อความโฆษณา, ชิงโชค","AF1, AF2, AF3, AI3, AI4, AI6, AW3, AB1, AB3, P7
","BM1, BM3, BM4, BN2, BO3, BO6","[AF1]: [Direct Duty] ผู้พัฒนาและจัดสรรที่ดินมีหน้าที่ต้องระบุข้อมูลใบอนุญาตและการประเมินผลกระทบสิ่งแวดล้อมให้ชัดเจนในสื่อโฆษณา (ข้อ 8-10)

[AF2]: [Direct Duty] นิติบุคคลบริหารอสังหาฯ ที่โฆษณาขายหรือให้เช่าห้องชุดต้องระบุเงื่อนไขให้ครบถ้วน (ข้อ 8-10)

[AF3]: [Direct Duty] นายหน้าและตัวแทนขายอสังหาฯ ต้องให้ข้อมูลโฆษณาและภาระผูกพันให้ครบถ้วน (ข้อ 8-10)

[AW3]: [Direct Duty] ธุรกิจที่จัดกิจกรรมชิงโชคต้องได้รับอนุญาตตามกฎหมายการพนันและประกาศเงื่อนไขให้ชัดเจน (ข้อ 5-6)

[AI3]: [Rights & Admin] สถานีโทรทัศน์ต้องออกอากาศโฆษณาโดยแสดงข้อความตามระยะเวลาทั้งภาพและเสียง (ข้อ 6, 8-10)

[AI4]: [Rights & Admin] สถานีวิทยุกระจายเสียงต้องปฏิบัติตามเงื่อนไขการแจ้งระยะเวลาและรายละเอียดการโฆษณา (ข้อ 6, 8-10)

[AI6]: [Rights & Admin] สื่อสิ่งพิมพ์ต้องตีพิมพ์ข้อความโฆษณาขายที่ดิน/อาคารชุดขนาดความสูงไม่เล็กกว่า 2 มม. (ข้อ 11)

[BM1]: [Service Opportunity] เอเจนซี่และที่ปรึกษาต้องออกแบบสื่อโฆษณาให้ถูกต้องตามกฎกระทรวงนี้ (ข้อ 11)

[BM3]: [Service Opportunity] ผู้ผลิตสื่อโฆษณามีหน้าที่ออกแบบข้อความและเสียงให้สอดคล้องกับมาตรฐาน (ข้อ 6-11)

[BM4]: [Direct Duty] ผู้ให้เช่าป้ายโฆษณาต้องจัดทำตัวหนังสือบังคับขนาดไม่เล็กกว่า 1 ใน 3 ของขนาดสูงสุดที่ใช้ (ข้อ 11)

[BN2]: [Rights & Admin] สื่ออิเล็กทรอนิกส์ต้องระบุรายละเอียดข้อมูลที่ดินและแผนผังอย่างครบถ้วน (ข้อ 8-10)

[BO3]: [Direct Duty] กฎหมายกำหนดมาตรฐานคุ้มครองผู้บริโภคทั่วไป บังคับการโฆษณาให้ของแถมต้องระบุมูลค่าและเงื่อนไข (ข้อ 7)

[BO6]: [Direct Duty] มาตรฐานคุ้มครองผู้บริโภคสำหรับอสังหาริมทรัพย์ ห้ามปกปิดภาระผูกพันหรือข้อมูลสำคัญ (ข้อ 8-10)

[AB1], [AB3]: [Direct Duty] ร้านค้าปลีกและห้างสรรพสินค้าที่จัดแคมเปญชิงโชค/ของแถม ต้องระบุเงื่อนไขและมูลค่าให้ชัดเจน (ข้อ 5-7)

[P7]: [Service Opportunity] โรงพิมพ์ ต้องพิมพ์สื่อโฆษณาด้วยขนาดตัวอักษรไม่เล็กกว่า 2 มม. (ข้อ 11)",100%,"ยกเลิกกฎกระทรวง ฉบับที่ 3, 4, 5, 6, 7 (พ.ศ. 2526 - 2538) ตามข้อ 1


"
200,100200,กฎกระทรวงกำหนดคุณสมบัติของผู้ซึ่งจะได้รับการแต่งตั้งเป็นพนักงานเจ้าหน้าที่ พ.ศ. ๒๕๖๔,https://ratchakitcha.soc.go.th/documents/17191155.pdf,บังคับใช้,,กฎกระทรวงกำหนดคุณสมบัติของผู้ที่จะได้รับการแต่งตั้งเป็นพนักงานเจ้าหน้าที่ พ.ศ. ๒๕๕๒,,20,ธันวาคม,2564,20 ธันวาคม 2564,-,กฎกระทรวง,"พระราชบัญญัติป้องกันและปราบปรามการค้ามนุษย์ พ.ศ. ๒๕๕๑ มาตรา ๔, พระราชบัญญัติป้องกันและปราบปรามการค้ามนุษย์ พ.ศ. ๒๕๕๑ มาตรา ๕ วรรคสอง",กระทรวงการพัฒนาสังคมและความมั่นคงของมนุษย์ (พม.),-,-,-,กำหนดคุณสมบัติของข้าราชการที่จะได้รับการแต่งตั้งเป็นพนักงานเจ้าหน้าที่เพื่อปฏิบัติหน้าที่ตามกฎหมายป้องกันและปราบปรามการค้ามนุษย์ โดยต้องมีตำแหน่งไม่ต่ำกว่าระดับปฏิบัติการ/ชำนาญงาน มีประสบการณ์เกี่ยวข้องอย่างน้อย 1 ปี และผ่านการอบรมตามหลักสูตรที่กำหนด,ผู้ที่เกี่ยวข้องหรือหน่วยงานราชการต้องตรวจสอบคุณสมบัติและปฏิบัติตามหลักเกณฑ์การแต่งตั้งพนักงานเจ้าหน้าที่ให้ถูกต้องตามกฎหมาย,⚪️ เทา,-,ไม่มี,ราชกิจจานุเบกษา เล่ม 138 ตอนที่ 87 ก หน้า 12-14,-,,ข้าราชการสังกัดกระทรวงการพัฒนาสังคมและความมั่นคงของมนุษย์ และกระทรวงแรงงาน,"แต่งตั้งพนักงานเจ้าหน้าที่, ปฏิบัติการป้องกันและปราบปรามการค้ามนุษย์, ตรวจแรงงาน, คุ้มครองสวัสดิภาพสังคม","ข้าราชการพลเรือน, พนักงานเจ้าหน้าที่","ป้องกันและปราบปรามการค้ามนุษย์, คุณสมบัติพนักงานเจ้าหน้าที่, กระทรวงแรงงาน, กระทรวงการพัฒนาสังคมและความมั่นคงของมนุษย์",-,"CC6, CC17","[CC6]: [Direct Duty] ข้าราชการพลเรือนสามัญในสังกัดกระทรวงที่เกี่ยวข้อง ต้องมีคุณสมบัติตามระดับตำแหน่ง ประสบการณ์ และผ่านการอบรม จึงจะได้รับการแต่งตั้งเป็นพนักงานเจ้าหน้าที่ได้ (ข้อ ๒) 

[CC17]: [Rights & Admin] เป็นการกำหนดโครงสร้างอำนาจหน้าที่และการบริหารงานของหัวหน้าส่วนราชการในกระทรวงแรงงานและกระทรวง พม. ในการแต่งตั้งบุคลากรเพื่อบังคับใช้กฎหมายค้ามนุษย์ (ข้อ ๒)",100%,ให้ยกเลิกกฎกระทรวงกำหนดคุณสมบัติของผู้ที่จะได้รับการแต่งตั้งเป็นพนักงานเจ้าหน้าที่ พ.ศ. ๒๕๕๒ (ข้อ ๑) โดยมีบทเฉพาะกาลให้เจ้าหน้าที่เดิมปฏิบัติหน้าที่ต่อไปได้ (ข้อ ๓)
201,100201,กฎกระทรวงกำหนดให้ทางน้ำชลประทานในเขตโครงการส่งน้ำและบำรุงรักษาแควน้อยบำรุงแดน เป็นทางน้ำชลประทานที่จะเรียกเก็บค่าชลประทาน พ.ศ. ๒๕๖๔,https://ratchakitcha.soc.go.th/documents/17191156.pdf,บังคับใช้,,,,20,ธันวาคม,2564,20 ธันวาคม 2564,-,กฎกระทรวง,"พระราชบัญญัติการชลประทานหลวง พุทธศักราช 2485 มาตรา 8 (1), พระราชบัญญัติการชลประทานหลวง พุทธศักราช 2485 มาตรา 42 วรรคหนึ่ง","{""suggested_new_agency"": ""กระทรวงเกษตรและสหกรณ์""}",-,"อำเภอวัดโบสถ์, อำเภอเมืองพิษณุโลก",จังหวัดพิษณุโลก,กำหนดให้ทางน้ำชลประทานในเขตโครงการส่งน้ำและบำรุงรักษาแควน้อยบำรุงแดน (ช่วงแม่น้ำแควน้อย เขื่อนทดน้ำพญาแมน และฝายมะขามสูง) เป็นทางน้ำชลประทานที่จะต้องมีการเรียกเก็บค่าชลประทาน,ผู้ประกอบการและภาคเอกชนที่มีการใช้น้ำจากทางน้ำชลประทานในพื้นที่ที่กำหนด ต้องเตรียมความพร้อมในการขึ้นทะเบียนผู้ใช้น้ำและชำระค่าชลประทานตามอัตราที่กฎหมายหรือหน่วยงานที่เกี่ยวข้องกำหนด,โทษเชื่อมโยงจากกฎหมายแม่,รอเชื่อมโยง: พระราชบัญญัติการชลประทานหลวง พุทธศักราช 2485 มาตรา 8 (1) และมาตรา 42,ไม่มี,ราชกิจจานุเบกษา เล่ม 138 ตอนที่ 87 ก หน้า 15,-,,"เกษตรกร ผู้ประกอบการ และประชาชนผู้ใช้น้ำจากทางน้ำชลประทานในเขตโครงการส่งน้ำและบำรุงรักษาแควน้อยบำรุงแดน (แม่น้ำแควน้อย, เขื่อนทดน้ำพญาแมน, ฝายมะขามสูง พื้นที่จังหวัดพิษณุโลก)","กำหนดเขตทางน้ำ, เรียกเก็บค่าธรรมเนียม, สูบน้ำ, ใช้น้ำชลประทาน","ทางน้ำชลประทาน, แหล่งน้ำสาธารณะ, น้ำดิบ, เขื่อนทดน้ำ, ฝาย","ค่าชลประทาน, พระราชบัญญัติการชลประทานหลวง","AZ1, AZ4, AZ5",-,"1) ผู้ถูกบังคับใช้หลัก: ผู้ใช้น้ำและธุรกิจที่ดึงน้ำจากเขตพื้นที่ชลประทานที่ประกาศ (Umbrella Term: ผู้ใช้น้ำจากทางน้ำชลประทาน)

2) ผู้ให้บริการใน Ecosystem: -

3) ผู้รับผลกระทบสืบเนื่อง: โรงงานอุตสาหกรรม และกิจการประปา ในเขตอำเภอวัดโบสถ์และอำเภอเมืองพิษณุโลก จังหวัดพิษณุโลก

4) สินค้า/บริการที่ถูกควบคุม: ทรัพยากรน้ำดิบและทางน้ำชลประทาน

5) ข้อยกเว้น: การใช้น้ำเพื่อเกษตรกรรมของเกษตรกรรายย่อย หรือการอุปโภคบริโภคส่วนตัว (อ้างอิงข้อยกเว้นตาม พ.ร.บ.การชลประทานหลวง มาตรา 42)


[AZ5]: [Rights & Admin] กฎหมายกำหนดโครงสร้างพื้นฐานและโซนนิ่งพื้นที่ทางน้ำชลประทานโดยตรง อ้างอิง ""กำหนดให้ทางน้ำชลประทาน... เป็นทางน้ำชลประทานที่จะเรียกเก็บค่าชลประทาน""

[AZ1]: [Direct Duty] ธุรกิจสูบและจัดหาน้ำดิบเพื่ออุตสาหกรรมที่ตั้งอยู่ในเขตพื้นที่ลุ่มน้ำดังกล่าว มีหน้าที่ต้องเสียค่าธรรมเนียม อ้างอิง ""เรียกเก็บค่าชลประทาน""

[AZ4]: [Direct Duty] กิจการผลิตน้ำประปาหรือการประปาที่ใช้น้ำจากแม่น้ำแควน้อย เขื่อนพญาแมน หรือฝายมะขามสูง ต้องรับภาระต้นทุนค่าชลประทาน อ้างอิง ""เรียกเก็บค่าชลประทาน""",95%,
202,100202,กฎกระทรวงกำหนดให้ทางน้ำชลประทานอ่างเก็บน้ำหนองทะลอก เป็นทางน้ำชลประทานที่จะเรียกเก็บค่าชลประทาน พ.ศ. ๒๕๖๔,https://ratchakitcha.soc.go.th/documents/17191157.pdf,บังคับใช้,,,,20,ธันวาคม,2564,20 ธันวาคม 2564,-,กฎกระทรวง,"พระราชบัญญัติการชลประทานหลวง พุทธศักราช 2485 มาตรา 8 (1), พระราชบัญญัติการชลประทานหลวง พุทธศักราช 2485 มาตรา 42 วรรคหนึ่ง","{""suggested_new_agency"": ""กระทรวงเกษตรและสหกรณ์""}",-,อำเภอนางรอง,จังหวัดบุรีรัมย์,กำหนดให้ทางน้ำชลประทานอ่างเก็บน้ำหนองทะลอก ในท้องที่ตำบลนางรอง อำเภอนางรอง จังหวัดบุรีรัมย์ เป็นทางน้ำชลประทานที่จะต้องมีการเรียกเก็บค่าชลประทาน,ผู้ประกอบการและภาคเอกชนที่มีการใช้น้ำจากทางน้ำชลประทานในพื้นที่ที่กำหนด ต้องเตรียมความพร้อมในการขึ้นทะเบียนผู้ใช้น้ำและชำระค่าชลประทานตามที่หน่วยงานที่เกี่ยวข้องกำหนด,โทษเชื่อมโยงจากกฎหมายแม่,รอเชื่อมโยง: พระราชบัญญัติการชลประทานหลวง พุทธศักราช 2485 มาตรา 8 (1) และมาตรา 42,ไม่มี,ราชกิจจานุเบกษา เล่ม 138 ตอนที่ 47 ก หน้า 17,-,,เกษตรกร ผู้ประกอบการ และประชาชนผู้ใช้น้ำจากทางน้ำชลประทานอ่างเก็บน้ำหนองทะลอก ในท้องที่ตำบลนางรอง อำเภอนางรอง จังหวัดบุรีรัมย์,"กำหนดเขตทางน้ำ, เรียกเก็บค่าธรรมเนียม, สูบน้ำ, ใช้น้ำชลประทาน","ทางน้ำชลประทาน, อ่างเก็บน้ำ, น้ำดิบ","ค่าชลประทาน, พระราชบัญญัติการชลประทานหลวง","AZ1, AZ4, AZ5",-,"1) ผู้ถูกบังคับใช้หลัก: ผู้ใช้น้ำและธุรกิจที่ดึงน้ำจากเขตพื้นที่ชลประทานอ่างเก็บน้ำหนองทะลอก (Umbrella Term: ผู้ใช้น้ำจากทางน้ำชลประทาน)

2) ผู้ให้บริการใน Ecosystem: -

3) ผู้รับผลกระทบสืบเนื่อง: โรงงานอุตสาหกรรม และกิจการประปา ในเขตอำเภอนางรอง จังหวัดบุรีรัมย์

4) สินค้า/บริการที่ถูกควบคุม: ทรัพยากรน้ำดิบและทางน้ำชลประทาน

5) ข้อยกเว้น: การใช้น้ำเพื่อเกษตรกรรมของเกษตรกรรายย่อย หรือการอุปโภคบริโภคส่วนตัว (อ้างอิงข้อยกเว้นตาม พ.ร.บ.การชลประทานหลวง มาตรา 42)


[AZ5]: [Rights & Admin] กฎหมายกำหนดโครงสร้างพื้นฐานและโซนนิ่งพื้นที่ทางน้ำชลประทานโดยตรง อ้างอิง ""กำหนดให้ทางน้ำชลประทานอ่างเก็บน้ำหนองทะลอก... เป็นทางน้ำชลประทานที่จะเรียกเก็บค่าชลประทาน""

[AZ1]: [Direct Duty] ธุรกิจสูบและจัดหาน้ำดิบเพื่ออุตสาหกรรมที่ตั้งอยู่ในเขตพื้นที่อ่างเก็บน้ำดังกล่าว มีหน้าที่ต้องเสียค่าธรรมเนียม อ้างอิง ""เรียกเก็บค่าชลประทาน""

[AZ4]: [Direct Duty] กิจการผลิตน้ำประปาหรือการประปาที่ใช้น้ำจากอ่างเก็บน้ำหนองทะลอก ต้องรับภาระต้นทุนค่าชลประทาน อ้างอิง ""เรียกเก็บค่าชลประทาน""",95%,
203,100203,กฎกระทรวงกำหนดให้ทางน้ำชลประทานอ่างเก็บน้ำห้วยเมฆา เป็นทางน้ำชลประทานที่จะเรียกเก็บค่าชลประทาน พ.ศ. ๒๕๖๔,https://ratchakitcha.soc.go.th/documents/17191158.pdf,บังคับใช้,,,,20,ธันวาคม,2564,20 ธันวาคม 2564,-,กฎกระทรวง,"พระราชบัญญัติการชลประทานหลวง พุทธศักราช 2485 มาตรา 8 (1), พระราชบัญญัติการชลประทานหลวง พุทธศักราช 2485 มาตรา 42 วรรคหนึ่ง","{suggested_new_agency: ""กระทรวงเกษตรและสหกรณ์""}",-,อำเภอบ้านกรวด,จังหวัดบุรีรัมย์,กำหนดให้ทางน้ำชลประทานอ่างเก็บน้ำห้วยเมฆา ในท้องที่ตำบลปราสาท และตำบลบึงเจริญ อำเภอบ้านกรวด จังหวัดบุรีรัมย์ เป็นทางน้ำชลประทานที่จะต้องมีการเรียกเก็บค่าชลประทาน,ผู้ประกอบการและภาคเอกชนที่มีการใช้น้ำจากทางน้ำชลประทานในพื้นที่ที่กำหนด ต้องเตรียมความพร้อมในการขึ้นทะเบียนผู้ใช้น้ำและชำระค่าชลประทานตามที่กฎหมายหรือหน่วยงานที่เกี่ยวข้องกำหนด,โทษเชื่อมโยงจากกฎหมายแม่,รอเชื่อมโยง: พระราชบัญญัติการชลประทานหลวง พุทธศักราช 2485 มาตรา 8 (1) และมาตรา 42,ไม่มี,ราชกิจจานุเบกษา เล่ม 138 ตอนที่ 87 ก หน้า 19,-,,เกษตรกร ผู้ประกอบการ และประชาชนผู้ใช้น้ำจากทางน้ำชลประทานอ่างเก็บน้ำห้วยเมฆา ในท้องที่ตำบลปราสาท และตำบลบึงเจริญ อำเภอบ้านกรวด จังหวัดบุรีรัมย์,"กำหนดเขตทางน้ำ, เรียกเก็บค่าธรรมเนียม, สูบน้ำ, ใช้น้ำชลประทาน","ทางน้ำชลประทาน, อ่างเก็บน้ำ, น้ำดิบ","ค่าชลประทาน, พระราชบัญญัติการชลประทานหลวง","AZ1, AZ4, AZ5",-,"1) ผู้ถูกบังคับใช้หลัก: ผู้ใช้น้ำและธุรกิจที่ดึงน้ำจากเขตพื้นที่ชลประทานอ่างเก็บน้ำห้วยเมฆา (Umbrella Term: ผู้ใช้น้ำจากทางน้ำชลประทาน)

2) ผู้ให้บริการใน Ecosystem: -

3) ผู้รับผลกระทบสืบเนื่อง: โรงงานอุตสาหกรรม และกิจการประปา ในเขตอำเภอบ้านกรวด จังหวัดบุรีรัมย์

4) สินค้า/บริการที่ถูกควบคุม: ทรัพยากรน้ำดิบและทางน้ำชลประทาน

5) ข้อยกเว้น: การใช้น้ำเพื่อเกษตรกรรมของเกษตรกรรายย่อย หรือการอุปโภคบริโภคส่วนตัว (อ้างอิงข้อยกเว้นตาม พ.ร.บ.การชลประทานหลวง มาตรา 42)


[AZ5]: [Rights & Admin] กฎหมายกำหนดโครงสร้างพื้นฐานและโซนนิ่งพื้นที่ทางน้ำชลประทานโดยตรง อ้างอิง ""กำหนดให้ทางน้ำชลประทานอ่างเก็บน้ำห้วยเมฆา... เป็นทางน้ำชลประทานที่จะเรียกเก็บค่าชลประทาน""

[AZ1]: [Direct Duty] ธุรกิจสูบและจัดหาน้ำดิบเพื่ออุตสาหกรรมที่ตั้งอยู่ในเขตพื้นที่อ่างเก็บน้ำดังกล่าว มีหน้าที่ต้องเสียค่าธรรมเนียม อ้างอิง ""เรียกเก็บค่าชลประทาน""

[AZ4]: [Direct Duty] กิจการผลิตน้ำประปาหรือการประปาที่ใช้น้ำจากอ่างเก็บน้ำห้วยเมฆา ต้องรับภาระต้นทุนค่าชลประทาน อ้างอิง ""เรียกเก็บค่าชลประทาน""",95%,
204,100204,กฎกระทรวงกำหนดให้ทางน้ำชลประทานห้วยตะโก เป็นทางน้ำชลประทานที่จะเรียกเก็บค่าชลประทาน พ.ศ. ๒๕๖๔,https://ratchakitcha.soc.go.th/documents/17191159.pdf,บังคับใช้,,,,20,ธันวาคม,2564,20 ธันวาคม 2564,-,กฎกระทรวง,"พระราชบัญญัติการชลประทานหลวง พุทธศักราช 2485 มาตรา 8 (1), พระราชบัญญัติการชลประทานหลวง พุทธศักราช 2485 มาตรา 42 วรรคหนึ่ง",กระทรวงเกษตรและสหกรณ์,-,อำเภอบ้านกรวด,จังหวัดบุรีรัมย์,กำหนดให้ทางน้ำชลประทานอ่างเก็บน้ำห้วยตะโก ในท้องที่ตำบลจันทบเพชร อำเภอบ้านกรวด จังหวัดบุรีรัมย์ เป็นทางน้ำชลประทานที่จะต้องมีการเรียกเก็บค่าชลประทาน,ผู้ประกอบการและภาคเอกชนที่มีการใช้น้ำจากทางน้ำชลประทานในพื้นที่อ่างเก็บน้ำห้วยตะโก ต้องเตรียมความพร้อมในการขึ้นทะเบียนผู้ใช้น้ำและชำระค่าชลประทานตามอัตราที่กฎหมายหรือหน่วยงานที่เกี่ยวข้องกำหนด,โทษเชื่อมโยงจากกฎหมายแม่,รอเชื่อมโยง: พระราชบัญญัติการชลประทานหลวง พุทธศักราช 2485 มาตรา 8 (1) และมาตรา 42,ไม่มี,ราชกิจจานุเบกษา เล่ม 138 ตอนที่ 87 ก หน้า 21,-,,เกษตรกร ผู้ประกอบการ และประชาชนผู้ใช้น้ำจากทางน้ำชลประทานอ่างเก็บน้ำห้วยตะโก ในท้องที่ตำบลจันทบเพชร อำเภอบ้านกรวด จังหวัดบุรีรัมย์,"กำหนดเขตทางน้ำ, เรียกเก็บค่าธรรมเนียม, สูบน้ำ, ใช้น้ำชลประทาน","ทางน้ำชลประทาน, อ่างเก็บน้ำ, น้ำดิบ","ค่าชลประทาน, พระราชบัญญัติการชลประทานหลวง","AZ1, AZ4, AZ5",-,"1) ผู้ถูกบังคับใช้หลัก: ผู้ใช้น้ำและธุรกิจที่ดึงน้ำจากเขตพื้นที่ชลประทานอ่างเก็บน้ำห้วยตะโก (Umbrella Term: ผู้ใช้น้ำจากทางน้ำชลประทาน)

2) ผู้ให้บริการใน Ecosystem: -

3) ผู้รับผลกระทบสืบเนื่อง: โรงงานอุตสาหกรรม และกิจการประปา ในเขตอำเภอบ้านกรวด จังหวัดบุรีรัมย์

4) สินค้า/บริการที่ถูกควบคุม: ทรัพยากรน้ำดิบและทางน้ำชลประทาน

5) ข้อยกเว้น: การใช้น้ำเพื่อเกษตรกรรมของเกษตรกรรายย่อย หรือการอุปโภคบริโภคส่วนตัว (อ้างอิงข้อยกเว้นตาม พ.ร.บ.การชลประทานหลวง มาตรา 42)


[AZ5]: [Rights & Admin] กฎหมายกำหนดโครงสร้างพื้นฐานและโซนนิ่งพื้นที่ทางน้ำชลประทานโดยตรง อ้างอิง ""กำหนดให้ทางน้ำชลประทานอ่างเก็บน้ำห้วยตะโก... เป็นทางน้ำชลประทานที่จะเรียกเก็บค่าชลประทาน""

[AZ1]: [Direct Duty] ธุรกิจสูบและจัดหาน้ำดิบเพื่ออุตสาหกรรมที่ตั้งอยู่ในเขตพื้นที่อ่างเก็บน้ำดังกล่าว มีหน้าที่ต้องเสียค่าธรรมเนียม อ้างอิง ""เรียกเก็บค่าชลประทาน""

[AZ4]: [Direct Duty] กิจการผลิตน้ำประปาหรือการประปาที่ใช้น้ำจากอ่างเก็บน้ำห้วยตะโก ต้องรับภาระต้นทุนค่าชลประทาน อ้างอิง ""เรียกเก็บค่าชลประทาน""",95%,
205,100205,กฎกระทรวงกำหนดให้ทางน้ำชลประทานอ่างเก็บน้ำห้วยยาง เป็นทางน้ำชลประทานที่จะเรียกเก็บค่าชลประทาน พ.ศ. ๒๕๖๔,https://ratchakitcha.soc.go.th/documents/17191160.pdf,บังคับใช้,,,,20,ธันวาคม,2564,20 ธันวาคม 2564,-,กฎกระทรวง,"พระราชบัญญัติการชลประทานหลวง พุทธศักราช 2485 มาตรา 8 (1), พระราชบัญญัติการชลประทานหลวง พุทธศักราช 2485 มาตรา 42 วรรคหนึ่ง",กระทรวงเกษตรและสหกรณ์,-,"อำเภอหนองกี่, อำเภอเสิงสาง","จังหวัดบุรีรัมย์, จังหวัดนครราชสีมา",กำหนดให้ทางน้ำชลประทานอ่างเก็บน้ำห้วยยาง ในท้องที่ตำบลดอนอะราง อำเภอหนองกี่ จังหวัดบุรีรัมย์ และตำบลสุขไพบูลย์ อำเภอเสิงสาง จังหวัดนครราชสีมา เป็นทางน้ำชลประทานที่จะต้องมีการเรียกเก็บค่าชลประทาน,ผู้ประกอบการและภาคเอกชนที่มีการใช้น้ำจากทางน้ำชลประทานในพื้นที่ที่กำหนด ต้องเตรียมความพร้อมในการขึ้นทะเบียนผู้ใช้น้ำและชำระค่าชลประทานตามอัตราที่กฎหมายหรือหน่วยงานที่เกี่ยวข้องกำหนด,โทษเชื่อมโยงจากกฎหมายแม่,รอเชื่อมโยง: พระราชบัญญัติการชลประทานหลวง พุทธศักราช 2485 มาตรา 8 (1) และมาตรา 42,ไม่มี,ราชกิจจานุเบกษา เล่ม 138 ตอนที่ 87 ก หน้า 23,-,,เกษตรกร ผู้ประกอบการ และประชาชนผู้ใช้น้ำจากทางน้ำชลประทานอ่างเก็บน้ำห้วยยาง ในท้องที่ตำบลดอนอะราง อำเภอหนองกี่ จังหวัดบุรีรัมย์ และตำบลสุขไพบูลย์ อำเภอเสิงสาง จังหวัดนครราชสีมา,"กำหนดเขตทางน้ำ, เรียกเก็บค่าธรรมเนียม, สูบน้ำ, ใช้น้ำชลประทาน","ทางน้ำชลประทาน, อ่างเก็บน้ำ, น้ำดิบ","ค่าชลประทาน, พระราชบัญญัติการชลประทานหลวง","AZ1, AZ4, AZ5",-,"1) ผู้ถูกบังคับใช้หลัก: ผู้ใช้น้ำและธุรกิจที่ดึงน้ำจากเขตพื้นที่ชลประทานอ่างเก็บน้ำห้วยยาง (Umbrella Term: ผู้ใช้น้ำจากทางน้ำชลประทาน)

2) ผู้ให้บริการใน Ecosystem: -

3) ผู้รับผลกระทบสืบเนื่อง: โรงงานอุตสาหกรรม และกิจการประปา ในเขตอำเภอหนองกี่ จังหวัดบุรีรัมย์ และอำเภอเสิงสาง จังหวัดนครราชสีมา

4) สินค้า/บริการที่ถูกควบคุม: ทรัพยากรน้ำดิบและทางน้ำชลประทาน

5) ข้อยกเว้น: การใช้น้ำเพื่อเกษตรกรรมของเกษตรกรรายย่อย หรือการอุปโภคบริโภคส่วนตัว (อ้างอิงข้อยกเว้นตาม พ.ร.บ.การชลประทานหลวง มาตรา 42)


[AZ5]: [Rights & Admin] กฎหมายกำหนดโครงสร้างพื้นฐานและโซนนิ่งพื้นที่ทางน้ำชลประทานโดยตรง อ้างอิง ""กำหนดให้ทางน้ำชลประทานอ่างเก็บน้ำห้วยยาง... เป็นทางน้ำชลประทานที่จะเรียกเก็บค่าชลประทาน""

[AZ1]: [Direct Duty] ธุรกิจสูบและจัดหาน้ำดิบเพื่ออุตสาหกรรมที่ตั้งอยู่ในเขตพื้นที่อ่างเก็บน้ำดังกล่าว มีหน้าที่ต้องเสียค่าธรรมเนียม อ้างอิง ""เรียกเก็บค่าชลประทาน""

[AZ4]: [Direct Duty] กิจการผลิตน้ำประปาหรือการประปาที่ใช้น้ำจากอ่างเก็บน้ำห้วยยาง ต้องรับภาระต้นทุนค่าชลประทาน อ้างอิง ""เรียกเก็บค่าชลประทาน""",95%,
206,100206,กฎกระทรวงกำหนดขนาด ลักษณะ และสีของแผ่นป้ายทะเบียนรถและการแสดงแผ่นป้ายทะเบียนรถและเครื่องหมายแสดงการเสียภาษีประจำปี (ฉบับที่ ๓) พ.ศ. ๒๕๖๔,https://ratchakitcha.soc.go.th/documents/17191161.pdf,บังคับใช้,,,อัปเดตและแก้ไขเพิ่มเติมความใน ๒) ของ (ก) ของ (๑) ในข้อ ๓ แห่งกฎกระทรวงกำหนดขนาด ลักษณะ และสีของแผ่นป้ายทะเบียนรถฯ พ.ศ. ๒๕๕๔ ,20,ธันวาคม,2564,20 ธันวาคม 2564,-,กฎกระทรวง,"พระราชบัญญัติรถยนต์ พ.ศ. 2522 มาตรา 5 (4), พระราชบัญญัติรถยนต์ พ.ศ. 2522 มาตรา 11",กระทรวงคมนาคม,-,-,-,แก้ไขเพิ่มเติมลักษณะแผ่นป้ายทะเบียนรถยนต์นั่งส่วนบุคคลไม่เกิน 7 คน โดยกำหนดให้ป้ายทะเบียนซึ่งเป็นที่ต้องการหรือเป็นที่นิยม สามารถมีตัวอักษรประจำหมวดมากกว่า 2 ตัวอักษร หรือมีตัวอักษรผสมสระหรือวรรณยุกต์ได้ โดยขอบแผ่นป้ายและตัวอักษรไม่ต้องอัดเป็นรอยดุนแต่ให้ใช้เป็นลายพิมพ์แทน,ประชาชนหรือผู้ประกอบการที่ต้องการใช้แผ่นป้ายทะเบียนรถยนต์นั่งส่วนบุคคลลักษณะพิเศษ (มีสระ วรรณยุกต์ หรือมากกว่า 2 ตัวอักษร) สามารถดำเนินการได้ โดยการกำหนดตัวอักษรประจำหมวดจะต้องเป็นไปตามหลักเกณฑ์ที่อธิบดีประกาศกำหนด,⚪️ เทา (Amendment / No Impact),-,ไม่มี,ราชกิจจานุเบกษา เล่ม 138 ตอนที่ 87 ก หน้า 25,-,,เจ้าของรถยนต์นั่งส่วนบุคคลไม่เกินเจ็ดคน,"กำหนดลักษณะแผ่นป้ายทะเบียน, จดทะเบียนรถ, บริการจดทะเบียน","แผ่นป้ายทะเบียนรถ, ป้ายประมูล, รถยนต์นั่งส่วนบุคคลไม่เกินเจ็ดคน","กฎกระทรวง, พ.ร.บ.รถยนต์, ป้ายทะเบียนรถ","BC1, Y3, BC5, AJ1, AJ2",CC14,"1) ผู้ถูกบังคับใช้หลัก: เจ้าของรถยนต์นั่งส่วนบุคคลไม่เกินเจ็ดคน และผู้ขอรับแผ่นป้ายทะเบียนพิเศษ (ป้ายประมูล)

2) ผู้ให้บริการใน Ecosystem: ธุรกิจตรวจสภาพและงานทะเบียน (BC1), ดีลเลอร์จำหน่ายยานยนต์ (Y3) และกรมการขนส่งทางบก

3) ผู้รับผลกระทบสืบเนื่อง: ประชาชนทั่วไปและเจ้าหน้าที่ตำรวจผู้ปฏิบัติงาน

4) สินค้า/บริการที่ถูกควบคุม: รูปแบบและลักษณะของแผ่นป้ายทะเบียนรถยนต์นั่งส่วนบุคคลไม่เกินเจ็ดคน โดยให้สามารถมีตัวอักษรมากกว่า 2 ตัว หรือผสมสระ/วรรณยุกต์ได้สำหรับป้ายที่กำหนด

5) ข้อยกเว้น: ขอบแผ่นป้ายไม่ต้องอัดรอยดุนสำหรับป้ายทะเบียนรูปแบบพิเศษนี้


[BC1]: [Service Opportunity] ธุรกิจรับจ้างต่อทะเบียน/เสียภาษี และ ตรอ. ต้องทราบรูปแบบแผ่นป้ายประมูลแบบใหม่ เพื่อดำเนินการทางทะเบียนและให้คำปรึกษาแก่ลูกค้าได้อย่างถูกต้องตามกฎหมาย

[Y3]: [Service Opportunity] ดีลเลอร์จำหน่ายรถใหม่และรถมือสอง (รวมถึง Grey Market) มีบริการจดทะเบียนและขอป้ายทะเบียนให้ลูกค้า จึงต้องทราบหลักเกณฑ์การขอป้ายทะเบียนพิเศษนี้

[BC5]: [Direct Duty] รถรับจ้างหรือบริการขนส่งผู้โดยสารที่จดทะเบียนในหมวดรถยนต์นั่งส่วนบุคคลไม่เกินเจ็ดคน

[AJ1, AJ2]: [Direct Duty] ผู้ประกอบธุรกิจรถเช่าที่มียานพาหนะกลุ่มรถยนต์นั่งส่วนบุคคลไม่เกินเจ็ดคน

[CC14]: [Support & General Compliance] ตำรวจจราจรต้องอัปเดตรูปแบบแผ่นป้ายทะเบียนใหม่เพื่อการตรวจสอบและบังคับใช้กฎหมายจราจรบนท้องถนน",100%,อัปเดตและแก้ไขเพิ่มเติมความใน ๒) ของ (ก) ของ (๑) ในข้อ ๓ แห่งกฎกระทรวงกำหนดขนาด ลักษณะ และสีของแผ่นป้ายทะเบียนรถฯ พ.ศ. ๒๕๕๔ 
207,100207,กฎกระทรวงกำหนดหลักเกณฑ์และวิธีการยื่นขอกำหนดหรือเปลี่ยนแปลงปริมาณการค้าประจำปี (ฉบับที่ ๒) พ.ศ. ๒๕๖๔,https://ratchakitcha.soc.go.th/documents/17191162.pdf,บังคับใช้,,,อัปเดตข้อความในข้อ 4 แห่งกฎกระทรวงกำหนดหลักเกณฑ์และวิธีการยื่นขอกำหนดหรือเปลี่ยนแปลงปริมาณการค้าประจำปี พ.ศ. 2546 ,20,ธันวาคม,2564,20 ธันวาคม 2564,-,กฎกระทรวง,"พระราชบัญญัติการค้าน้ำมันเชื้อเพลิง พ.ศ. 2543 มาตรา 7 วรรคหนึ่ง, พระราชบัญญัติการค้าน้ำมันเชื้อเพลิง พ.ศ. 2543 มาตรา 19 วรรคหนึ่งและวรรคสอง","กระทรวงพลังงาน, กรมธุรกิจพลังงาน",-,-,-,กำหนดให้การยื่นคำขอกำหนดหรือเปลี่ยนแปลงปริมาณการค้าประจำปีต้องดำเนินการโดยวิธีการทางอิเล็กทรอนิกส์เป็นหลัก หากยังไม่สามารถดำเนินการได้ ให้ยื่นโดยตรงหรือส่งทางไปรษณีย์ลงทะเบียนไปยังกรมธุรกิจพลังงาน หรือช่องทางอื่นตามที่กำหนด,ผู้ประกอบการที่ต้องการยื่นขอกำหนดหรือเปลี่ยนแปลงปริมาณการค้าประจำปี ควรเตรียมความพร้อมสำหรับการยื่นเอกสารผ่านระบบอิเล็กทรอนิกส์ตามที่กรมธุรกิจพลังงานกำหนดเป็นหลัก,⚪️ เทา (Amendment / No Impact),-,คำขอกำหนดหรือเปลี่ยนแปลงปริมาณการค้าประจำปี,ราชกิจจานุเบกษา เล่ม 138 ตอนที่ 87 ก หน้า 28,คู่มือการยื่นคำขอผ่านระบบอิเล็กทรอนิกส์ (e-Service) ของกรมธุรกิจพลังงาน,,ผู้ประกอบการค้าน้ำมันเชื้อเพลิงที่ต้องยื่นขอกำหนดหรือเปลี่ยนแปลงปริมาณการค้าประจำปี,"ยื่นคำขอ, กำหนดปริมาณการค้า, เปลี่ยนแปลงปริมาณการค้า","น้ำมันเชื้อเพลิง, ปริมาณการค้าประจำปี","พระราชบัญญัติการค้าน้ำมันเชื้อเพลิง, กรมธุรกิจพลังงาน, ยื่นเอกสารอิเล็กทรอนิกส์",H1,-,"1) ผู้ถูกบังคับใช้หลัก: ผู้ค้าน้ำมันเชื้อเพลิงรายใหญ่ที่มีหน้าที่ต้องแจ้งและขอความเห็นชอบปริมาณการค้าประจำปี (ผู้ค้าน้ำมันตามมาตรา 7 หรือผู้ค้าอื่นที่เข้าข่ายตาม พ.ร.บ.การค้าน้ำมันเชื้อเพลิง)

2) ผู้ให้บริการใน Ecosystem: -

3) ผู้รับผลกระทบสืบเนื่อง: -

4) สินค้า/บริการที่ถูกควบคุม: กระบวนการและช่องทางการยื่นเอกสารเกี่ยวกับปริมาณการค้าน้ำมันเชื้อเพลิง

5) ข้อยกเว้น: ผู้ค้าน้ำมันรายย่อย (เช่น ปั๊มน้ำมันทั่วไปตามมาตรา 11) ที่ไม่มีหน้าที่ต้องแจ้งกำหนดปริมาณการค้าประจำปีตามกฎหมายแม่


[H1]: [Rights & Admin] กฎหมายปรับปรุงขั้นตอนทางปกครองและวิธีการติดต่อราชการ บังคับให้ผู้ค้าน้ำมันเชื้อเพลิง (โรงกลั่น/ผู้ค้ามาตรา 7) ต้องยื่นคำขอเพื่อกำหนดหรือเปลี่ยนแปลงปริมาณการค้าประจำปีผ่าน ""วิธีการทางอิเล็กทรอนิกส์"" เป็นช่องทางหลัก หากไม่ดำเนินการให้ถูกต้องตามช่องทางที่กำหนดอาจเสียสิทธิในการปรับเปลี่ยนปริมาณการค้า อ้างอิง ""ยื่นขอกำหนดหรือเปลี่ยนแปลงปริมาณการค้าประจำปี""",100%,อัปเดตข้อความในข้อ 4 แห่งกฎกระทรวงกำหนดหลักเกณฑ์และวิธีการยื่นขอกำหนดหรือเปลี่ยนแปลงปริมาณการค้าประจำปี พ.ศ. 2546 
208,100208,กฎกระทรวงกำหนดแบบและรายการบัญชีเกี่ยวกับปริมาณและสถานที่เก็บของน้ำมันเชื้อเพลิงแต่ละชนิดที่นำเข้ามาในราชอาณาจักร ซื้อ กลั่น ผลิต ได้มา จำหน่ายไปแล้วและที่เหลืออยู่ในแต่ละเดือน และแผนการนำเข้ามาในราชอาณาจักร ซื้อ กลั่น ผลิต หรือจำหน่ายซึ่งน้ำมันเชื้อเพลิงของผู้ค้าน้ำมันตามมาตรา ๗ (ฉบับที่ ๒) พ.ศ. ๒๕๖๔,https://ratchakitcha.soc.go.th/documents/17191163.pdf,บังคับใช้,,,"ยกเลิกความในข้อ
3 แห่งกฎกระทรวง กำหนดแบบและรายการบัญชีเกี่ยวกับปริมาณและสถานที่เก็บของน้ำมันเชื้อเพลิง แต่ละชนิดที่นำเข้ามาในราชอาณาจักร ซื้อ กลั่น ผลิต ได้มา จำหน่ายไปแล้ว และที่เหลืออยู่ในแต่ละเดือน และแผนการนำเข้ามาในราชอาณาจักร ซื้อ กลั่น ผลิต หรือจำหน่ายซึ่งน้ำมันเชื้อเพลิงของผู้ค้าน้ำมันตามมาตรา 7 พ.ศ. 2546",20,ธันวาคม,2564,20 ธันวาคม 2564,-,กฎกระทรวง,"พระราชบัญญัติการค้าน้ำมันเชื้อเพลิง พ.ศ. 2543 มาตรา 7 วรรคหนึ่ง, พระราชบัญญัติการค้าน้ำมันเชื้อเพลิง พ.ศ. 2543 มาตรา 16 วรรคหนึ่ง, พระราชบัญญัติการค้าน้ำมันเชื้อเพลิง พ.ศ. 2543 มาตรา 17 วรรคหนึ่ง","กระทรวงพลังงาน, กรมธุรกิจพลังงาน",-,-,-,กำหนดให้ผู้ค้าน้ำมันตามมาตรา 7 ต้องส่งบัญชีปริมาณและสถานที่เก็บน้ำมันเชื้อเพลิง รวมถึงแผนการดำเนินการต่างๆ โดยวิธีการทางอิเล็กทรอนิกส์เป็นหลัก หากยังไม่สามารถทำได้ให้ยื่นโดยตรงหรือส่งไปรษณีย์ไปยังกรมธุรกิจพลังงาน,ผู้ค้าน้ำมันตามมาตรา 7 ต้องดำเนินการจัดเตรียมระบบและบุคลากรเพื่อส่งบัญชีและแผนการดำเนินการที่เกี่ยวข้องกับน้ำมันเชื้อเพลิงผ่านช่องทางอิเล็กทรอนิกส์ตามที่กรมธุรกิจพลังงานกำหนดเป็นหลัก,⚪️ เทา (Amendment / No Impact),-,บัญชีและแผนเกี่ยวกับปริมาณและสถานที่เก็บน้ำมันเชื้อเพลิงของผู้ค้าน้ำมันตามมาตรา 7,ราชกิจจานุเบกษา เล่ม 138 ตอนที่ 87 ก,คู่มือการใช้งานระบบอิเล็กทรอนิกส์ (e-Service) ของกรมธุรกิจพลังงาน สำหรับการส่งบัญชีและแผนน้ำมันเชื้อเพลิง,,ผู้ค้าน้ำมันตามมาตรา 7 แห่งพระราชบัญญัติการค้าน้ำมันเชื้อเพลิง พ.ศ. 2543,"จัดทำบัญชี, ส่งแผนนำเข้า, กลั่น, ผลิต, จำหน่าย, ยื่นเอกสารอิเล็กทรอนิกส์","น้ำมันเชื้อเพลิง, สถานที่เก็บน้ำมัน","ผู้ค้าน้ำมันตามมาตรา 7, พระราชบัญญัติการค้าน้ำมันเชื้อเพลิง, กรมธุรกิจพลังงาน",H1,-,"1) ผู้ถูกบังคับใช้หลัก: ผู้ค้าน้ำมันเชื้อเพลิงรายใหญ่ระดับประเทศ (ผู้ค้าน้ำมันตามมาตรา 7) เช่น โรงกลั่นน้ำมัน หรือผู้นำเข้าหลัก

2) ผู้ให้บริการใน Ecosystem: -

3) ผู้รับผลกระทบสืบเนื่อง: -

4) สินค้า/บริการที่ถูกควบคุม: ปริมาณน้ำมันเชื้อเพลิง, แผนการค้า (นำเข้า/ผลิต/จำหน่าย) และสถานที่เก็บน้ำมัน

5) ข้อยกเว้น: ผู้ค้าน้ำมันตามมาตรา 10 (ผู้ค้าส่งระดับกลาง/ยี่ปั๊ว) และผู้ค้าน้ำมันตามมาตรา 11 (สถานีบริการน้ำมัน/ปั๊มน้ำมันทั่วไป) ไม่ต้องปฏิบัติตามประกาศนี้


[H1]: [Direct Duty] ผู้ค้าน้ำมันมาตรา 7 มีหน้าที่บังคับตามกฎหมายต้องจัดทำและส่งบัญชีปริมาณการค้าน้ำมัน สถานที่เก็บ และแผนการนำเข้า/ผลิต ผ่านช่องทางอิเล็กทรอนิกส์เป็นหลัก ตามที่กรมธุรกิจพลังงานกำหนด หากไม่ปฏิบัติตามอาจมีความผิดตาม พ.ร.บ.การค้าน้ำมันเชื้อเพลิง อ้างอิง ""บัญชีเกี่ยวกับปริมาณและสถานที่เก็บ...ของผู้ค้าน้ำมันตามมาตรา ๗""",100%,อัปเดตข้อความในข้อ 3 แห่งกฎกระทรวงกำหนดแบบและรายการบัญชีเกี่ยวกับปริมาณและสถานที่เก็บของน้ำมันเชื้อเพลิงฯ พ.ศ. 2546 
209,100209,กฎกระทรวงว่าด้วยการรายงานผลการปฎิบัติการตามกฎหมาย พ.ศ. ๒๕๖๔,https://ratchakitcha.soc.go.th/documents/17191164.pdf,บังคับใช้,,,,20,ธันวาคม,2564,19 เมษายน 2565,-,กฎกระทรวง,"พระราชบัญญัติโรงงาน พ.ศ. 2535 มาตรา 5 วรรคหนึ่ง, พระราชบัญญัติโรงงาน พ.ศ. 2535 มาตรา 9 วรรคสี่","กระทรวงอุตสาหกรรม, กรมโรงงานอุตสาหกรรม",-,-,-,กำหนดให้ผู้ประกอบกิจการโรงงานต้องเสนอรายงานผลการปฏิบัติการตามกฎหมายว่าด้วยโรงงานทุก 3 ปี ภายในเดือนเมษายนของปีถัดไป โดยรายงานดังกล่าวต้องได้รับคำรับรองจากผู้ตรวจสอบเอกชน และให้ยื่นผ่านระบบอิเล็กทรอนิกส์เป็นหลัก,ผู้ประกอบกิจการโรงงานต้องเตรียมจัดทำและเสนอรายงานผลการปฏิบัติการตามกฎหมายทุก 3 ปี ภายในเดือนเมษายน โดยต้องจัดให้มีผู้ตรวจสอบเอกชนเข้าตรวจสอบและให้คำรับรองในรายงาน จากนั้นนำส่งผ่านระบบเครือข่ายอิเล็กทรอนิกส์ของกรมโรงงานอุตสาหกรรมหรือสำนักงานอุตสาหกรรมจังหวัด,โทษเชื่อมโยงจากกฎหมายแม่,รอเชื่อมโยง: พระราชบัญญัติโรงงาน พ.ศ. 2535 มาตรา 9 วรรคสี่,แบบรายงานผลการปฏิบัติการที่ได้รับการรับรองจากผู้ตรวจสอบเอกชน,ราชกิจจานุเบกษา เล่ม 138 ตอนที่ 87 ก หน้า 32,"คู่มือการยื่นรายงานผลการปฏิบัติการผ่านระบบเครือข่ายอิเล็กทรอนิกส์ของกรมโรงงานอุตสาหกรรม, คู่มือหลักเกณฑ์สำหรับผู้ตรวจสอบเอกชนตามกฎหมายว่าด้วยโรงงาน",,"ผู้ประกอบกิจการโรงงาน, ผู้ตรวจสอบเอกชน","เสนอรายงานผลการปฏิบัติการ, ให้คำรับรอง","รายงานผลการปฏิบัติการ, ข้อมูลทั่วไปของโรงงาน","ผู้ประกอบกิจการโรงงาน, ผู้ตรวจสอบเอกชน, กรมโรงงานอุตสาหกรรม, ระบบเครือข่ายอิเล็กทรอนิกส์","D1, C1, F1, AC5, AC6",BA4,"1) ผู้ถูกบังคับใช้หลัก: ผู้ประกอบกิจการโรงงาน (Umbrella Term ครอบคลุมโรงงานอุตสาหกรรมทุกประเภท ยกตัวอย่างกลุ่มเสี่ยงหลักเช่น โรงงานอาหาร D1, โรงงานน้ำตาล C1, โรงงานยาสูบ F1)

2) ผู้ให้บริการใน Ecosystem: ผู้ตรวจสอบเอกชน (วิศวกรและผู้ให้บริการทดสอบทางเทคนิค หมวด AC5, AC6)

3) ผู้รับผลกระทบสืบเนื่อง: แผนกอาชีวอนามัยและสิ่งแวดล้อมในโรงงาน

4) สินค้า/บริการที่ถูกควบคุม: กระบวนการจัดทำและรับรองรายงานผลการปฏิบัติการ

5) ข้อยกเว้น: ตัดกลุ่มกิจการของรัฐและหน่วยงานความมั่นคงตามกฎหมายแม่


[D1, C1, F1]: [Direct Duty] ผู้ประกอบกิจการโรงงานมีหน้าที่จัดทำและส่งรายงานผลการปฏิบัติการทุก 3 ปี (อ้างอิงข้อ 4 และคำว่า ""ผู้ประกอบกิจการโรงงาน"")

[AC5, AC6]: [Service Opportunity] สร้างตลาดให้ผู้ตรวจสอบเอกชน/วิศวกรในการประเมินและให้คำรับรองรายงาน (อ้างอิงข้อ 5 คำว่า ""ผู้ตรวจสอบเอกชน"")

[BA4]: [Direct Duty] ข้อกำหนดกระทบโดยตรงต่องานจัดการสิ่งแวดล้อมและความปลอดภัยในโรงงานที่ต้องเตรียมข้อมูลเพื่อการรายงานตามกฎหมาย",100%,
210,100210,กฎกระทรวงกำหนดให้ผลิตภัณฑ์อุตสาหกรรมถุงมือสำหรับการตรวจวินิจฉัยทางการแพทย์ชนิดใช้ครั้งเดียวต้องเป็นไปตามมาตรฐาน พ.ศ. ๒๕๖๔,https://ratchakitcha.soc.go.th/documents/17191165.pdf,บังคับใช้,,,,20,ธันวาคม,2564,19 เมษายน 2565,-,กฎกระทรวง,"พระราชบัญญัติมาตรฐานผลิตภัณฑ์อุตสาหกรรม พ.ศ. 2511 มาตรา 17 วรรคหนึ่ง, พระราชบัญญัติมาตรฐานผลิตภัณฑ์อุตสาหกรรม พ.ศ. 2511 มาตรา 58 วรรคหนึ่ง",กระทรวงอุตสาหกรรม,-,-,-,กำหนดให้ผลิตภัณฑ์อุตสาหกรรมถุงมือสำหรับการตรวจวินิจฉัยทางการแพทย์ชนิดใช้ครั้งเดียว ต้องเป็นไปตามมาตรฐานเลขที่ มอก. 1056 เล่ม 1 - 2556 ทั้งนี้เพื่อป้องกันความเสียหายอันอาจเกิดแก่ประชาชนและอุตสาหกรรมจากการถูกหลอกขายถุงมือที่ไม่ได้มาตรฐานหรือถุงมือเก่าที่ใช้งานแล้ว,ผู้ประกอบการและผู้ผลิตผลิตภัณฑ์อุตสาหกรรมถุงมือสำหรับการตรวจวินิจฉัยทางการแพทย์ชนิดใช้ครั้งเดียว ต้องดำเนินการขออนุญาตและควบคุมให้ผลิตภัณฑ์ของตนเป็นไปตามมาตรฐาน มอก. 1056 เล่ม 1 - 2556 อย่างเคร่งครัด,โทษเชื่อมโยงจากกฎหมายแม่,รอเชื่อมโยง: พระราชบัญญัติมาตรฐานผลิตภัณฑ์อุตสาหกรรม พ.ศ. 2511 มาตรา 17,ใบอนุญาตทำหรือนำเข้าผลิตภัณฑ์อุตสาหกรรมที่ต้องเป็นไปตามมาตรฐาน (มอก. บังคับ),ราชกิจจานุเบกษา เล่ม 138 ตอนที่ 87 ก หน้า 35,"มาตรฐาน มอก. 1056 เล่ม 1-2556 ถุงมือสำหรับการตรวจวินิจฉัยทางการแพทย์ชนิดใช้ครั้งเดียว, คู่มือการขอรับใบอนุญาตมาตรฐานผลิตภัณฑ์อุตสาหกรรม (สมอ.)",,ผู้ผลิต ผู้นำเข้า และผู้จำหน่ายผลิตภัณฑ์อุตสาหกรรมถุงมือสำหรับการตรวจวินิจฉัยทางการแพทย์ชนิดใช้ครั้งเดียว,"ผลิต, นำเข้า, จำหน่าย","ถุงมือสำหรับการตรวจวินิจฉัยทางการแพทย์, ถุงมือยาง, ผลิตภัณฑ์อุตสาหกรรม","มาตรฐานผลิตภัณฑ์อุตสาหกรรม, มอก. บังคับ, คุ้มครองผู้บริโภค","R2, Q4, AA26",BL3,"1) ผู้ถูกบังคับใช้หลัก: โรงงานผู้ผลิตและผู้นำเข้าถุงมือยางทางการแพทย์ (Umbrella term จากคำว่าผลิตภัณฑ์อุตสาหกรรมตามกฎหมายแม่)

2) ผู้ให้บริการใน Ecosystem: ห้องปฏิบัติการทดสอบมาตรฐาน

3) ผู้รับผลกระทบสืบเนื่อง: โรงพยาบาล คลินิก บุคลากรทางการแพทย์ และประชาชน (End-user)

4) สินค้า/บริการที่ถูกควบคุม: ถุงมือสำหรับการตรวจวินิจฉัยทางการแพทย์ชนิดใช้ครั้งเดียว (มอก. 1056 เล่ม 1-2556)

5) ข้อยกเว้น: มีข้อยกเว้นตามกฎหมายแม่ เช่น การผลิตเพื่อส่งออก


[R2, Q4]: [Direct Duty] โรงงานผู้ผลิตถุงมือยางและวัสดุสิ้นเปลืองทางการแพทย์ต้องปรับปรุงกระบวนการผลิตให้ผ่านเกณฑ์มาตรฐาน มอก. บังคับ (อ้างอิงข้อ 2)

[AA26]: [Direct Duty] ผู้นำเข้าเครื่องมือแพทย์ต้องมั่นใจว่าถุงมือยางที่นำเข้ามาจำหน่ายในประเทศผ่านการรับรองมาตรฐานนี้

[BL3]: [Service Opportunity] สร้างความต้องการให้ห้องปฏิบัติการทดสอบในการตรวจวิเคราะห์คุณสมบัติของถุงมือยางเพื่อขอรับรอง มอก.",100%,
211,100211,ประกาศคณะกรรมการบริหารศาลยุติธรรม เรื่อง การจัดตั้งแผนกคดีซื้อขายออนไลน์ในศาลแพ่ง,https://ratchakitcha.soc.go.th/documents/17191166.pdf,บังคับใช้,,,,20,ธันวาคม,2564,21 ธันวาคม 2564,-,ประกาศ,"พระธรรมนูญศาลยุติธรรม มาตรา 4, พระธรรมนูญศาลยุติธรรม มาตรา 7, พระธรรมนูญศาลยุติธรรม มาตรา 10",สำนักงานศาลยุติธรรม,-,-,-,จัดตั้งแผนกคดีซื้อขายออนไลน์ขึ้นในศาลแพ่งเพื่อรับผิดชอบคดีผู้บริโภคที่เกิดจากการซื้อขายสินค้าหรือบริการบนอินเทอร์เน็ต โดยใช้ระบบศาลอิเล็กทรอนิกส์เต็มรูปแบบในทุกขั้นตอน,ภาคธุรกิจและผู้ประกอบการร้านค้าออนไลน์ต้องดำเนินธุรกิจด้วยความสุจริตและปฏิบัติตามกฎหมายคุ้มครองผู้บริโภคอย่างเคร่งครัด เนื่องจากผู้บริโภคสามารถเข้าถึงกระบวนการยื่นฟ้องร้องทางศาลผ่านระบบออนไลน์ได้สะดวกและรวดเร็วขึ้น,⚪️ เทา (Amendment / No Impact),-,ไม่มี,ราชกิจจานุเบกษา เล่ม 138 ตอนที่ 87 ก หน้า 37,คู่มือการใช้งานระบบการยื่นคำฟ้องอิเล็กทรอนิกส์ (e-Filing) ของศาลแพ่ง (แผนกคดีซื้อขายออนไลน์),,ผู้ประกอบธุรกิจออนไลน์ (e-Commerce) และผู้บริโภคที่มีข้อพิพาทจากการซื้อขายสินค้าหรือบริการบนเครือข่ายอินเทอร์เน็ต,"ระงับข้อพิพาท, ดำเนินคดี, ฟ้องร้อง",สินค้าหรือบริการบนเครือข่ายอินเทอร์เน็ต,"คดีผู้บริโภค, คดีซื้อขายออนไลน์, ศาลอิเล็กทรอนิกส์, ศาลแพ่ง",,"BO3, CC4","1) ผู้ถูกบังคับใช้หลัก: ผู้ประกอบธุรกิจขายสินค้าหรือบริการบนเครือข่ายอินเทอร์เน็ต (Umbrella Term ครอบคลุมธุรกิจ E-commerce หมวด AB7 ร้านค้าออนไลน์)

2) ผู้ให้บริการใน Ecosystem: ศาลแพ่ง / ศาลยุติธรรม (หมวด CC4)

3) ผู้รับผลกระทบสืบเนื่อง: ผู้บริโภคที่ซื้อสินค้าหรือบริการออนไลน์และได้รับความเสียหาย

4) สินค้า/บริการที่ถูกควบคุม: กระบวนการพิจารณาคดีผู้บริโภคที่เกิดจากการซื้อขายออนไลน์

5) ข้อยกเว้น: คดีที่ไม่อาจดำเนินการด้วยระบบศาลอิเล็กทรอนิกส์เต็มรูปแบบได้ ไม่ให้ถือว่าเป็นคดีของแผนกนี้ (ตามข้อ 4 วรรคสอง)


[AB7]: [Rights & Admin] ธุรกิจร้านค้าออนไลน์หรือผู้ที่ขายสินค้า/บริการบนเครือข่ายอินเทอร์เน็ต จะถูกตรวจสอบและอาจถูกผู้บริโภคฟ้องร้องดำเนินคดีผ่านแผนกคดีซื้อขายออนไลน์ได้ง่ายและรวดเร็วขึ้น จึงต้องเตรียมพร้อมรับมือกับข้อพิพาท (อ้างอิงข้อ 3 คดีผู้บริโภค)

[BO3]: [Rights & Admin] กฎหมายนี้เป็นกลไกสำคัญในการคุ้มครองผู้บริโภคทั่วไป (B2C) จากการซื้อขายออนไลน์ เพื่อยกระดับมาตรฐานการประกอบธุรกิจให้เป็นธรรม

[CC4]: [Rights & Admin] เกี่ยวข้องโดยตรงกับอำนาจหน้าที่ของศาลยุติธรรมในการจัดตั้งแผนกคดีใหม่ในศาลแพ่ง และการใช้ระบบศาลอิเล็กทรอนิกส์เต็มรูปแบบ (อ้างอิงข้อ 4)",100%,
212,100212,ประกาศคณะกรรมการการเลือกตั้ง เรื่อง กำหนดวันเลือกตั้ง และวันรับสมัครรับเลือกตั้งสมาชิกสภาผู้แทนราษฎรจังหวัดชุมพร เขตเลือกตั้งที่ ๑ และจังหวัดสงขลา เขตเลือกตั้งที่  ๖ แทนตำแหน่งที่ว่าง,https://ratchakitcha.soc.go.th/documents/17191167.pdf,บังคับใช้,,,,20,ธันวาคม,2564,20 ธันวาคม 2564,-,ประกาศ,พระราชบัญญัติประกอบรัฐธรรมนูญว่าด้วยการเลือกตั้งสมาชิกสภาผู้แทนราษฎร พ.ศ. 2561 มาตรา 12,สำนักงานคณะกรรมการการเลือกตั้ง (กกต.),-,-,"จังหวัดชุมพร, จังหวัดสงขลา",กำหนดให้มีการเลือกตั้งสมาชิกสภาผู้แทนราษฎรแทนตำแหน่งที่ว่างในจังหวัดชุมพร เขตเลือกตั้งที่ 1 และจังหวัดสงขลา เขตเลือกตั้งที่ 6 ในวันอาทิตย์ที่ 16 มกราคม 2565 และกำหนดวันรับสมัครระหว่างวันที่ 23-27 ธันวาคม 2564,ผู้ประสงค์จะสมัครรับเลือกตั้ง ต้องไปยื่นใบสมัครรับเลือกตั้งพร้อมด้วยเอกสารหลักฐานและค่าธรรมเนียมต่อผู้อำนวยการการเลือกตั้งประจำเขตเลือกตั้ง ระหว่างวันที่ 23-27 ธันวาคม 2564 เวลา 08.30 - 16.30 น.,⚪️ เทา (Amendment / No Impact),-,ไม่มี,ราชกิจจานุเบกษา เล่ม 138 ตอนที่ 87 ก หน้า 39,แบบฟอร์มใบสมัครรับเลือกตั้งสมาชิกสภาผู้แทนราษฎร,,ผู้ประสงค์จะสมัครรับเลือกตั้งสมาชิกสภาผู้แทนราษฎร และประชาชนผู้มีสิทธิเลือกตั้งในจังหวัดชุมพร เขตเลือกตั้งที่ 1 และจังหวัดสงขลา เขตเลือกตั้งที่ 6,"กำหนดวันเลือกตั้ง, รับสมัครรับเลือกตั้ง",สมาชิกสภาผู้แทนราษฎร,"คณะกรรมการการเลือกตั้ง, พรรคการเมือง",CB5,"CC5, CC10","1) ผู้ถูกบังคับใช้หลัก: ผู้ประสงค์จะสมัครรับเลือกตั้งสมาชิกสภาผู้แทนราษฎร (ผู้สมัครและพรรคการเมือง หมวด CB5)

2) ผู้ให้บริการใน Ecosystem: คณะกรรมการการเลือกตั้ง (หมวด CC5)

3) ผู้รับผลกระทบสืบเนื่อง: ประชาชนผู้มีสิทธิเลือกตั้งในเขตพื้นที่ (ชุมพรและสงขลา)

4) สินค้า/บริการที่ถูกควบคุม: กระบวนการรับสมัครและกำหนดวันเลือกตั้ง

5) ข้อยกเว้น: ไม่มี


[CB5]: [Direct Duty] ผู้ประสงค์จะสมัครรับเลือกตั้งและพรรคการเมืองที่ส่งผู้สมัครต้องปฏิบัติตามกำหนดการรับสมัครและเตรียมเอกสารตามที่ประกาศกำหนด (อ้างอิงข้อ 2)

[CC5, CC10]: [Rights & Admin] เกี่ยวข้องโดยตรงกับอำนาจหน้าที่ของ กกต. และกระบวนการของรัฐสภา",100%,-
213,100213,ประกาศคณะกรรมการการเลือกตั้ง เรื่อง การสมัครรับเลือกตั้งสมาชิกสภาผู้แทนราษฎรจังหวัดชุมพร เขตเลือกตั้งที่ ๑ และจังหวัดสงขลา เขตเลือกตั้งที่ ๖ แทนตำแหน่งที่ว่าง,https://ratchakitcha.soc.go.th/documents/17191168.pdf,บังคับใช้,,,,20,ธันวาคม,2564,20 ธันวาคม 2564,-,ประกาศ,พระราชบัญญัติประกอบรัฐธรรมนูญว่าด้วยการเลือกตั้งสมาชิกสภาผู้แทนราษฎร พ.ศ. 2561 มาตรา 12,สำนักงานคณะกรรมการการเลือกตั้ง (กกต.),-,-,"จังหวัดชุมพร, จังหวัดสงขลา",กำหนดให้มีการเลือกตั้งสมาชิกสภาผู้แทนราษฎรแทนตำแหน่งที่ว่างในจังหวัดชุมพร เขตเลือกตั้งที่ 1 และจังหวัดสงขลา เขตเลือกตั้งที่ 6 ในวันอาทิตย์ที่ 16 มกราคม 2565 และกำหนดวันรับสมัครระหว่างวันที่ 23-27 ธันวาคม 2564,ผู้ประสงค์จะสมัครรับเลือกตั้ง ต้องไปยื่นใบสมัครรับเลือกตั้งพร้อมด้วยเอกสารหลักฐานและค่าธรรมเนียมต่อผู้อำนวยการการเลือกตั้งประจำเขตเลือกตั้ง ระหว่างวันที่ 23-27 ธันวาคม 2564 เวลา 08.30 - 16.30 น.,⚪️ เทา (Amendment / No Impact),-,ไม่มี,ราชกิจจานุเบกษา เล่ม 138 ตอนที่ 87 ก หน้า 39,แบบฟอร์มใบสมัครรับเลือกตั้งสมาชิกสภาผู้แทนราษฎร,,ผู้ประสงค์จะสมัครรับเลือกตั้งสมาชิกสภาผู้แทนราษฎร และประชาชนผู้มีสิทธิเลือกตั้งในจังหวัดชุมพร เขตเลือกตั้งที่ 1 และจังหวัดสงขลา เขตเลือกตั้งที่ 6,"กำหนดวันเลือกตั้ง, รับสมัครรับเลือกตั้ง",สมาชิกสภาผู้แทนราษฎร,"คณะกรรมการการเลือกตั้ง, พรรคการเมือง",CB5,"CC5, CC10","1) ผู้ถูกบังคับใช้หลัก: ผู้ประสงค์จะสมัครรับเลือกตั้งสมาชิกสภาผู้แทนราษฎร (ผู้สมัครและพรรคการเมือง หมวด CB5)

2) ผู้ให้บริการใน Ecosystem: คณะกรรมการการเลือกตั้ง (หมวด CC5)

3) ผู้รับผลกระทบสืบเนื่อง: ประชาชนผู้มีสิทธิเลือกตั้งในเขตพื้นที่ (ชุมพรและสงขลา)

4) สินค้า/บริการที่ถูกควบคุม: กระบวนการรับสมัครและกำหนดวันเลือกตั้ง

5) ข้อยกเว้น: ไม่มี


[CB5]: [Direct Duty] ผู้ประสงค์จะสมัครรับเลือกตั้งและพรรคการเมืองที่ส่งผู้สมัครต้องปฏิบัติตามกำหนดการรับสมัครและเตรียมเอกสารตามที่ประกาศกำหนด (อ้างอิงข้อ 2)

[CC5, CC10]: [Rights & Admin] เกี่ยวข้องโดยตรงกับอำนาจหน้าที่ของ กกต. และกระบวนการของรัฐสภา",100%,-
214,100214,พระราชกฤษฎีกาให้มีการเลือกตั้งสมาชิกสภาผู้แทนราษฎรจังหวัดชุมพร เขตเลือกตั้งที่ ๑ และจังหวัดสงขลา เขตเลือกตั้งที่ ๖ แทนตำแหน่งที่ว่าง พ.ศ. ๒๕๖๔,https://ratchakitcha.soc.go.th/documents/17190922.pdf,บังคับใช้,,,,18,ธันวาคม,2564,18 ธันวาคม 2564,-,พระราชกฤษฎีกา,-,สำนักงานคณะกรรมการการเลือกตั้ง (กกต.),-,-,"จังหวัดชุมพร, จังหวัดสงขลา",กำหนดให้มีการเลือกตั้งสมาชิกสภาผู้แทนราษฎรแบบแบ่งเขตเลือกตั้งขึ้นแทนตำแหน่งที่ว่าง ในพื้นที่จังหวัดชุมพร เขตเลือกตั้งที่ 1 และจังหวัดสงขลา เขตเลือกตั้งที่ 6,ประชาชนผู้มีสิทธิเลือกตั้งในพื้นที่จังหวัดชุมพร เขตเลือกตั้งที่ 1 และจังหวัดสงขลา เขตเลือกตั้งที่ 6 ควรติดตามประกาศของคณะกรรมการการเลือกตั้งและเตรียมตัวไปใช้สิทธิเลือกตั้งตามวันเวลาที่กำหนด,⚪️ เทา (Amendment / No Impact),-,ไม่มี,ราชกิจจานุเบกษา เล่ม 138 ตอนที่ 86 ก หน้า 1,-,,ประชาชนผู้มีสิทธิเลือกตั้งและผู้ประสงค์จะสมัครรับเลือกตั้งสมาชิกสภาผู้แทนราษฎรในจังหวัดชุมพร เขตเลือกตั้งที่ 1 และจังหวัดสงขลา เขตเลือกตั้งที่ 6,จัดให้มีการเลือกตั้ง,สมาชิกสภาผู้แทนราษฎร,"เลือกตั้งแทนตำแหน่งที่ว่าง, พระราชกฤษฎีกา",CB5,"CC5, CC10","1) ผู้ถูกบังคับใช้หลัก: ผู้ประสงค์จะสมัครรับเลือกตั้งสมาชิกสภาผู้แทนราษฎรและพรรคการเมืองที่ส่งผู้สมัคร (ครอบคลุมในหมวด CB5) ตลอดจนหน่วยงานจัดการเลือกตั้ง

2) ผู้ให้บริการใน Ecosystem: คณะกรรมการการเลือกตั้ง (หมวด CC5)

3) ผู้รับผลกระทบสืบเนื่อง: ประชาชนผู้มีสิทธิเลือกตั้งในจังหวัดชุมพร เขต 1 และจังหวัดสงขลา เขต 6 

4) สินค้า/บริการที่ถูกควบคุม: กระบวนการเลือกตั้งสมาชิกสภาผู้แทนราษฎรแทนตำแหน่งที่ว่าง 

5) ข้อยกเว้น: ไม่มี


[CB5]: [Direct Duty] พรรคการเมืองและผู้สมัครจะต้องดำเนินการตามพระราชกฤษฎีกาที่ให้มีการเลือกตั้งนี้

[CC5]: [Rights & Admin] เกี่ยวข้องโดยตรงกับอำนาจหน้าที่ของคณะกรรมการการเลือกตั้งในการจัดการเลือกตั้ง 

[CC10]: [Rights & Admin] เป็นกระบวนการที่นำไปสู่การได้มาซึ่งสมาชิกสภาผู้แทนราษฎรเพื่อเข้าไปปฏิบัติหน้าที่ในรัฐสภา",100%,-
215,100215,ระเบียบที่ประชุมใหญ่ตุลาการพระธรรมนูญในศาลทหารสูงสุด ว่าด้วยการดำเนินการกรณีบทบัญญัติแห่งกฎหมายที่ศาลจะใช้บังคับแก่คดีหมดความจำเป็นหรือไม่สอดคล้องกับสภาพการณ์ หรือที่เป็นอุปสรรคต่อการดำรงชีวิตหรือการประกอบอาชีพ พ.ศ. ๒๕๖๔,https://ratchakitcha.soc.go.th/documents/17190923.pdf,บังคับใช้,,,,17,ธันวาคม,2564,18 ธันวาคม 2564,-,ระเบียบ,พระราชบัญญัติหลักเกณฑ์การจัดทำร่างกฎหมายและการประเมินผลสัมฤทธิ์ของกฎหมาย พ.ศ. 2562 มาตรา 6 วรรคสี่,กรมพระธรรมนูญ กระทรวงกลาโหม ,-,-,-,กำหนดขั้นตอนและวิธีการสำหรับศาลทหารในการเสนอเรื่องต่อที่ประชุมใหญ่ตุลาการพระธรรมนูญในศาลทหารสูงสุด เพื่อพิจารณาวินิจฉัยในกรณีที่บทบัญญัติแห่งกฎหมายซึ่งมีโทษทางอาญา โทษทางปกครอง หรือผลร้ายอื่น ที่ศาลจะนำมาใช้บังคับแก่คดีนั้น หมดความจำเป็น ไม่สอดคล้องกับสภาพการณ์ หรือเป็นอุปสรรคต่อการดำรงชีวิตและการประกอบอาชีพ หากที่ประชุมใหญ่วินิจฉัยเห็นพ้อง ศาลสามารถใช้ดุลพินิจในการลงโทษน้อยกว่าที่กฎหมายกำหนด หรือกำหนดสภาพบังคับอื่นที่ร้ายแรงน้อยกว่าแทนได้,คู่ความหรือผู้เสียหายในคดีของศาลทหาร ที่เห็นว่าบทบัญญัติทางกฎหมายที่นำมาใช้บังคับแก่คดีของตนหมดความจำเป็น หรือเป็นอุปสรรคต่อการดำรงชีวิตและประกอบอาชีพ สามารถทำคำร้องเป็นหนังสือพร้อมแสดงเหตุผลและหลักฐานประกอบ ยื่นต่อศาลทหารชั้นต้นที่มีเขตอำนาจก่อนเสร็จการพิจารณาคดี เพื่อขอให้ศาลจัดทำความเห็นเสนอต่อที่ประชุมใหญ่ตุลาการพระธรรมนูญในศาลทหารสูงสุดวินิจฉัยชี้ขาด,⚪️ เทา (Amendment / No Impact),-,ไม่มี,ราชกิจจานุเบกษา เล่ม 138 ตอนพิเศษ 309 ง หน้า 1,"คำร้องตามระเบียบที่ประชุมใหญ่ตุลาการพระธรรมนูญในศาลทหารสูงสุด, แบบความเห็นตามระเบียบที่ประชุมใหญ่ตุลาการพระธรรมนูญในศาลทหารสูงสุด",,คู่ความ ผู้เสียหาย และตุลาการพระธรรมนูญในคดีของศาลทหาร,"ร้องขอ, ทำความเห็น, วินิจฉัย, ระงับการบังคับใช้","บทบัญญัติแห่งกฎหมาย, โทษทางอาญา, โทษทางปกครอง","ศาลทหาร, ตุลาการพระธรรมนูญ, ประเมินผลสัมฤทธิ์ของกฎหมาย","CC30, CA2",-,"1) ผู้ถูกบังคับใช้หลัก: บุคคลที่เป็นคู่ความในคดีที่ศาลทหาร (จำเลย/ผู้ร้อง) ที่โต้แย้งข้อกฎหมาย (หมวด CA2), ศาลทหารและตุลาการพระธรรมนูญ (หมวด CC30) 

2) ผู้ให้บริการใน Ecosystem: ตุลาการ, เจ้าหน้าที่ศาล 

3) ผู้รับผลกระทบสืบเนื่อง: บุคคล/ธุรกิจที่อาจถูกลงโทษจากกฎหมายที่หมดความจำเป็นหรือล้าสมัย 

4) สินค้า/บริการที่ถูกควบคุม: กระบวนการพิจารณาคดีในศาลทหารและกระบวนการประเมินผลสัมฤทธิ์ของกฎหมาย 

5) ข้อยกเว้น: ไม่รวมกรณีบทบัญญัติขัดรัฐธรรมนูญ ซึ่งเป็นอำนาจของศาลรัฐธรรมนูญ 


[CC30]: [Rights & Admin] เกี่ยวข้องโดยตรงกับกระบวนการยุติธรรมทางทหารและศาลทหาร 

[CA2]: [Rights & Admin] เกี่ยวข้องกับกระบวนการยุติธรรมทางอาญาและสิทธิของจำเลย/ผู้ต้องหาในการโต้แย้งกฎหมาย",100%,-
216,100216,ระเบียบที่ประชุมใหญ่ตุลาการพระธรรมนูญในศาลทหารสูงสุด ว่าด้วยการดำเนินการกรณีกฎหมายที่ศาลจะใช้บังคับแก่คดีกำหนดให้ต้องมีการออกกฎหรือดำเนินการเพื่อที่ประชาชนจะสามารถปฏิบัติตามกฎหมายหรือได้รับสิทธิประโยชน์จากกฎหมายนั้นได้แต่มิได้มีการออกกฎหรือดำเนินการนั้น พ.ศ. ๒๕๖๔,https://ratchakitcha.soc.go.th/documents/17190924.pdf,บังคับใช้,,,,17,ธันวาคม,2564,18 ธันวาคม 2564,-,ระเบียบ,พระราชบัญญัติหลักเกณฑ์การจัดทำร่างกฎหมายและการประเมินผลสัมฤทธิ์ของกฎหมาย พ.ศ. 2562 มาตรา 22 วรรคเก้า,กรมพระธรรมนูญ กระทรวงกลาโหม ,-,-,-,กำหนดขั้นตอนให้ศาลทหารเสนอเรื่องต่อประธานศาลฎีกาผ่านหัวหน้าสำนักตุลาการทหาร ในกรณีที่กฎหมายซึ่งใช้บังคับคดีกำหนดให้รัฐต้องออกกฎหรือดำเนินการเพื่อให้ประชาชนปฏิบัติตามหรือได้สิทธิประโยชน์ แต่มิได้ดำเนินการภายใน 2 ปี และก่อให้เกิดภาระหรือผลร้ายต่อประชาชน,คู่ความหรือผู้เสียหายในคดีของศาลทหารที่ได้รับผลกระทบจากการที่รัฐไม่ออกกฎหมายลำดับรองตามกำหนดเวลา สามารถทำคำร้องเป็นหนังสือพร้อมเหตุผลยื่นต่อศาลทหารชั้นต้นที่มีเขตอำนาจก่อนเสร็จสิ้นการพิจารณาคดี เพื่อโต้แย้งและขอให้ศาลส่งเรื่องพิจารณาต่อไป,⚪️ เทา (Amendment / No Impact),-,ไม่มี,ราชกิจจานุเบกษา เล่ม 138 ตอนพิเศษ 309 ง หน้า 8,"คำร้องตามระเบียบที่ประชุมใหญ่ตุลาการพระธรรมนูญในศาลทหารสูงสุด, แบบความเห็นตามระเบียบที่ประชุมใหญ่ตุลาการพระธรรมนูญในศาลทหารสูงสุด",,คู่ความ ผู้เสียหาย และตุลาการพระธรรมนูญในคดีของศาลทหาร,"ยื่นคำร้อง, จัดทำความเห็น, เสนอเรื่อง, วินิจฉัย","บทบัญญัติแห่งกฎหมาย, กระบวนการยุติธรรมในศาลทหาร","ตุลาการพระธรรมนูญ, ประเมินผลสัมฤทธิ์ของกฎหมาย, ประธานศาลฎีกา",-,"CC2, CA3, CC4","1) ผู้ถูกบังคับใช้หลัก: คู่ความในคดีศาลทหาร (ผู้ร้อง/จำเลย), ศาลทหาร (ชั้นต้น, กลาง, สูงสุด), และตุลาการพระธรรมนูญ (ครอบคลุมในหมวด CC2) 

2) ผู้ให้บริการใน Ecosystem: -

3) ผู้รับผลกระทบสืบเนื่อง: ประชาชนหรือบุคคลที่อาจได้รับผลร้ายจากการที่รัฐไม่ออกกฎหรือดำเนินการตามที่กฎหมายกำหนด 

4) สินค้า/บริการที่ถูกควบคุม: กระบวนการพิจารณาคำร้องและการเสนอความเห็นทางกฎหมายของศาลทหาร 

5) ข้อยกเว้น: หากศาลเห็นว่าคำร้องยื่นเข้ามาเพื่อประวิงคดีหรือใช้สิทธิโดยไม่สุจริต ศาลมีอำนาจสั่งยกคำร้องได้ทันที (ตามข้อ 12) 


[CC2]: [Rights & Admin] ระเบียบนี้บังคับใช้กับกระบวนการยุติธรรมในศาลทหารและอำนาจหน้าที่ของตุลาการพระธรรมนูญโดยตรง 

[CA3]: [Rights & Admin] เป็นการกำหนดหลักเกณฑ์และวิธีพิจารณาความสำหรับคู่ความในการยื่นคำร้องเพื่อโต้แย้งข้อกฎหมายในชั้นศาล 

[CC4]: [Rights & Admin] กระบวนการนี้กำหนดให้ศาลทหาร (ผ่านหัวหน้าสำนักตุลาการทหาร) ต้องเสนอเรื่องต่อประธานศาลฎีกา เพื่อให้ที่ประชุมใหญ่ศาลฎีกาพิจารณาวินิจฉัยต่อไป",100%,-
217,100217,ระเบียบกรมการขนส่งทางบก ว่าด้วยการรับจ่ายเงินค่าบริการสถานีขนส่งผู้โดยสาร พ.ศ. ๒๕๖๔,https://ratchakitcha.soc.go.th/documents/17190925.pdf,บังคับใช้,,"ระเบียบกระทรวงคมนาคมว่าด้วยการรับจ่ายเงินค่าบริการสถานีขนส่งผู้โดยสาร
กรมการขนส่งทางบก พ.ศ. 2562 ",,17,ธันวาคม,2564,17 ธันวาคม 2564,-,ระเบียบ,พระราชบัญญัติวินัยการเงินการคลังของรัฐ พ.ศ. 2561 มาตรา 34 วรรคห้า,"กรมการขนส่งทางบก, กระทรวงการคลัง",-,-,-,กำหนดหลักเกณฑ์และวิธีการรับเงิน จ่ายเงิน และเก็บรักษาเงินค่าบริการสถานีขนส่งผู้โดยสารของกรมการขนส่งทางบก โดยให้เก็บไว้ใช้จ่ายในอัตราร้อยละ 75 และส่วนที่เหลือให้นำส่งคลังเป็นรายได้แผ่นดิน พร้อมทั้งกำหนดข้อห้ามการใช้จ่ายในบางรายการเว้นแต่ได้รับอนุมัติ,เจ้าหน้าที่ที่ดูแลสถานีขนส่งต้องออกใบเสร็จรับเงินของทางราชการทุกครั้ง นำเงินรายรับฝากกระทรวงการคลังหรือสำนักงานคลังจังหวัด ห้ามนำไปจ่ายก่อนฝาก และต้องจัดทำรายงานการรับจ่ายเงินส่งกรมบัญชีกลางภายใน 60 วันนับแต่วันสิ้นปีงบประมาณ,⚪️ เทา (Amendment / No Impact),-,ไม่มี,ราชกิจจานุเบกษา เล่ม 138 ตอนพิเศษ 309 ง หน้า 13,"มาตรฐานการบัญชีภาครัฐและนโยบายการบัญชีภาครัฐ, แบบใบเสร็จรับเงินของทางราชการ",,กรมการขนส่งทางบก และสำนักงานขนส่งจังหวัด,"รับเงิน, จ่ายเงิน, เก็บรักษาเงิน, นำส่งคลัง, จัดซื้อจัดจ้าง","เงินค่าบริการสถานีขนส่งผู้โดยสาร, บัญชีเงินฝาก","วินัยการเงินการคลังของรัฐ, กรมการขนส่งทางบก, สถานีขนส่งผู้โดยสาร, กระทรวงการคลัง",-,"CC24, BY1","[CC24]: [Direct Duty] กรมการขนส่งทางบกมีหน้าที่ต้องปฏิบัติตามหลักเกณฑ์การรับ จ่าย เก็บรักษาเงินค่าบริการสถานีขนส่งผู้โดยสาร และการนำส่งคลังเป็นรายได้แผ่นดิน (ข้อ 5, 7, 8) 

[BY1]: [Service Opportunity] กรมการขนส่งทางบกสามารถนำเงินค่าบริการไปก่อหนี้ผูกพันเพื่อจัดซื้อจัดจ้างพัสดุสำหรับกิจการสถานีขนส่งผู้โดยสาร ซึ่งเปิดโอกาสให้เอกชนคู่ค้ารับงานภายใต้กฎหมายจัดซื้อจัดจ้างภาครัฐ (ข้อ 12)",100%,ยกเลิกระเบียบกระทรวงคมนาคมว่าด้วยการรับจ่ายเงินค่าบริการสถานีขนส่งผู้โดยสาร กรมการขนส่งทางบก พ.ศ. ๒๕๖๒ (ข้อ 3) 
218,100218,ระเบียบกรมการขนส่งทางบก ว่าด้วยการรับจ่ายเงินค่าบริการสถานีขนส่งสัตว์หรือสิ่งของ พ.ศ. ๒๕๖๔,https://ratchakitcha.soc.go.th/documents/17190926.pdf,บังคับใช้,,"ระเบียบกระทรวงคมนาคมว่าด้วยการรับจ่ายเงินค่าบริการสถานีขนส่งสัตว์
หรือสิ่งของกรมการขนส่งทางบก พ.ศ. 2562",,17,ธันวาคม,2564,17 ธันวาคม 2564,-,ระเบียบ,พระราชบัญญัติวินัยการเงินการคลังของรัฐ พ.ศ. 2561 มาตรา 34 วรรคห้า,"กรมการขนส่งทางบก, กระทรวงการคลัง",-,-,-,กำหนดหลักเกณฑ์และวิธีการรับ จ่าย และเก็บรักษาเงินค่าบริการสถานีขนส่งสัตว์หรือสิ่งของของกรมการขนส่งทางบก โดยให้เก็บไว้ใช้จ่ายร้อยละ 75 ส่วนที่เหลือนำส่งคลังเป็นรายได้แผ่นดิน และกำหนดข้อห้ามการใช้จ่ายเงินเว้นแต่ได้รับอนุมัติจากกระทรวงการคลังหรือสำนักงบประมาณ,เจ้าหน้าที่สถานีขนส่งต้องออกใบเสร็จรับเงินทุกครั้ง นำเงินรายรับฝากกระทรวงการคลังหรือสำนักงานคลังจังหวัด ห้ามนำเงินไปใช้จ่ายก่อนฝากเข้าบัญชี และต้องส่งรายงานการรับจ่ายเงินต่อกรมบัญชีกลางภายใน 60 วันนับแต่วันสิ้นปีงบประมาณ,⚪️ เทา (Amendment / No Impact),-,-,ราชกิจจานุเบกษา เล่ม 138 ตอนพิเศษ 309 ง หน้า 16,"แบบใบเสร็จรับเงินของทางราชการ, มาตรฐานการบัญชีภาครัฐและนโยบายการบัญชีภาครัฐ, รูปแบบรายงานการรับ - จ่ายเงิน ตามที่กรมบัญชีกลางกำหนด",,กรมการขนส่งทางบก และสำนักงานขนส่งจังหวัด,"รับจ่ายเงิน, เก็บค่าบริการ, บริหารจัดการสถานีขนส่ง, นำส่งเงินคลัง","สถานีขนส่งสัตว์หรือสิ่งของ, พื้นที่เชิงพาณิชย์ในสถานีขนส่ง","ระเบียบกรมการขนส่งทางบก, พ.ร.บ.วินัยการเงินการคลังของรัฐ, กระทรวงการคลัง",,"CC24, BY1","[CC24]: [Direct Duty] กรมการขนส่งทางบกมีหน้าที่ต้องปฏิบัติตามหลักเกณฑ์การรับ จ่าย เก็บรักษาเงินค่าบริการสถานีขนส่ง และการนำส่งคลังเป็นรายได้แผ่นดิน (ข้อ 5, 7, 8)  [BY1]: [Service Opportunity] กรมการขนส่งทางบกสามารถนำเงินค่าบริการไปก่อหนี้ผูกพันเพื่อจัดซื้อจัดจ้างพัสดุสำหรับกิจการสถานีขนส่ง ซึ่งเปิดโอกาสให้เอกชนคู่ค้ารับงานภายใต้กฎหมายจัดซื้อจัดจ้างภาครัฐ (ข้อ 12)",100%,ยกเลิกระเบียบกระทรวงคมนาคมว่าด้วยการรับจ่ายเงินค่าบริการสถานีขนส่งสัตว์หรือสิ่งของกรมการขนส่งทางบก พ.ศ. 2562
219,100219,ระเบียบกรมเจ้าท่า ว่าด้วยการกำหนดเขตการเดินเรือของเรือกลลำน้ำ เรือลำน้ำที่มิใช่เรือกล เรือกลเดินทะเลเฉพาะเขตและเรือเดินทะเลที่มิใช่เรือกล ที่เดินภายในประเทศ พ.ศ. ๒๕๖๔,https://ratchakitcha.soc.go.th/documents/17190927.pdf,บังคับใช้,,"ระเบียบกรมเจ้าท่า ว่าด้วยเขตการเดินเรือของเรือกลเดินทะเลเฉพาะเขต
และเรือเดินทะเลที่มิใช่เรือกลเดินภายในประเทศ พ.ศ. ๒๕๕๕",,17,ธันวาคม,2564,18 ธันวาคม 2564,-,ระเบียบ,"พระราชบัญญัติการเดินเรือในน่านน้ำไทย พระพุทธศักราช ๒๔๕๖ มาตรา ๑๖๓, พระราชบัญญัติการเดินเรือในน่านน้ำไทย พระพุทธศักราช ๒๔๕๖ มาตรา ๑๖๓๗/๑","กรมเจ้าท่า, กระทรวงคมนาคม",-,-,-,ระเบียบนี้กำหนดเขตการเดินเรือและระยะห่างจากฝั่งหรือเกาะสำหรับเรือกลลำน้ำ เรือลำน้ำที่มิใช่เรือกล เรือกลเดินทะเลเฉพาะเขต และเรือเดินทะเลที่มิใช่เรือกล ที่เดินภายในประเทศ เพื่อความปลอดภัยในการเดินเรือตามขนาดตันกรอสของเรือ,ผู้ประกอบการและเจ้าของเรือต้องควบคุมให้เรือเดินอยู่ในเขตและห่างจากฝั่งหรือเกาะไม่เกินระยะไมล์ทะเลที่กำหนดไว้ตามขนาดและประเภทของเรือ กรณีเรือเจ็ตสกีเพื่อเช่าต้องเดินเรือในเขตควบคุมหรือเขตเล่นกีฬาทางน้ำที่กำหนดเป็นการเฉพาะ และต้องปฏิบัติตามคำสั่งของเจ้าพนักงานตรวจเรือด้านความปลอดภัยและระยะเดินเรืออย่างเคร่งครัด,โทษเชื่อมโยงจากกฎหมายแม่,รอเชื่อมโยง: พระราชบัญญัติการเดินเรือในน่านน้ำไทย พระพุทธศักราช ๒๔๕๖ มาตรา ๑๖๓ และมาตรา ๑๖๓/๑,ใบอนุญาตใช้เรือ,ราชกิจจานุเบกษา เล่ม ๑๓๘ ตอนพิเศษ ๓๐๙ ง หน้า ๑๙,หนังสือรับรองการผ่านเกณฑ์การทดสอบการทรงตัวของเรือ (Intact Stability and Damage Stability Information) จากสำนักมาตรฐานเรือ กรมเจ้าท่า,,ผู้ประกอบการและเจ้าของเรือกลลำน้ำ เรือลำน้ำที่มิใช่เรือกล เรือกลเดินทะเลเฉพาะเขต เรือเดินทะเลที่มิใช่เรือกล และผู้ให้บริการเรือเจ็ตสกีเพื่อเช่า,"เดินเรือ, กำหนดเขตการเดินเรือ, ตรวจเรือ, เช่า","เรือกลลำน้ำ, เรือลำน้ำที่มิใช่เรือกล, เรือกลเดินทะเลเฉพาะเขต, เรือเดินทะเลที่มิใช่เรือกล, เจ็ตสกี","เขตการเดินเรือ, ระยะเดินเรือห่างจากฝั่ง, กรมเจ้าท่า, ใบอนุญาตใช้เรือ, เจ้าพนักงานตรวจเรือ","BE1, BE2, BE5, B9, B10, B11, X6",-,"[BE1]: [Direct Duty] ผู้ประกอบการเดินเรือต้องปฏิบัติตามการกำหนดเขตการเดินเรือและระยะห่างจากฝั่ง ตามข้อ 3 และข้อ 4

[BE2]: [Direct Duty] ผู้ประกอบการเรือโดยสารและเจ็ตสกีเพื่อเช่าต้องเดินเรือในเขตพื้นที่ควบคุมเฉพาะ ตามข้อ 5

[BE5]: [Direct Duty] เป็นระเบียบข้อบังคับหลักของกรมเจ้าท่าที่ออกตาม พ.ร.บ.การเดินเรือในน่านน้ำไทย

[B9]: [Direct Duty] ตีความจาก ""เรือกลเดินทะเลเฉพาะเขต"" เป็นร่มใหญ่ (Umbrella Term) ที่ครอบคลุมเรือประมงขนาดเล็ก (ไม่เกิน 15 ตันกรอส) ต้องเดินเรือตามระยะห่างจากฝั่งที่กำหนด ตามข้อ 4

[B10]: [Direct Duty] ตีความจาก ""เรือกลเดินทะเลเฉพาะเขต"" ขนาด 15-30 ตันกรอส (เรือประมงพาณิชย์) ต้องปฏิบัติตามเขตการเดินเรือ ตามข้อ 4

[B11]: [Direct Duty] ตีความจาก ""เรือกลเดินทะเลเฉพาะเขต"" ขนาด 30 ตันกรอสขึ้นไป (กองเรืออุตสาหกรรม) ต้องปฏิบัติตามเขตการเดินเรือ ตามข้อ 4

[X6]: [Direct Duty] ตีความรวมถึงเจ็ตสกีไฟฟ้าหรือยานยนต์ไฟฟ้าทางน้ำเพื่อเช่า ที่ต้องเดินเรือในเขตควบคุม ตามข้อ 5",100%,ยกเลิกระเบียบกรมเจ้าท่า ว่าด้วยเขตการเดินเรือของเรือกลเดินทะเลเฉพาะเขตฯ พ.ศ. 2555 (ตามข้อ 1) / สำหรับเรือที่ใบอนุญาตใช้เรือยังไม่สิ้นอายุ ให้ใช้เขตการเดินเรือเดิมได้จนกว่าใบอนุญาตจะหมดอายุ (ตามข้อ 6)
220,100220,ระเบียบสำนักทะเบียนกลาง ว่าด้วยการจัดทำทะเบียนราษฎร (ฉบับที่ ๘) พ.ศ. ๒๕๖๔,https://ratchakitcha.soc.go.th/documents/17190928.pdf,บังคับใช้,,,"ยกเลิกความตามข้อ 115, 116, 117 และ 120 ของระเบียบสำนักทะเบียนกลางว่าด้วยการจัดทำทะเบียนราษฎร พ.ศ. 2535",17,ธันวาคม,2564,18 ธันวาคม 2564,-,ระเบียบ,"พระราชบัญญัติการทะเบียนราษฎร พ.ศ. ๒๕๓๔ มาตรา ๘/๒ วรรคหนึ่ง (๑), พระราชบัญญัติการทะเบียนราษฎร พ.ศ. ๒๕๓๔ มาตรา ๒๗, พระราชบัญญัติการทะเบียนราษฎร พ.ศ. ๒๕๓๔ มาตรา ๔๐", สำนักบริหารการทะเบียน กรมการปกครอง ,-,-,-,แก้ไขเพิ่มเติมหลักเกณฑ์การยื่นคำร้องขอแก้ไขเปลี่ยนแปลงรายการในเอกสารการทะเบียนราษฎร เช่น ทะเบียนบ้าน สูติบัตร มรณบัตร ทะเบียนคนเกิด โดยกำหนดเอกสารหลักฐานที่ต้องใช้ประกอบการยื่นต่อนายทะเบียน นอกจากนี้ยังกำหนดให้นายทะเบียนสามารถแก้ไขคำนำหน้านามของบุคคลที่มีอายุครบ 15 ปีบริบูรณ์จากเด็กชายหรือเด็กหญิงเป็นนายหรือนางสาวในระบบได้โดยที่บุคคลนั้นไม่ต้องยื่นคำร้องใหม่,ผู้ที่ประสงค์จะแก้ไขเปลี่ยนแปลงข้อมูลในเอกสารทะเบียนราษฎร ต้องยื่นคำร้องตามแบบที่กำหนดต่อนายทะเบียน ณ สำนักทะเบียนอำเภอหรือท้องถิ่น พร้อมนำบัตรประจำตัวประชาชน เอกสารที่ต้องการแก้ไข และเอกสารราชการที่เกี่ยวข้องไปแสดง กรณีมอบอำนาจให้ผู้อื่นดำเนินการแทนต้องมีหนังสือมอบอำนาจพร้อมสำเนาบัตรประจำตัวประชาชนของผู้มอบอำนาจที่ลงชื่อรับรองสำเนาถูกต้อง,⚪️ เทา,-,แบบคำร้องขอแก้ไขเปลี่ยนแปลงรายการในเอกสารการทะเบียนราษฎร,ราชกิจจานุเบกษา เล่ม ๑๓๘ ตอนพิเศษ ๓๐๙ ง หน้า ๒๔-๒๕,"แบบคำร้องต่อนายทะเบียน, หนังสือมอบอำนาจ, หลักฐานการเป็นผู้ปกครองตามกฎหมาย, คำสั่งศาลแต่งตั้งผู้พิทักษ์หรือผู้อนุบาล",,ผู้ที่ประสงค์จะขอแก้ไขเปลี่ยนแปลงรายการในทะเบียนบ้าน ทะเบียนบ้านกลาง สูติบัตร มรณบัตร ทะเบียนคนเกิด ทะเบียนคนตาย และเอกสารการทะเบียนราษฎรอื่น,"ขอแก้ไขเปลี่ยนแปลงรายการ, ยื่นคำร้อง, ตรวจสอบรายการบุคคล, แก้ไขคำนำหน้านาม","ทะเบียนบ้าน, ทะเบียนบ้านกลาง, สูติบัตร, มรณบัตร, ทะเบียนคนเกิด, ทะเบียนคนตาย, ทะเบียนประวัติคนซึ่งไม่มีสัญชาติไทย","ทะเบียนราษฎร, นายทะเบียน, สำนักทะเบียนอำเภอ, หนังสือมอบอำนาจ, คำนำหน้านาม",-,CC15,[CC15]: [Direct Duty] ประชาชนผู้เป็นเจ้าของรายการ (หรือผู้ปกครอง/ผู้รับมอบอำนาจ) ต้องใช้พยานหลักฐานตามที่กำหนดในการขอแก้ไขเปลี่ยนแปลงเอกสารทะเบียนราษฎร และนายทะเบียนต้องปฏิบัติตามขั้นตอนการแก้ไขข้อมูลรวมถึงการปรับคำนำหน้านามเมื่ออายุครบ 15 ปีบริบูรณ์โดยอัตโนมัติ ตามข้อ 3 และข้อ 5,100%,"ยกเลิกความตามข้อ 115, 116, 117 และ 120 ของระเบียบสำนักทะเบียนกลางว่าด้วยการจัดทำทะเบียนราษฎร พ.ศ. 2535"
221,100221,ระเบียบคณะกรรมการกำกับกิจการพลังงาน ว่าด้วยเงินช่วยเหลือค่าที่พักอาศัยของพนักงานและลูกจ้างสำนักงานคณะกรรมการกำกับกิจการพลังงาน พ.ศ. ๒๕๖๔,https://ratchakitcha.soc.go.th/documents/17190929.pdf,บังคับใช้,,ระเบียบคณะกรรมการกำกับกิจการพลังงาน ว่าด้วยค่าเช่าที่พักอาศัยของพนักงานและลูกจ้างสำนักงานคณะกรรมการกำกับกิจการพลังงาน พ.ศ. ๒๕๕๔,,17,ธันวาคม,2564,1 ตุลาคม 2564,-,ระเบียบ,พระราชบัญญัติการประกอบกิจการพลังงาน พ.ศ. ๒๕๕๐ มาตรา ๓๓ (๘),"สำนักงานคณะกรรมการกำกับกิจการพลังงาน (กกพ.), กระทรวงพลังงาน",-,-,-,"กำหนดหลักเกณฑ์และอัตราเงินช่วยเหลือค่าที่พักอาศัยแบบเหมาจ่ายรายเดือนให้แก่พนักงานและลูกจ้างของสำนักงานคณะกรรมการกำกับกิจการพลังงาน สำหรับผู้ที่ได้รับคำสั่งให้ไปปฏิบัติงานประจำสำนักงานในฝ่ายงานใหม่หรือต่างท้องที่ที่บรรจุครั้งแรก โดยจ่ายตามระดับตำแหน่งในอัตรา 3,000 ถึง 5,000 บาทต่อเดือน",ไม่มีข้อปฏิบัติสำหรับภาคเอกชน เนื่องจากเป็นระเบียบภายในที่กำหนดสวัสดิการการเบิกจ่ายเงินช่วยเหลือค่าที่พักอาศัยสำหรับพนักงานและลูกจ้างของสำนักงานคณะกรรมการกำกับกิจการพลังงานเท่านั้น,🔵 ฟ้า,ระเบียบภาครัฐ,แบบแจ้งความจำนงการขอใช้สิทธิเบิกเงินช่วยเหลือค่าที่พักอาศัย,ราชกิจจานุเบกษา เล่ม ๑๓๘ ตอนพิเศษ ๓๐๙ ง หน้า ๒๖-๒๙,"ระเบียบคณะกรรมการกำกับกิจการพลังงานว่าด้วยการบริหารงานบุคคล, แบบแจ้งความจำนงการขอใช้สิทธิเบิกเงินช่วยเหลือค่าที่พักอาศัย",,พนักงานและลูกจ้างสำนักงานคณะกรรมการกำกับกิจการพลังงาน,"เบิกจ่าย, จ่ายเงินช่วยเหลือ, ปฏิบัติงานประจำต่างท้องที่","เงินช่วยเหลือค่าที่พักอาศัย, สวัสดิการพนักงาน","กกพ., สำนักงานคณะกรรมการกำกับกิจการพลังงาน, ค่าเช่าที่พักอาศัย, การบริหารงานบุคคล",-,CC32,[CC32]: [Rights & Admin] เป็นระเบียบภายในที่กำหนดสิทธิสวัสดิการการเบิกจ่ายเงินช่วยเหลือค่าที่พักอาศัยแบบเหมาจ่าย สำหรับพนักงานและลูกจ้างของสำนักงาน กกพ. ที่ได้รับคำสั่งให้ไปปฏิบัติงานประจำในต่างท้องที่ ตามข้อ 6 และข้อ 13,100%,ยกเลิกระเบียบคณะกรรมการกำกับกิจการพลังงาน ว่าด้วยค่าเช่าที่พักอาศัยฯ พ.ศ. 2554 (ตามข้อ 3)
222,100222,พระราชกฤษฎีกาว่าด้วยปริญญาในสาขาวิชา อักษรย่อสำหรับสาขาวิชา ครุยวิทยฐานะ เข็มวิทยฐานะ และครุยประจำตำแหน่งของมหาวิทยาลัยราชภัฏศรีสะเกษ (ฉบับที่ ๔) พ.ศ. ๒๕๖๔,https://ratchakitcha.soc.go.th/documents/17190726.pdf,บังคับใช้,,,ยกเลิกความในมาตรา 4 และมาตรา 6 แห่งพระราชกฤษฎีกาว่าด้วยปริญญาในสาขาวิชา อักษรย่อสำหรับสาขาวิชา ครุยวิทยฐานะ เข็มวิทยฐานะ และครุยประจำตำแหน่งของมหาวิทยาลัยราชภัฏศรีสะเกษ พ.ศ. 2552,16,ธันวาคม,2564,17 ธันวาคม 2564,-,พระราชกฤษฎีกา,พระราชบัญญัติมหาวิทยาลัยราชภัฏ พ.ศ. ๒๕๔๗ มาตรา ๖๐ วรรคสอง,"มหาวิทยาลัยราชภัฏศรีสะเกษ, กระทรวงการอุดมศึกษา วิทยาศาสตร์ วิจัยและนวัตกรรม",-,-,-,แก้ไขเพิ่มเติมลักษณะและส่วนประกอบของครุยวิทยฐานะสำหรับดุษฎีบัณฑิต มหาบัณฑิต บัณฑิต และครุยประจำตำแหน่งของนายกสภามหาวิทยาลัย กรรมการสภามหาวิทยาลัย อธิการบดี ผู้บริหาร และคณาจารย์ของมหาวิทยาลัยราชภัฏศรีสะเกษ,ไม่มีข้อปฏิบัติสำหรับภาคเอกชนหรือประชาชนทั่วไป เนื่องจากเป็นกฎหมายที่กำหนดรูปแบบและลักษณะของครุยวิทยฐานะและครุยประจำตำแหน่งสำหรับบุคลากรและผู้สำเร็จการศึกษาของมหาวิทยาลัยราชภัฏศรีสะเกษเป็นการเฉพาะ,⚪️ เทา,-,-,ราชกิจจานุเบกษา เล่ม ๑๓๘ ตอนที่ ๔๕ ก หน้า ๑ - ๕,-,,"มหาวิทยาลัยราชภัฏศรีสะเกษ, สภามหาวิทยาลัย, ผู้บริหาร, คณาจารย์, และผู้สำเร็จการศึกษา","กำหนดลักษณะครุย, กำหนดเครื่องหมายประกอบครุย, เปลี่ยนแปลงรูปแบบ","ครุยวิทยฐานะ, ครุยประจำตำแหน่ง, เข็มวิทยฐานะ, สายสร้อยประกอบครุย","มหาวิทยาลัยราชภัฏศรีสะเกษ, พระราชกฤษฎีกา, ปริญญา, สำรด",AM6,-,"[AM6]: [Direct Duty] มหาวิทยาลัยราชภัฏศรีสะเกษ ต้องบังคับใช้และยึดถือรูปแบบลักษณะครุยวิทยฐานะและครุยประจำตำแหน่งตามที่กำหนดในพระราชกฤษฎีกานี้อย่างเคร่งครัด (ตามมาตรา 3 และมาตรา 4)

[M2]: [Service Opportunity] ธุรกิจร้านรับตัดชุดครุยหรือร้านตัดเย็บเสื้อผ้า ต้องทราบรายละเอียดข้อกำหนดของชนิดผ้า แถบสี และขนาดของสำรด เพื่อนำไปผลิตชุดครุยให้ถูกต้องตามกฎระเบียบของมหาวิทยาลัย (ตามมาตรา 3 และมาตรา 4)",100%,ยกเลิกความในมาตรา 4 และมาตรา 6 แห่งพระราชกฤษฎีกาว่าด้วยปริญญาในสาขาวิชา อักษรย่อสำหรับสาขาวิชา ครุยวิทยฐานะ เข็มวิทยฐานะ และครุยประจำตำแหน่งของมหาวิทยาลัยราชภัฏศรีสะเกษ พ.ศ. 2552
223,100223,พระราชกฤษฎีกากำหนดเขตที่ดินที่จะเวนคืน ในท้องที่ตำบลบ้านใหม่ อำเภอพระนครศรีอยุธยา ตำบลวัดยม ตำบลมหาพราหมณ์ ตำบลสะพานไทย ตำบลพระขาว อำเภอบางบาล และตำบลบ้านกลึง ตำบลกระแชง ตำบลช้างน้อย ตำบลบ้านแป้ง ตำบลสนามชัย ตำบลบางไทร ตำบลราชคราม อำเภอบางไทร จังหวัดพระนครศรีอยุธยา พ.ศ. ๒๕๖๔,https://ratchakitcha.soc.go.th/documents/17190727.pdf,สิ้นผล,,,,16,ธันวาคม,2564,17 ธันวาคม 2564,16 ธันวาคม 2567,พระราชกฤษฎีกา,"พระราชบัญญัติว่าด้วยการเวนคืนและการได้มาซึ่งอสังหาริมทรัพย์ พ.ศ. ๒๕๖๒ มาตรา ๘ วรรคหนึ่ง, พระราชบัญญัติการชลประทานหลวง พุทธศักราช ๒๔๘๕ มาตรา ๑๑ วรรคหนึ่ง","กรมชลประทาน, กระทรวงเกษตรและสหกรณ์",-,"พระนครศรีอยุธยา, บางบาล, บางไทร",พระนครศรีอยุธยา,กำหนดแนวเขตที่ดินที่จะถูกเวนคืนในพื้นที่อำเภอพระนครศรีอยุธยา อำเภอบางบาล และอำเภอบางไทร จังหวัดพระนครศรีอยุธยา เพื่อใช้ในการก่อสร้างคลองระบายน้ำ ประตูระบายน้ำ สถานีสูบน้ำ อาคารประกอบ และสิ่งจำเป็นในการชลประทานอื่นๆ ตามโครงการระบบระบายน้ำหลากบางบาล-บางไทร โดยให้มีผลบังคับใช้เป็นเวลา 3 ปี,เจ้าของที่ดินและอสังหาริมทรัพย์ที่อยู่ในแนวเขตที่กำหนดต้องอนุญาตและอำนวยความสะดวกให้เจ้าหน้าที่จากกรมชลประทานสามารถเริ่มต้นเข้าสำรวจที่ดินเพื่อเตรียมการเวนคืนภายใน 60 วันนับแต่กฎหมายบังคับใช้,⚪️ เทา,-,ไม่มี,ราชกิจจานุเบกษา เล่ม ๑๓๘ ตอนที่ ๔๕ ก หน้า ๖ - ๙,-,,เจ้าของที่ดินและผู้อยู่อาศัยในเขตพื้นที่ตำบลบ้านใหม่ อำเภอพระนครศรีอยุธยา ตำบลวัดยม ตำบลมหาพราหมณ์ ตำบลสะพานไทย ตำบลพระขาว อำเภอบางบาล และตำบลบ้านกลึง ตำบลกระแชง ตำบลช้างน้อย ตำบลบ้านแป้ง ตำบลสนามชัย ตำบลบางไทร ตำบลราชคราม อำเภอบางไทร จังหวัดพระนครศรีอยุธยา,"เวนคืนที่ดิน, เข้าสำรวจที่ดิน, ก่อสร้างคลองระบายน้ำ","ที่ดิน, อสังหาริมทรัพย์, โครงสร้างชลประทาน","กำหนดเขตที่ดินที่จะเวนคืน, ระบบระบายน้ำหลาก, การชลประทานหลวง",,CD3,[CD3]: [Direct Duty] เจ้าของที่ดินต้องยอมให้เจ้าหน้าที่เข้าไปสำรวจที่ดินและอสังหาริมทรัพย์เพื่อการเวนคืน ตามมาตรา ๖,100%,กฎหมายนี้ให้ใช้บังคับได้มีกำหนดสามปี / ไม่มีกลุ่มใดได้รับข้อยกเว้นตามกฎหมายแม่
224,100224,พระราชกฤษฎีกาจัดตั้งสถาบันเพื่อการยุติธรรมแห่งประเทศไทย (องค์การมหาชน) พ.ศ. ๒๕๖๔,https://ratchakitcha.soc.go.th/documents/17190728.pdf,บังคับใช้,,พระราชกฤษฎีกาจัดตั้งสถาบันเพื่อการยุติธรรมแห่งประเทศไทย (องค์การมหาชน) พ.ศ. ๒๕๕๔,,16,ธันวาคม,2564,17 ธันวาคม 2564,-,พระราชกฤษฎีกา,พระราชบัญญัติองค์การมหาชน พ.ศ. ๒๕๔๒ มาตรา ๕,"สถาบันเพื่อการยุติธรรมแห่งประเทศไทย (องค์การมหาชน) (TIJ), กระทรวงยุติธรรม",-,-,-,จัดตั้งสถาบันเพื่อการยุติธรรมแห่งประเทศไทย (องค์การมหาชน) หรือ สธท. ขึ้นใหม่โดยยกเลิกฉบับเดิม เพื่อส่งเสริมการอนุวัติข้อกำหนดสหประชาชาติว่าด้วยการปฏิบัติต่อผู้ต้องขังหญิง (Bangkok Rules) ศึกษาวิจัยและเผยแพร่มาตรฐานกระบวนการยุติธรรมทางอาญา รวมถึงเป็นศูนย์กลางความเป็นเลิศระดับนานาชาติในการปฏิบัติต่อผู้กระทำผิด โดยกำหนดโครงสร้างคณะกรรมการ ทุน รายได้ และการบริหารงาน,ไม่มีข้อปฏิบัติสำหรับภาคเอกชนหรือประชาชนทั่วไป เนื่องจากเป็นกฎหมายที่กำหนดการจัดตั้ง โครงสร้างอำนาจหน้าที่ และการบริหารงานเป็นการภายในของสถาบันเพื่อการยุติธรรมแห่งประเทศไทย (องค์การมหาชน) เท่านั้น,🔵 ฟ้า,-,ไม่มี,ราชกิจจานุเบกษา เล่ม ๑๓๘ ตอนที่ ๔๕ ก หน้า ๑๐-๒๖,-,,"สถาบันเพื่อการยุติธรรมแห่งประเทศไทย (องค์การมหาชน), คณะกรรมการสถาบันฯ, และเจ้าหน้าที่ผู้ปฏิบัติงานของสถาบัน","จัดตั้งองค์การมหาชน, ดำเนินกิจการ, บริหารงาน, เผยแพร่ความรู้","สถาบันเพื่อการยุติธรรมแห่งประเทศไทย (TIJ), องค์การมหาชน, กระบวนการยุติธรรม","พระราชกฤษฎีกาจัดตั้ง, องค์การมหาชน, สถาบันเพื่อการยุติธรรมแห่งประเทศไทย, การบริหารงานบุคคล",,CC28,กฎหมายนี้เป็นการจัดตั้งและกำหนดโครงสร้างหน้าที่ขององค์การมหาชน (สถาบันเพื่อการยุติธรรมแห่งประเทศไทย) ซึ่งเป็นหน่วยงานภาครัฐ จึงไม่กระทบต่อภาคธุรกิจเอกชนโดยตรง แต่จัดอยู่ในหมวดองค์การมหาชน (CC28) ความมั่นใจ 100%,100%,ยกเลิกพระราชกฤษฎีกาจัดตั้งสถาบันเพื่อการยุติธรรมแห่งประเทศไทย (องค์การมหาชน) พ.ศ. 2554 (ตามมาตรา 3)
225,100225,ระเบียบวิธีปฏิบัติสำนักงานคณะกรรมการกำกับหลักทรัพย์และตลาดหลักทรัพย์ ว่าด้วยการรับส่งข้อมูลอิเล็กทรอนิกส์ พ.ศ. ๒๕๖๔,https://ratchakitcha.soc.go.th/documents/17190730.pdf,บังคับใช้,,"(1) ระเบียบวิธีปฏิบัติสำนักงานคณะกรรมการกำกับหลักทรัพย์และตลาดหลักทรัพย์ ว่าด้วยการรับส่งข้อมูลอิเล็กทรอนิกส์ พ.ศ. 2557 ลงวันที่ 11 กันยายน พ.ศ. 2557

(2) ระเบียบวิธีปฏิบัติสำนักงานคณะกรรมการกำกับหลักทรัพย์และตลาดหลักทรัพย์ ว่าด้วยการรับส่งข้อมูลอิเล็กทรอนิกส์ (ฉบับที่ 2) พ.ศ. 2560 ลงวันที่ 10 เมษายน พ.ศ. 2560  

(3) ระเบียบวิธีปฏิบัติสำนักงานคณะกรรมการกำกับหลักทรัพย์และตลาดหลักทรัพย์ ว่าด้วยการรับส่งข้อมูลอิเล็กทรอนิกส์ (ฉบับที่ 3) พ.ศ. 2563 ลงวันที่ 17 กันยายน พ.ศ. 2563",,16,ธันวาคม,2564,16 ธันวาคม 2564,-,ระเบียบ,"พระราชบัญญัติคุ้มครองข้อมูลส่วนบุคคล พ.ศ. ๒๕๖๒ มาตรา ๒๔ (๔), พระราชบัญญัติคุ้มครองข้อมูลส่วนบุคคล พ.ศ. ๒๕๖๒ มาตรา ๒๕ วรรคหนึ่ง (๒), พระราชบัญญัติคุ้มครองข้อมูลส่วนบุคคล พ.ศ. ๒๕๖๒ มาตรา ๒๗","สำนักงานคณะกรรมการกำกับหลักทรัพย์และตลาดหลักทรัพย์ (ก.ล.ต.), กระทรวงการคลัง",-,-,-,ระเบียบนี้กำหนดหลักเกณฑ์และกระบวนการรับส่งข้อมูลอิเล็กทรอนิกส์ระหว่างผู้ส่งข้อมูลกับสำนักงาน ก.ล.ต. เพื่อรองรับการนำส่งข้อมูลอิเล็กทรอนิกส์จากทุกประเภทผู้ใช้งาน รองรับการลงตราประทับอิเล็กทรอนิกส์ของนิติบุคคล และยกระดับการพิสูจน์ยืนยันตัวตนให้มีความปลอดภัยตามมาตรฐานสากล,ผู้ประสงค์จะส่งข้อมูลต่อสำนักงาน ก.ล.ต. ต้องยื่นคำขอสมัครใช้บริการเพื่อพิสูจน์และยืนยันตัวตนหรือลงทะเบียนบัญชีผู้ใช้งานระบบของ ก.ล.ต. และการนำส่งข้อมูลอิเล็กทรอนิกส์ทุกครั้งต้องลงลายมือชื่ออิเล็กทรอนิกส์ หรือในกรณีใช้ลายมือชื่อดิจิทัลต้องจัดให้มีใบรับรองจากผู้ให้บริการออกใบรับรองที่น่าเชื่อถือตามมาตรฐานที่สำนักงานกำหนด,⚪️ เทา,คำแนะนำ / ได้รับยกเว้นโทษ,"แบบคำขอสมัครใช้บริการพิสูจน์และยืนยันตัวตนผ่านระบบของผู้ให้บริการ, แบบคำขอลงทะเบียนบัญชีผู้ใช้งานระบบของ ก.ล.ต., คำขอลงทะเบียนบัญชีผู้ใช้งานนิติบุคคลหรือคณะบุคคล",ราชกิจจานุเบกษา เล่ม ๑๓๘ ตอนพิเศษ ๓๐๘ ง หน้า ๑ - ๑๐,"คู่มือการใช้งานสำหรับการรับส่งข้อมูลอิเล็กทรอนิกส์ของสำนักงาน ก.ล.ต., แนวนโยบาย (Certificate Policy : CP) และแนวปฏิบัติ (Certificate Practice Statement : CPS) ของผู้ให้บริการออกใบรับรอง (มาตรฐานที่แนะนำเพิ่มเติม: มาตรฐานการรักษาความมั่นคงปลอดภัยสารสนเทศ ISO/IEC 27001)",,"ผู้ส่งข้อมูล (บุคคลธรรมดา นิติบุคคล หรือคณะบุคคลที่มีหน้าที่นำส่งข้อมูลต่อสำนักงาน ก.ล.ต.), กรรมการของนิติบุคคล, ผู้มีอำนาจลงนาม, เจ้าหน้าที่ปฏิบัติการ, ผู้บริหารบัญชีผู้ใช้งาน, และผู้สนับสนุนการนำส่งข้อมูล","รับส่งข้อมูลทางอิเล็กทรอนิกส์, พิสูจน์และยืนยันตัวตน, ลงทะเบียนบัญชีผู้ใช้งาน, แต่งตั้งเจ้าหน้าที่ปฏิบัติการ, ลงลายมือชื่อดิจิทัล","ข้อมูลอิเล็กทรอนิกส์, บัญชีผู้ใช้งานระบบของ ก.ล.ต. (SEC account), บัญชีผู้ใช้งานนิติบุคคล, ใบรับรองอิเล็กทรอนิกส์, ตราประทับอิเล็กทรอนิกส์","ก.ล.ต., ธุรกรรมทางอิเล็กทรอนิกส์, ลายมือชื่ออิเล็กทรอนิกส์, ผู้ให้บริการออกใบรับรอง, คู่กุญแจ (Key pair)","AK1, AK6, AK8","BK3, BX3","[AK1]: [Direct Duty] สาขาของธนาคารพาณิชย์ต่างประเทศที่ประกอบธุรกิจและต้องส่งข้อมูลต่อ ก.ล.ต. ต้องปฏิบัติตามระเบียบและใช้สถานที่ทำการหลักเป็นสถานที่ส่งข้อมูล (อ้างอิงข้อ 17 (3) (ข))

[AK6]: [Direct Duty] ตีความจาก ""ผู้ส่งข้อมูล"" บริษัทหลักทรัพย์และ บลจ. ที่ส่งรายงานต่อ ก.ล.ต. ต้องลงทะเบียนบัญชีผู้ใช้งานและใช้ลายมือชื่ออิเล็กทรอนิกส์ (อ้างอิงข้อ 7 และข้อ 11)

[AK8]: [Direct Duty] ตีความจาก ""ผู้ส่งข้อมูล"" ผู้ประกอบธุรกิจสินทรัพย์ดิจิทัลต้องใช้วิธีการส่งข้อมูลผ่านระบบอิเล็กทรอนิกส์ที่ ก.ล.ต. กำหนด (อ้างอิงข้อ 4 และข้อ 6)

[BX3]: [Direct Duty] ตีความจาก ""ผู้ส่งข้อมูล"" บริษัทจดทะเบียนหรือบริษัทมหาชนที่มีหน้าที่รายงานข้อมูลต่อ ก.ล.ต. ต้องจัดการบัญชีผู้ใช้งานนิติบุคคลและจัดตั้งเจ้าหน้าที่ปฏิบัติการ (อ้างอิงข้อ 18 และข้อ 22)

[BK3]: [Service Opportunity] ผู้ให้บริการออกใบรับรอง (Certification Authority: CA) มีโอกาสให้บริการออกใบรับรองอิเล็กทรอนิกส์แก่บริษัทหรือเจ้าหน้าที่เพื่อใช้กำกับลายมือชื่อดิจิทัลส่งให้ ก.ล.ต. (อ้างอิงข้อ 12, ข้อ 13 และข้อ 14)",100%,"ยกเลิกระเบียบวิธีปฏิบัติสำนักงานคณะกรรมการกำกับหลักทรัพย์และตลาดหลักทรัพย์ ว่าด้วยการรับส่งข้อมูลอิเล็กทรอนิกส์ พ.ศ. 2557 และฉบับแก้ไขเพิ่มเติม (ฉบับที่ 2) พ.ศ. 2560, (ฉบับที่ 3) พ.ศ. 2563 (ตามข้อ 2)"
226,100226,ระเบียบกระทรวงพาณิชย์ ว่าด้วยการอนุญาตให้นำเครื่องพิมพ์อินทาลโยเข้ามาในราชอาณาจักร พ.ศ. ๒๕๖๔,https://ratchakitcha.soc.go.th/documents/17190590.pdf,บังคับใช้,,ระเบียบกระทรวงพาณิชย์ว่าด้วยการอนุญาตให้นำเครื่องพิมพ์อินทาลโยและเครื่องถ่ายเอกสารชนิดสอดสีเข้ามาในราชอาณาจักร พ.ศ. 2557,,15,ธันวาคม,2564,16 ตุลาคม 2564,-,ระเบียบ,"กฎกระทรวงการขออนุญาตและการอนุญาตให้ส่งออกไปนอกและนำเข้ามาในราชอาณาจักรซึ่งสินค้า พ.ศ. ๒๕๕๕ ข้อ ๕, กฎกระทรวงการขออนุญาตและการอนุญาตให้ส่งออกไปนอกและนำเข้ามาในราชอาณาจักรซึ่งสินค้า พ.ศ. ๒๕๕๕ ข้อ ๙, กฎกระทรวงการขออนุญาตและการอนุญาตให้ส่งออกไปนอกและนำเข้ามาในราชอาณาจักรซึ่งสินค้า พ.ศ. ๒๕๕๕ ข้อ ๑๑, พระราชบัญญัติระเบียบบริหารราชการแผ่นดิน พ.ศ. ๒๕๓๔ มาตรา ๒๐ วรรคหนึ่ง","กรมการค้าต่างประเทศ, กระทรวงพาณิชย์",-,-,-,กำหนดหลักเกณฑ์ วิธีการ และเงื่อนไขในการขออนุญาตนำเครื่องพิมพ์อินทาลโยเข้ามาในประเทศ โดยให้นำเข้าได้ไม่จำกัดปริมาณ แต่ต้องแจ้งวัตถุประสงค์และขอใบอนุญาตผ่านระบบอิเล็กทรอนิกส์ของกรมการค้าต่างประเทศ รวมถึงต้องรายงานการครอบครองและรายงานเมื่อมีการจำหน่ายจ่ายโอน,ผู้ที่ต้องการนำเข้าเครื่องพิมพ์อินทาลโยต้องยื่นขอใบอนุญาตในระบบอิเล็กทรอนิกส์ของกรมการค้าต่างประเทศ พร้อมแนบสำเนาใบกำกับสินค้า ภาพถ่าย และเอกสารแสดงคุณลักษณะของเครื่อง เมื่อได้รับอนุญาตแล้ว ต้องรายงานการครอบครองผ่านระบบอิเล็กทรอนิกส์ทุกสิ้นเดือนมิถุนายนและธันวาคม (ภายในวันที่ 15 ของเดือนถัดไป) และหากจำหน่ายจ่ายโอนให้บุคคลอื่นต้องรายงานภายใน 15 วัน หากไม่ปฏิบัติตามอาจถูกระงับการออกใบอนุญาตนำเข้าในครั้งต่อไป,โทษเชื่อมโยงจากกฎหมายแม่,รอเชื่อมโยง: พระราชบัญญัติการส่งออกไปนอกและการนำเข้ามาในราชอาณาจักรซึ่งสินค้า พ.ศ. ๒๕๒๒,ใบอนุญาตนำเครื่องพิมพ์อินทาลโยเข้ามาในราชอาณาจักร,ราชกิจจานุเบกษา เล่ม ๑๓๘ ตอนพิเศษ ๓๐๗ ง หน้า ๑-๒,"แบบรายงานการครอบครองและการจำหน่ายจ่ายโอนเครื่องพิมพ์อินทาลโย (แบบ คอ.), ระบบอิเล็กทรอนิกส์ของกรมการค้าต่างประเทศ",,ผู้ขออนุญาตนำเครื่องพิมพ์อินทาลโยเข้ามาในราชอาณาจักรและผู้ครอบครองเครื่องพิมพ์อินทาลโย,"นำเข้า, ครอบครอง, จำหน่ายจ่ายโอน, รายงานการครอบครอง","เครื่องพิมพ์อินทาลโย, เครื่องจักรพิมพ์","ขออนุญาตนำเข้า, กรมการค้าต่างประเทศ, เครื่องพิมพ์อินทาลโย, ใบอนุญาต, แบบ คอ.","AA25, P6, AA2",-,"[AA25]: [Direct Duty] ผู้นำเข้าเครื่องจักรพิมพ์ต้องยื่นขอใบอนุญาตนำเข้าเครื่องพิมพ์อินทาลโยผ่านระบบอิเล็กทรอนิกส์ของกรมการค้าต่างประเทศ และมีหน้าที่ต้องรายงานการครอบครองหรือการจำหน่ายจ่ายโอน (อ้างอิงข้อ 4, ข้อ 5 และข้อ 6)

[P6]: [Direct Duty] ตีความจาก ""ผู้ครอบครอง"" โรงพิมพ์เอกสารปลอดการปลอมแปลง (Security Printing) ในฐานะผู้ใช้งานปลายทาง (End-user) ที่มีเครื่องพิมพ์อินทาลโยในครอบครอง ต้องรายงานการครอบครองทุกสิ้นเดือนมิถุนายนและธันวาคมของทุกปี (อ้างอิงข้อ 6)

[AA2]: [Service Opportunity] ตัวแทนออกของและรับจัดการขนส่ง (ชิปปิ้ง) มีโอกาสให้บริการจัดเตรียมเอกสาร เช่น ใบกำกับสินค้าและแคตตาล็อก เพื่อดำเนินการยื่นขอใบอนุญาตนำเข้าผ่านระบบอิเล็กทรอนิกส์แทนผู้นำเข้า (อ้างอิงข้อ 5)",100%,ยกเลิกระเบียบกระทรวงพาณิชย์ว่าด้วยการอนุญาตให้นำเครื่องพิมพ์อินทาลโยและเครื่องถ่ายเอกสารชนิดสอดสีเข้ามาในราชอาณาจักร พ.ศ. 2557 (ตามข้อ 3)
227,100227,ระเบียบกรมการขนส่งทางบก ว่าด้วยหลักเกณฑ์และวิธีการต่ออายุ การแก้ไขรายการ และการออกใบแทน ใบอนุญาตเป็นผู้ประจำรถ (ฉบับที่ ๔) พ.ศ. ๒๕๖๔,https://ratchakitcha.soc.go.th/documents/17190591.pdf,บังคับใช้,,,ยกเลิกความในข้อ 20 ของระเบียบกรมการขนส่งทางบกว่าด้วยหลักเกณฑ์และวิธีการต่ออายุ การแก้ไขรายการ และการออกใบแทนใบอนุญาตเป็นผู้ประจำรถ (ฉบับที่3) พ.ศ. 2564,15,ธันวาคม,2564,20 กรกฎาคม 2564,-,ระเบียบ,ระเบียบกรมการขนส่งทางบกว่าด้วยหลักเกณฑ์และวิธีการต่ออายุ การแก้ไขรายการ และการออกใบแทนใบอนุญาตเป็นผู้ประจำรถ,"กรมการขนส่งทางบก, กระทรวงคมนาคม",-,-,-,กำหนดให้ยกเว้นการทดสอบขับรถสำหรับผู้ที่ต้องการต่ออายุใบอนุญาตเป็นผู้ขับรถที่สิ้นอายุเกินกว่า 3 ปี โดยครอบคลุมผู้ที่มาต่ออายุในระหว่างวันที่ 10 เมษายน 2564 ถึงวันที่ 31 ธันวาคม 2564 เพื่อเป็นการเยียวยาผลกระทบจากมาตรการป้องกันการแพร่ระบาดของโรคโควิด-19,ผู้ที่ใบอนุญาตผู้ประจำรถหรือใบอนุญาตขับรถสิ้นอายุเกินกว่า 3 ปี หากดำเนินการขอต่ออายุภายในช่วงวันที่ 10 เมษายน ถึง 31 ธันวาคม 2564 สามารถดำเนินการต่ออายุได้โดยได้รับการยกเว้นไม่ต้องเข้ารับการทดสอบขับรถ,🟢 เขียว,คำแนะนำ / ได้รับยกเว้นโทษ,"ใบอนุญาตเป็นผู้ประจำรถ, ใบอนุญาตเป็นผู้ขับรถ",ราชกิจจานุเบกษา เล่ม ๑๓๘ ตอนพิเศษ ๓๐๗ ง หน้า ๓,"แบบคำขอต่ออายุใบอนุญาตเป็นผู้ประจำรถ, ระเบียบกรมการขนส่งทางบกว่าด้วยหลักเกณฑ์และวิธีการต่ออายุ การแก้ไขรายการ และการออกใบแทนใบอนุญาตเป็นผู้ประจำรถ พ.ศ. ๒๕๖๔",,ผู้ขอต่ออายุใบอนุญาตเป็นผู้ขับรถที่สิ้นอายุเกินกว่า ๓ ปี ระหว่างวันที่ ๑๐ เมษายน พ.ศ. ๒๕๖๔ จนถึงวันที่ ๓๑ ธันวาคม พ.ศ. ๒๕๖๔,"ต่ออายุใบอนุญาต, ยกเว้นการทดสอบขับรถ","ใบอนุญาตเป็นผู้ประจำรถ, ใบอนุญาตเป็นผู้ขับรถ","โรคติดเชื้อไวรัสโคโรนา 2019, เยียวยาผลกระทบ","BC3, BC5, BC6",-,"กระบวนการคิด:

1) ผู้ถูกบังคับใช้หลัก: ผู้ขอต่ออายุใบอนุญาตเป็นผู้ขับรถ (ผู้ประจำรถ) ที่ใบอนุญาตสิ้นอายุเกินกว่า 3 ปี ในช่วงวันที่ 10 เมษายน ถึง 31 ธันวาคม 2564 

2) ผู้ให้บริการใน Ecosystem: โรงเรียนสอนขับรถเอกชน (BC6) ที่รับหน้าที่จัดการอบรมและทดสอบขับรถแทนกรมการขนส่งทางบก 

3) ผู้รับผลกระทบสืบเนื่อง: ผู้ประกอบการธุรกิจขนส่งสินค้าและท่อลำเลียง (BC3) และรถรับจ้างและขนส่งผู้โดยสาร (BC5) ที่พนักงานขับรถต้องใช้ใบอนุญาตประเภทผู้ประจำรถ 

4) สินค้า/บริการใดถูกควบคุม: หลักเกณฑ์และวิธีการต่ออายุใบอนุญาตเป็นผู้ประจำรถ (การยกเว้นทดสอบขับรถ) 

5) ข้อยกเว้นคืออะไร: ให้ได้รับยกเว้นการทดสอบขับรถสำหรับใบอนุญาตที่สิ้นอายุเกินกว่า 3 ปี ตามกรอบเวลาที่ประกาศกำหนด 


สรุปผล:

[BC6]: [Direct Duty] โรงเรียนสอนขับรถเอกชนหรือศูนย์ทดสอบต้องปฏิบัติตามประกาศโดยยกเว้นการทดสอบขับรถให้กับผู้ขอต่ออายุที่เข้าเงื่อนไข ตามข้อ 3 

[BC3, BC5]: [Rights & Admin] พนักงานขับรถในธุรกิจขนส่งสินค้าและขนส่งผู้โดยสารได้รับสิทธิยกเว้นการทดสอบขับรถเมื่อต่ออายุใบอนุญาต ตามข้อ 3",100%,ยกเลิกความในข้อ 20 ของระเบียบกรมการขนส่งทางบกว่าด้วยหลักเกณฑ์และวิธีการต่ออายุฯ พ.ศ. 2564 (ฉบับที่ 3) และให้ใช้ความใหม่แทน
228,100228,ระเบียบกรมการขนส่งทางบก ว่าด้วยการศึกษาอบรมและทดสอบผู้ขอรับใบอนุญาตปฏิบัติหน้าที่เป็นผู้ประจำรถ (ฉบับที่ ๒) พ.ศ. ๒๕๖๔,https://ratchakitcha.soc.go.th/documents/17190592.pdf,บังคับใช้,,,เพิ่มบทเฉพาะกาลข้อ 34 ของระเบียบกรมการขนส่งทางบกว่าด้วยการศึกษาอบรมและทดสอบผู้ขอรับใบอนุญาตปฏิบัติหน้าที่เป็นผู้ประจำรถ พ.ศ. 2547,15,ธันวาคม,2564,1 กันยายน 2564,-,ระเบียบ,ระเบียบกรมการขนส่งทางบกว่าด้วยการศึกษาอบรมและทดสอบผู้ขอรับใบอนุญาตปฏิบัติหน้าที่เป็นผู้ประจำรถ พ.ศ. ๒๕๔๗,"กรมการขนส่งทางบก, กระทรวงคมนาคม",-,-,-,กำหนดให้ทดสอบสมรรถภาพร่างกายเฉพาะการทดสอบความสามารถในการใช้เบรกเท้าและทดสอบสายตาบอดสี สำหรับผู้ขอรับหรือต่ออายุใบอนุญาตเป็นผู้ขับรถทุกประเภทที่ดำเนินการระหว่าง 1 ก.ย. ถึง 31 ธ.ค. 2564 เพื่อบรรเทาผลกระทบจากมาตรการป้องกันโรคโควิด-19,ผู้ประกอบการและประชาชนที่ต้องการขอรับหรือต่ออายุใบอนุญาตขับรถในช่วงเวลาที่กำหนด ให้เตรียมตัวรับการทดสอบสมรรถภาพร่างกายเฉพาะส่วนเบรกเท้าและสายตาบอดสีเท่านั้น,⚪️ เทา,-,"ใบอนุญาตปฏิบัติหน้าที่เป็นผู้ประจำรถ, ใบอนุญาตเป็นผู้ขับรถ",ราชกิจจานุเบกษา เล่ม ๑๓๘ ตอนพิเศษ ๓๐๗ ง หน้า ๔,ระเบียบกรมการขนส่งทางบกว่าด้วยการศึกษาอบรมและทดสอบผู้ขอรับใบอนุญาตปฏิบัติหน้าที่เป็นผู้ประจำรถ พ.ศ. ๒๕๔๗,,ผู้ขอรับใบอนุญาตเป็นผู้ขับรถใหม่ และผู้ขอต่ออายุใบอนุญาตเป็นผู้ขับรถทุกประเภทและทุกชนิด,"ขอรับใบอนุญาต, ต่ออายุใบอนุญาต, ทดสอบสมรรถภาพของร่างกาย, ทดสอบความสามารถในการใช้เบรกเท้า, ทดสอบสายตาบอดสี","ใบอนุญาตปฏิบัติหน้าที่เป็นผู้ประจำรถ, ใบอนุญาตเป็นผู้ขับรถ","โรคติดเชื้อไวรัสโคโรนา 2019, บทเฉพาะกาล","BC6, BC3, BC5",-,"กระบวนการคิด:

1) ผู้ถูกบังคับใช้หลัก: ผู้ขอรับใบอนุญาตเป็นผู้ขับรถใหม่และผู้ขอต่ออายุใบอนุญาตเป็นผู้ขับรถ (ผู้ประจำรถ) ทุกประเภทและทุกชนิด 

2) ผู้ให้บริการใน Ecosystem: โรงเรียนสอนขับรถเอกชน (BC6) ที่ทำการศึกษาอบรมและทดสอบผู้ขอรับใบอนุญาตขับรถ 

3) ผู้รับผลกระทบสืบเนื่อง: ผู้ประกอบการธุรกิจขนส่งสินค้า (BC3) และรถรับจ้าง/ขนส่งผู้โดยสาร (BC5) ที่พนักงานขับรถต้องมีใบอนุญาตปฏิบัติหน้าที่เป็นผู้ประจำรถ 

4) สินค้า/บริการใดถูกควบคุม: ขั้นตอนการศึกษาอบรมและทดสอบสมรรถภาพของร่างกายสำหรับผู้ขอรับและขอต่ออายุใบอนุญาตเป็นผู้ขับรถ 

5) ข้อยกเว้นคืออะไร: ผู้ที่มาดำเนินการตั้งแต่วันที่ 1 กันยายน ถึง 31 ธันวาคม 2564 ได้รับการลดหย่อนให้ทดสอบเฉพาะความสามารถในการใช้เบรกเท้าและสายตาบอดสีเท่านั้น 


สรุปผล:

[BC6]: [Direct Duty] โรงเรียนสอนขับรถเอกชนและเจ้าหน้าที่ทดสอบต้องปรับลดเกณฑ์การทดสอบสมรรถภาพร่างกายตามระยะเวลาที่กำหนดในบทเฉพาะกาลข้อ 34 

[BC3, BC5]: [Rights & Admin] พนักงานขับรถในธุรกิจขนส่งสินค้าและขนส่งผู้โดยสารได้รับสิทธิลดหย่อนขั้นตอนการทดสอบสมรรถภาพเพื่อขอรับหรือต่ออายุใบอนุญาตเป็นผู้ขับรถ",100%,เพิ่มบทเฉพาะกาลข้อ 34 ของระเบียบกรมการขนส่งทางบกว่าด้วยการศึกษาอบรมและทดสอบผู้ขอรับใบอนุญาตปฏิบัติหน้าที่เป็นผู้ประจำรถ พ.ศ. 2547
229,100229,ระเบียบกรมการขนส่งทางบก ว่าด้วยหลักเกณฑ์ วิธีการ และเงื่อนไขในการอบรมและทดสอบผู้ขอรับใบอนุญาตขับรถ  ผู้ขอต่ออายุใบอนุญาตขับรถ และผู้ขอรับบัตรประจำตัวคนขับรถตามกฎหมายว่าด้วยรถยนต์ (ฉบับที่ ๑๐) พ.ศ. ๒๕๖๔,https://ratchakitcha.soc.go.th/documents/17190593.pdf,บังคับใช้,,,ยกเลิกความในบทเฉพาะกาล ข้อ 37 เดิม ของระเบียบกรมการขนส่งทางบกว่าด้วยหลักเกณฑ์ฯ พ.ศ. 2554,15,ธันวาคม,2564,20 กรกฎาคม 2564,-,ระเบียบ,ระเบียบกรมการขนส่งทางบกว่าด้วยหลักเกณฑ์ วิธีการ และเงื่อนไขในการอบรมและทดสอบผู้ขอรับใบอนุญาตขับรถ ผู้ขอต่ออายุใบอนุญาตขับรถ และผู้ขอรับบัตรประจำตัวคนขับรถตามกฎหมายว่าด้วยรถยนต์,"กรมการขนส่งทางบก, กระทรวงคมนาคม",-,-,-,"แก้ไขเพิ่มเติมการยกเว้นการทดสอบข้อเขียนและทดสอบขับรถ สำหรับผู้ขอเปลี่ยนประเภทหรือต่ออายุใบอนุญาตขับรถที่สิ้นอายุระหว่างวันที่ 10 เมษายน ถึง 31 ธันวาคม 2564 (ขาดต่ออายุเกิน 1 ปี ยกเว้นสอบข้อเขียน, ขาดต่ออายุเกิน 3 ปี ยกเว้นสอบขับรถ) และยกเว้นการทดสอบขับรถสำหรับผู้ขอรับใบอนุญาตขับรถยนต์สาธารณะ ตั้งแต่ 21 มิถุนายน 2564 ถึง 31 ธันวาคม 2565 เพื่อเยียวยาผลกระทบจากมาตรการป้องกันโรคโควิด-19",ประชาชนที่มีใบอนุญาตขับรถสิ้นอายุเกิน 1 ปี หรือ 3 ปี ในช่วงวันที่ 10 เมษายน ถึง 31 ธันวาคม 2564 สามารถไปดำเนินการขอเปลี่ยนประเภทหรือต่ออายุได้โดยจะได้รับการยกเว้นการสอบข้อเขียนหรือสอบขับรถตามลำดับ รวมถึงผู้ที่ต้องการขอใบอนุญาตขับรถยนต์สาธารณะจะได้รับการยกเว้นการทดสอบขับรถตามกรอบเวลาที่กำหนด,⚪️ เทา,-,"ใบอนุญาตขับรถ, บัตรประจำตัวคนขับรถ",ราชกิจจานุเบกษา เล่ม ๑๓๘ ตอนพิเศษ ๓๐๗ ง หน้า ๕-๖,ระเบียบกรมการขนส่งทางบกว่าด้วยหลักเกณฑ์ วิธีการ และเงื่อนไขในการอบรมและทดสอบผู้ขอรับใบอนุญาตขับรถ ผู้ขอต่ออายุใบอนุญาตขับรถ และผู้ขอรับบัตรประจำตัวคนขับรถตามกฎหมายว่าด้วยรถยนต์ พ.ศ. ๒๕๕๔,,"ผู้ขอรับใบอนุญาตขับรถ, ผู้ขอต่ออายุใบอนุญาตขับรถ (ที่ใบอนุญาตสิ้นอายุเกิน ๑ ปี หรือ ๓ ปี ในช่วงเวลาที่กำหนด), และผู้ขอรับบัตรประจำตัวคนขับรถ","ยกเว้นการทดสอบข้อเขียน, ยกเว้นการทดสอบขับรถ, ขอรับใบอนุญาตขับรถ, ต่ออายุใบอนุญาตขับรถ","ใบอนุญาตขับรถส่วนบุคคล, ใบอนุญาตขับรถสาธารณะ, บัตรประจำตัวคนขับรถ, รถบดถนน, รถแทรกเตอร์","กฎหมายว่าด้วยรถยนต์, สถานการณ์ฉุกเฉิน, โรคติดเชื้อไวรัสโคโรนา 2019","BC6, BC5, BC3, AC4, A1",-,"กระบวนการคิด:

1) ผู้ถูกบังคับใช้หลัก: ผู้ขอรับและต่ออายุใบอนุญาตขับรถทุกประเภท (ส่วนบุคคล, สาธารณะ, รถบดถนน, รถแทรกเตอร์, รถใช้งานเกษตรกรรม) ที่ใบอนุญาตขาดต่ออายุในช่วงสถานการณ์ COVID-19 

2) ผู้ให้บริการใน Ecosystem: โรงเรียนสอนขับรถเอกชน (BC6) ที่รับหน้าที่จัดการอบรมและทดสอบผู้ขอรับใบอนุญาตแทนกรมการขนส่งทางบก 

3) ผู้รับผลกระทบสืบเนื่อง: ผู้ประกอบการที่ต้องใช้พนักงานขับรถในการดำเนินธุรกิจ เช่น โลจิสติกส์ขนส่งสินค้า (BC3), รถรับจ้างสาธารณะ (BC5), รับเหมาก่อสร้าง (AC4) และเกษตรกร (A1) 

4) สินค้า/บริการใดถูกควบคุม: หลักเกณฑ์และเงื่อนไขการทดสอบข้อเขียนและการทดสอบขับรถบนถนน 

5) ข้อยกเว้นคืออะไร: ยกเว้นการทดสอบข้อเขียนหรือทดสอบขับรถสำหรับผู้ที่ใบอนุญาตสิ้นอายุเกิน 1 ปี หรือ 3 ปี ในช่วงวันที่ 10 เมษายน - 31 ธันวาคม 2564 และยกเว้นทดสอบขับรถสาธารณะถึงสิ้นปี 2565 เพื่อเยียวยาผลกระทบจากมาตรการควบคุมโรค 


สรุปผล:

[BC6]: [Direct Duty] โรงเรียนสอนขับรถเอกชนต้องปฏิบัติตามระเบียบและให้สิทธิยกเว้นการสอบข้อเขียน/สอบขับรถแก่ผู้เรียนตามเงื่อนไขที่กรมการขนส่งทางบกกำหนด 

[BC5]: [Rights & Admin] คนขับรถยนต์สาธารณะ รถสามล้อสาธารณะ และจักรยานยนต์สาธารณะ ได้รับสิทธิยกเว้นการทดสอบขับรถในการขอรับและต่ออายุใบอนุญาต 

[BC3]: [Rights & Admin] พนักงานขับรถในธุรกิจโลจิสติกส์และการขนส่งทางบกได้รับสิทธิในการต่ออายุใบอนุญาตโดยได้รับการยกเว้นทดสอบตามประกาศ 

[AC4]: [Rights & Admin] พนักงานขับเครื่องจักรหนัก (รถบดถนน, รถแทรกเตอร์) ได้รับสิทธิยกเว้นการทดสอบเมื่อต่ออายุใบอนุญาต 

[A1]: [Rights & Admin] เกษตรกรผู้ใช้งานรถเกษตรกรรมได้รับสิทธิยกเว้นการทดสอบในการต่ออายุใบอนุญาตขับรถ",100%,ยกเลิกความในบทเฉพาะกาล ข้อ 37 เดิม ของระเบียบกรมการขนส่งทางบกว่าด้วยหลักเกณฑ์ฯ พ.ศ. 2554 และใช้ข้อความใหม่แทน
230,100230,ระเบียบกรมการขนส่งทางบก ว่าด้วยหลักเกณฑ์ วิธีการ และเงื่อนไขในการอบรมและทดสอบผู้ขอรับใบอนุญาตขับรถ ผู้ขอต่ออายุใบอนุญาตขับรถ และผู้ขอรับบัตรประจำตัวคนขับรถตามกฎหมายว่าด้วยรถยนต์ (ฉบับที่ ๑๑) พ.ศ. ๒๕๖๔,https://ratchakitcha.soc.go.th/documents/17190594.pdf,บังคับใช้,,,เพิ่มข้อ 38 และข้อ 39 ของระเบียบกรมการขนส่งทางบกว่าด้วยหลักเกณฑ์ฯ พ.ศ. 2554,15,ธันวาคม,2564,1 กันยายน 2564,-,ระเบียบ,ระเบียบกรมการขนส่งทางบกว่าด้วยหลักเกณฑ์ วิธีการ และเงื่อนไขในการอบรมและทดสอบผู้ขอรับใบอนุญาตขับรถ ผู้ขอต่ออายุใบอนุญาตขับรถ และผู้ขอรับบัตรประจำตัวคนขับรถตามกฎหมายว่าด้วยรถยนต์ พ.ศ. ๒๕๕๔,"กรมการขนส่งทางบก, กระทรวงคมนาคม",-,-,-,กำหนดมาตรการเยียวยาผลกระทบจากโควิด-19 โดยยกเว้นหรือลดจำนวนชั่วโมงการอบรมสำหรับผู้ขอเปลี่ยนประเภทหรือต่ออายุใบอนุญาตขับรถที่สิ้นอายุตามกำหนด รวมถึงกำหนดให้ทดสอบสมรรถภาพร่างกายเฉพาะการใช้เบรกเท้าและการมองเห็นสี สำหรับผู้ที่มาดำเนินการระหว่างวันที่ 1 กันยายน ถึง 31 ธันวาคม 2564,ผู้ที่ประสงค์จะเปลี่ยนประเภทใบอนุญาตหรือต่ออายุใบอนุญาตขับรถที่สิ้นอายุ ให้เตรียมตัวเข้ารับการทดสอบร่างกายเฉพาะส่วนเบรกเท้าและการมองเห็นสี และรับสิทธิยกเว้นหรือลดเวลาการอบรม หากดำเนินการภายในระยะเวลาที่กำหนด (ถึง 31 ธันวาคม 2564),⚪️ เทา,-,"ใบอนุญาตขับรถ, บัตรประจำตัวคนขับรถ",ราชกิจจานุเบกษา เล่ม ๑๓๘ ตอนพิเศษ ๓๐๗ ง หน้า ๗-๘,ระเบียบกรมการขนส่งทางบกว่าด้วยหลักเกณฑ์ วิธีการ และเงื่อนไขในการอบรมและทดสอบผู้ขอรับใบอนุญาตขับรถ ผู้ขอต่ออายุใบอนุญาตขับรถ และผู้ขอรับบัตรประจำตัวคนขับรถตามกฎหมายว่าด้วยรถยนต์ พ.ศ. ๒๕๕๔,,"ผู้ขอรับใบอนุญาตขับรถ, ผู้ขอต่ออายุใบอนุญาตขับรถ, และผู้ขอรับบัตรประจำตัวคนขับรถ","เปลี่ยนประเภทใบอนุญาต, ต่ออายุใบอนุญาตขับรถ, อบรม, ทดสอบสมรรถภาพของร่างกาย","ใบอนุญาตขับรถส่วนบุคคล, ใบอนุญาตขับรถสาธารณะ, บัตรประจำตัวคนขับรถ, รถบดถนน, รถแทรกเตอร์","กฎหมายว่าด้วยรถยนต์, โรคติดเชื้อไวรัสโคโรนา 2019, ยกเว้นการอบรม","BC6, BC5, BC3, AC4, A1",-,"กระบวนการคิด:

1) ผู้ถูกบังคับใช้หลัก: ผู้ขอเปลี่ยนประเภทและต่ออายุใบอนุญาตขับรถ (ส่วนบุคคล, สาธารณะ, รถบดถนน, รถแทรกเตอร์, รถใช้งานเกษตรกรรม) ในช่วงการแพร่ระบาดของ COVID-19 

2) ผู้ให้บริการใน Ecosystem: โรงเรียนสอนขับรถเอกชน (BC6) ที่ทำหน้าที่อบรมและทดสอบผู้ขอรับใบอนุญาตตามหลักสูตรกรมการขนส่งทางบก 

3) ผู้รับผลกระทบสืบเนื่อง: ผู้ประกอบการที่ใช้พนักงานขับรถ เช่น ธุรกิจขนส่งผู้โดยสาร (BC5), ขนส่งสินค้า (BC3), รับเหมาก่อสร้าง (AC4) และภาคเกษตรกรรม (A1) 

4) สินค้า/บริการใดถูกควบคุม: การอบรมและทดสอบสมรรถภาพร่างกายสำหรับการขอรับ/ต่ออายุใบอนุญาตขับรถ 

5) ข้อยกเว้นคืออะไร: ลดชั่วโมงอบรมและยกเว้นการอบรมสำหรับใบอนุญาตที่สิ้นอายุในช่วงวันที่ 10 เมษายน - 31 ธันวาคม 2564 รวมถึงลดหย่อนการทดสอบสมรรถภาพร่างกายให้เหลือเพียงทดสอบเบรกเท้าและการมองเห็นสี (ตาบอดสี) ตั้งแต่วันที่ 1 กันยายน - 31 ธันวาคม 2564 


สรุปผล:

[BC6]: [Direct Duty] โรงเรียนสอนขับรถเอกชนและเจ้าหน้าที่ทดสอบต้องปรับลดเกณฑ์การอบรมและทดสอบสมรรถภาพร่างกายตามข้อ 38 และข้อ 39 

[BC5, BC3, AC4, A1]: [Rights & Admin] ผู้ประกอบการและผู้ขับขี่ในกลุ่มรถสาธารณะ โลจิสติกส์ เครื่องจักรหนัก และเกษตรกรรม ได้รับสิทธิลดหย่อนขั้นตอนและระยะเวลาในการต่ออายุใบอนุญาตขับรถตามเงื่อนไขที่กำหนด",100%,เพิ่มข้อ 38 และข้อ 39 ของระเบียบกรมการขนส่งทางบกว่าด้วยหลักเกณฑ์ฯ พ.ศ. 2554
231,100231,ระเบียบคณะกรรมการกองทุนสงเคราะห์ลูกจ้าง ว่าด้วยการจ่ายเงินสงเคราะห์ อัตราเงินที่จะจ่ายและระยะเวลาการจ่าย กรณีการระบาดของโรคติดเชื้อไวรัสโคโรนา ๒๐๑๙ (Coronavirus Disease ๒๐๑๙ (COVID-๑๙)) พ.ศ. ๒๕๖๔,https://ratchakitcha.soc.go.th/documents/17190595.pdf,บังคับใช้,,,,15,ธันวาคม,2564,16 ธันวาคม 2564,-,ระเบียบ,พระราชบัญญัติคุ้มครองแรงงาน พ.ศ. ๒๕๔๑ มาตรา ๑๓๔,"กรมสวัสดิการและคุ้มครองแรงงาน, กระทรวงแรงงาน",-,-,-,กำหนดหลักเกณฑ์ อัตรา และระยะเวลาการจ่ายเงินจากกองทุนสงเคราะห์ลูกจ้างเพื่อบรรเทาความเดือดร้อนจากการระบาดของโควิด-19 สำหรับลูกจ้างที่ถูกนายจ้างเลิกจ้างโดยไม่จ่ายค่าชดเชยหรือไม่จ่ายค่าจ้างและเงินอื่นตามกฎหมาย โดยพนักงานตรวจแรงงานมีคำสั่งระหว่าง 1 มี.ค. 2563 ถึง 28 ก.พ. 2565 ซึ่งจะได้รับเงินในอัตรา 60-100 เท่าของค่าจ้างขั้นต่ำตามอายุงาน,ลูกจ้างที่ต้องการใช้สิทธิขอรับเงินสงเคราะห์ตามระเบียบนี้ จะต้องยื่นคำขอตามแบบที่กำหนดต่อพนักงานตรวจแรงงานภายในระยะเวลา 2 ปีนับแต่วันที่คำสั่งพนักงานตรวจแรงงานเป็นที่สุด,⚪️ เทา,-,แบบคำขอรับเงินสงเคราะห์ (ตามที่อธิบดีกำหนด),ราชกิจจานุเบกษา เล่ม ๑๓๘ ตอนพิเศษ ๓๐๗ ง หน้า ๙-๑๑,ระเบียบคณะกรรมการกองทุนสงเคราะห์ลูกจ้างว่าด้วยการจ่ายเงินสงเคราะห์ อัตราเงินที่จะจ่ายและระยะเวลาการจ่าย พ.ศ. ๒๕๖๐,,ลูกจ้างที่ถูกเลิกจ้างโดยไม่จ่ายค่าชดเชย หรือไม่ได้รับเงินอื่นนอกจากค่าชดเชย เนื่องจากนายจ้างได้รับผลกระทบจากกรณีการระบาดของโรคติดเชื้อไวรัสโคโรนา 2019 (COVID-19),"จ่ายเงินสงเคราะห์, เลิกจ้าง, ขอรับเงินสงเคราะห์","กองทุนสงเคราะห์ลูกจ้าง, เงินสงเคราะห์, ค่าชดเชย, ค่าจ้าง","คุ้มครองแรงงาน, พนักงานตรวจแรงงาน, กองทุนสงเคราะห์ลูกจ้าง, โรคติดเชื้อไวรัสโคโรนา 2019",-,BU1,[BU1]: [Rights & Admin] ลูกจ้างที่ถูกนายจ้างเลิกจ้างโดยไม่จ่ายค่าชดเชยหรือค่าจ้างเนื่องจากผลกระทบของโรคโควิด-19 (และพนักงานตรวจแรงงานมีคำสั่งให้นายจ้างจ่ายแล้ว) มีสิทธิยื่นคำขอรับเงินสงเคราะห์จากกองทุนสงเคราะห์ลูกจ้างเพื่อบรรเทาความเดือดร้อน ตามข้อ 4 และข้อ 5,100%,-
232,100232,ระเบียบสำนักนายกรัฐมนตรี ว่าด้วยคณะกรรมการอำนวยการ หนึ่งตำบล หนึ่งผลิตภัณฑ์ แห่งชาติ (ฉบับที่ ๓) พ.ศ. ๒๕๖๔,https://ratchakitcha.soc.go.th/documents/17190471.pdf,บังคับใช้,,,ยกเลิกข้อ ๖ ของระเบียบสำนักนายกรัฐมนตรี ว่าด้วยคณะกรรมการอำนวยการ หนึ่งตำบล หนึ่งผลิตภัณฑ์ แห่งชาติ พ.ศ. ๒๕๔๔,14,ธันวาคม,2564,15 ธันวาคม 2564,-,ระเบียบ,พระราชบัญญัติระเบียบบริหารราชการแผ่นดิน พ.ศ. ๒๕๓๔ มาตรา ๑๑ (๘),สำนักนายกรัฐมนตรี,-,-,-,แก้ไขเพิ่มเติมระเบียบเดิมเพื่อปรับปรุงองค์ประกอบของคณะกรรมการอำนวยการ หนึ่งตำบล หนึ่งผลิตภัณฑ์ แห่งชาติ (กอ.นตผ.) ให้สอดคล้องกับภารกิจและอำนาจหน้าที่ของส่วนราชการในปัจจุบัน โดยมีนายกรัฐมนตรีหรือรองนายกรัฐมนตรีที่ได้รับมอบหมายเป็นประธานกรรมการ และปลัดสำนักนายกรัฐมนตรีเป็นกรรมการและเลขานุการ,ไม่มีข้อปฏิบัติสำหรับภาคเอกชนหรือประชาชนทั่วไป เนื่องจากเป็นระเบียบที่กำหนดโครงสร้างและองค์ประกอบของคณะกรรมการระดับชาติเพื่อการบริหารราชการแผ่นดินภายในหน่วยงานภาครัฐเท่านั้น,🔵 ฟ้า,ระเบียบภาครัฐ,ไม่มี,ราชกิจจานุเบกษา เล่ม ๑๓๘ ตอนพิเศษ ๓๐๖ ง หน้า ๑-๒,-,,คณะกรรมการอำนวยการ หนึ่งตำบล หนึ่งผลิตภัณฑ์ แห่งชาติ และหน่วยงานราชการที่เกี่ยวข้อง,"แต่งตั้งคณะกรรมการ, บริหารราชการ, กำหนดนโยบาย","หนึ่งตำบลหนึ่งผลิตภัณฑ์, OTOP, วิสาหกิจชุมชน","ระเบียบสำนักนายกรัฐมนตรี, พระราชบัญญัติระเบียบบริหารราชการแผ่นดิน, คณะกรรมการอำนวยการ",-,"CC13, CC17, CB11","กระบวนการคิด:

1) ผู้ถูกบังคับใช้หลัก: นายกรัฐมนตรี, รัฐมนตรี, ปลัดกระทรวง, อธิบดี และหน่วยงานราชการที่ได้รับการแต่งตั้งเป็นคณะกรรมการอำนวยการ หนึ่งตำบล หนึ่งผลิตภัณฑ์ แห่งชาติ (กอ.นตผ.) ตามข้อ 3

2) ผู้ให้บริการใน Ecosystem: -

3) ผู้รับผลกระทบสืบเนื่อง: ผู้ผลิตสินค้า OTOP และวิสาหกิจชุมชน (Hidden Targets) ที่จะได้รับผลกระทบจากนโยบายและการส่งเสริมของคณะกรรมการชุดนี้

4) สินค้า/บริการใดถูกควบคุม: โครงสร้างองค์ประกอบคณะกรรมการอำนวยการระดับชาติและการบริหารราชการแผ่นดิน

5) ข้อยกเว้นคืออะไร: จากการสืบค้นกฎหมายแม่ (พ.ร.บ.ระเบียบบริหารราชการแผ่นดิน) กฎหมายนี้เป็นการใช้อำนาจจัดระเบียบราชการภายใน จึงไม่มีข้อยกเว้นสำหรับภาคเอกชน แต่มีบทเฉพาะกาลให้กรรมการชุดเดิมปฏิบัติหน้าที่ไปพลางก่อนไม่เกิน 30 วัน (ข้อ 4)


สรุปผล:

[-]: กฎหมายฉบับนี้เป็นระเบียบการปกครองภายในของรัฐ ไม่ได้มีข้อบังคับ ใบอนุญาต หรือบทลงโทษต่อการประกอบธุรกิจโดยตรง จึงไม่มี Core Business Laws

[CC13, CC17]: [Direct Duty] รัฐมนตรีและผู้บริหารหน่วยงานรัฐที่ระบุชื่อต้องเข้ามาเป็นกรรมการโดยตำแหน่งเพื่อปฏิบัติตามระเบียบสำนักนายกรัฐมนตรีและบริหารราชการแผ่นดิน

[CB11]: [Rights & Admin] กลุ่มวิสาหกิจชุมชนและผู้ผลิตสินค้า OTOP เป็นเป้าหมายหลักทางนโยบายที่ได้รับผลกระทบสืบเนื่อง (Hidden Target) จากการกำหนดทิศทางของคณะกรรมการชุดนี้",100%,อัปเดตข้อความในข้อ 3 ของระเบียบสำนักนายกรัฐมนตรี ว่าด้วยคณะกรรมการอำนวยการ หนึ่งตำบล หนึ่งผลิตภัณฑ์ แห่งชาติ พ.ศ. 2544 (ที่แก้ไขเพิ่มเติม)
233,100233,พระราชกฤษฎีกากำหนดอัตราภาษีที่ดินและสิ่งปลูกสร้าง พ.ศ. ๒๕๖๔,https://ratchakitcha.soc.go.th/documents/17190183.pdf,บังคับใช้,,,,13,ธันวาคม,2564,14 ธันวาคม 2564,-,พระราชกฤษฎีกา,พระราชบัญญัติภาษีที่ดินและสิ่งปลูกสร้าง พ.ศ. ๒๕๖๒ มาตรา ๓๗ วรรคห้า,"กระทรวงการคลัง, กระทรวงมหาดไทย",-,-,-,กำหนดอัตราภาษีที่ดินและสิ่งปลูกสร้างแบบขั้นบันไดตามมูลค่าฐานภาษี สำหรับการจัดเก็บตั้งแต่ปีภาษี พ.ศ. 2565 เป็นต้นไป โดยแบ่งประเภทการใช้ประโยชน์ออกเป็น เกษตรกรรม ที่อยู่อาศัย การใช้ประโยชน์อื่น และที่ดินว่างเปล่าหรือไม่ได้ทำประโยชน์,เจ้าของที่ดินและสิ่งปลูกสร้างควรตรวจสอบการใช้ประโยชน์และประเมินมูลค่าทรัพย์สินของตนเองเพื่อเตรียมชำระภาษีตามอัตราที่กำหนด โดยเฉพาะที่ดินที่ปล่อยทิ้งไว้ว่างเปล่าควรนำมาทำประโยชน์เพื่อหลีกเลี่ยงการเสียภาษีในอัตราที่สูง,โทษเชื่อมโยงจากกฎหมายแม่,รอเชื่อมโยง: พระราชบัญญัติภาษีที่ดินและสิ่งปลูกสร้าง พ.ศ. ๒๕๖๒ มาตรา ๓๗,ไม่มี,ราชกิจจานุเบกษา เล่ม ๑๓๘ ตอนที่ ๔๔ ก หน้า ๑-๕,"แบบแสดงรายการที่ดินและสิ่งปลูกสร้าง (ภ.ด.ส. ๓), แบบแจ้งการประเมินภาษีที่ดินและสิ่งปลูกสร้าง (ภ.ด.ส. ๖)",,เจ้าของที่ดินและสิ่งปลูกสร้าง ทั้งบุคคลธรรมดาและนิติบุคคล (ผู้ใช้ประโยชน์ในการประกอบเกษตรกรรม ที่อยู่อาศัย การใช้ประโยชน์อื่น และกรณีทิ้งไว้ว่างเปล่า),"กำหนดอัตราภาษี, จัดเก็บภาษี, ชำระภาษี","ที่ดิน, สิ่งปลูกสร้าง","ภาษีที่ดินและสิ่งปลูกสร้าง, อัตราภาษี, ฐานภาษี",BW7,-,"[BW7]: [Direct Duty] เจ้าของที่ดินและสิ่งปลูกสร้างทุกประเภท (เกษตรกรรม, ที่อยู่อาศัย, การใช้ประโยชน์อื่น, และที่ทิ้งไว้ว่างเปล่า) มีหน้าที่ต้องคำนวณและเสียภาษีที่ดินและสิ่งปลูกสร้างตามอัตราก้าวหน้าที่แบ่งตามมูลค่าของฐานภาษี ตามข้อกำหนดในมาตรา 3",100%,บังคับใช้สำหรับการจัดเก็บภาษีตั้งแต่ปีภาษี พ.ศ. 2565 เป็นต้นไป (ตามมาตรา 3)
234,100234,คำวินิจฉัยของศาลรัฐธรรมนูญ คำวินิจฉัยที่ ๒๐/๒๕๖๔ เรื่อง ประมวลกฎหมายแพ่งและพาณิชย์ มาตรา ๑๔๔๘ ขัดหรือแย้งต่อรัฐธรรมนูญ มาตรา ๒๕ มาตรา ๒๖ และมาตรา ๒๗ วรรคหนึ่ง วรรคสอง และวรรคสาม หรือไม่ [ระหว่าง ศาลเยาวชนและครอบครัวกลาง ผู้ร้อง - ผู้ถูกร้อง],https://ratchakitcha.soc.go.th/documents/17190184.pdf,บังคับใช้,,,,13,ธันวาคม,2564,13 ธันวาคม 2564,-,คำวินิจฉัยศาลรัฐธรรมนูญ,-,"สำนักงานศาลรัฐธรรมนูญ, ประธานศาลรัฐธรรมนูญ",-,-,-,"ศาลรัฐธรรมนูญวินิจฉัยว่าประมวลกฎหมายแพ่งและพาณิชย์ มาตรา 1448 ที่บัญญัติให้การสมรสกระทำได้เฉพาะชายและหญิง ไม่ขัดหรือแย้งต่อรัฐธรรมนูญ มาตรา 25, 26 และ 27 พร้อมทั้งมีข้อเสนอแนะให้รัฐสภา คณะรัฐมนตรี และหน่วยงานของรัฐที่เกี่ยวข้องพิจารณาตรากฎหมายเพื่อรับรองสิทธิและหน้าที่ของบุคคลผู้มีความหลากหลายทางเพศอย่างเหมาะสมต่อไป",ไม่มีหน้าที่หรือข้อปฏิบัติเพิ่มเติมสำหรับภาคเอกชน เนื่องจากเป็นคำวินิจฉัยของศาลรัฐธรรมนูญที่รับรองความชอบด้วยกฎหมายของประมวลกฎหมายแพ่งและพาณิชย์ มาตรา 1448 ให้มีผลบังคับใช้ตามเดิม,⚪️ เทา,-,ไม่มี,ราชกิจจานุเบกษา เล่ม ๑๓๘ ตอนที่ ๘๔ ก (และ ๔๔ ก) หน้า ๖-๑๖,-,,"บุคคลผู้มีความหลากหลายทางเพศ (LGBTQI), ประชาชนทั่วไป และหน่วยงานของรัฐที่เกี่ยวข้อง","วินิจฉัยข้อกฎหมาย, จดทะเบียนสมรส, ตรากฎหมาย, คุ้มครองสิทธิ","สถาบันครอบครัว, สิทธิและเสรีภาพ, สถานะทางเพศ","คำวินิจฉัยศาลรัฐธรรมนูญ, ประมวลกฎหมายแพ่งและพาณิชย์, รัฐธรรมนูญ, ความหลากหลายทางเพศ",-,"CE1, CA1, CC15","กระบวนการคิด:

1) ผู้ถูกบังคับใช้หลัก: ประชาชนทั่วไปและกลุ่มบุคคลที่มีความหลากหลายทางเพศ ที่ประสงค์จะขอจดทะเบียนสมรส 

2) ผู้ให้บริการใน Ecosystem: นายทะเบียน (สำนักงานเขต/ที่ว่าการอำเภอ) ที่รับผิดชอบการพิจารณารับจดทะเบียนครอบครัวและสมรส 

3) ผู้รับผลกระทบสืบเนื่อง: รัฐสภา คณะรัฐมนตรี และหน่วยงานของรัฐที่เกี่ยวข้อง ซึ่งศาลมีข้อแนะนำให้พิจารณาตรากฎหมายเฉพาะเพื่อรับรองสิทธิ 

4) สินค้า/บริการใดถูกควบคุม: สิทธิการจดทะเบียนสมรสและสถานะทางกฎหมายของครอบครัวตามประมวลกฎหมายแพ่งและพาณิชย์ 

5) ข้อยกเว้นคืออะไร: จากการสืบค้นและเนื้อหาในเอกสาร ศาลระบุชัดเจนว่ากฎหมายปัจจุบันมิได้ห้ามการจัดพิธีแต่งงาน ห้ามทำพินัยกรรม หรือห้ามทำประกันชีวิตเพื่อยกผลประโยชน์ให้คู่ชีวิตเพศเดียวกัน 


สรุปผล:

[-]: กฎหมายและคำวินิจฉัยฉบับนี้เป็นเรื่องสิทธิสถานะบุคคลและครอบครัว ไม่ได้เข้าไปควบคุมหรือจำกัดการประกอบธุรกิจของภาคเอกชนโดยตรง จึงไม่มี Core Business Laws

[CE1]: [Rights & Admin] เป็นคำวินิจฉัยศาลรัฐธรรมนูญชี้ขาดว่า ป.พ.พ. มาตรา 1448 ไม่ขัดหรือแย้งต่อรัฐธรรมนูญ 

[CA1]: [Rights & Admin] เป็นการตีความบรรทัดฐานการบังคับใช้ประมวลกฎหมายแพ่งและพาณิชย์ ว่าด้วยเงื่อนไขการสมรสที่กระทำได้เฉพาะชายและหญิง 

[CC15]: [Rights & Admin] กระทบต่อนายทะเบียนผู้มีหน้าที่ปฏิบัติตามระเบียบกระทรวงมหาดไทยว่าด้วยการจดทะเบียนครอบครัว",100%,คำวินิจฉัยศาลรัฐธรรมนูญที่ 20/2564 ชี้ขาดว่า ป.พ.พ. มาตรา 1448 ไม่ขัดรัฐธรรมนูญ แต่มีข้อแนะนำให้รัฐตรากฎหมายรับรองสิทธิของบุคคลผู้มีความหลากหลายทางเพศต่อไป
235,100235,ระเบียบคณะกรรมการสรรหากรรมการสิทธิมนุษยชนแห่งชาติ ว่าด้วยหลักเกณฑ์และวิธีการพิจารณาวินิจฉัยเกี่ยวกับคุณสมบัติหรือลักษณะต้องห้ามของผู้สมัครเข้ารับการสรรหาเป็นผู้สมควรได้รับการแต่งตั้งเป็นกรรมการสิทธิมนุษยชนแห่งชาติ (ฉบับที่ ๒) พ.ศ.  ๒๕๖๔,https://ratchakitcha.soc.go.th/documents/17190512.pdf,บังคับใช้,,,ยกเลิกความในข้อ ๘ ของระเบียบคณะกรรมการสรรหากรรมการสิทธิมนุษยชนแห่งชาติฯ พ.ศ. ๒๕๖๑,9,ธันวาคม,2564,9 ธันวาคม 2564,-,ระเบียบ,"พระราชบัญญัติประกอบรัฐธรรมนูญว่าด้วยคณะกรรมการสิทธิมนุษยชนแห่งชาติ พ.ศ. ๒๕๖० มาตรา ๑๖, พระราชบัญญัติประกอบรัฐธรรมนูญว่าด้วยคณะกรรมการสิทธิมนุษยชนแห่งชาติ พ.ศ. ๒๕๖० มาตรา ๒๑","สำนักงานคณะกรรมการสิทธิมนุษยชนแห่งชาติ, องค์กรอิสระ",-,-,-,แก้ไขเพิ่มเติมระเบียบคณะกรรมการสรรหากรรมการสิทธิมนุษยชนแห่งชาติ พ.ศ. 2561 โดยให้นำหลักเกณฑ์และวิธีการพิจารณาวินิจฉัยเกี่ยวกับคุณสมบัติหรือลักษณะต้องห้ามตามระเบียบนี้ มาใช้บังคับแก่กรณีที่มีปัญหาเกี่ยวกับคุณสมบัติหรือลักษณะต้องห้ามของผู้ได้รับการสรรหาเป็นกรรมการสิทธิมนุษยชนแห่งชาติด้วยโดยอนุโลม,ไม่มีข้อปฏิบัติสำหรับภาคเอกชนหรือประชาชนทั่วไป เนื่องจากเป็นระเบียบภายในที่บังคับใช้กับคณะกรรมการสรรหากรรมการสิทธิมนุษยชนแห่งชาติในการพิจารณาคุณสมบัติของผู้สมัครหรือผู้ได้รับการสรรหาเท่านั้น,⚪️ เทา,-,ไม่มี,ราชกิจจานุเบกษา เล่ม ๑๓๘ ตอนพิเศษ ๓๐๒ ง หน้า ๑,-,,ผู้สมัครเข้ารับการสรรหาและผู้ได้รับการสรรหาเป็นกรรมการสิทธิมนุษยชนแห่งชาติ,"สรรหา, พิจารณาวินิจฉัยคุณสมบัติ, แต่งตั้ง",กรรมการสิทธิมนุษยชนแห่งชาติ,"คณะกรรมการสรรหากรรมการสิทธิมนุษยชนแห่งชาติ, คุณสมบัติหรือลักษณะต้องห้าม",-,CC8,"กระบวนการคิด:

1) ผู้ถูกบังคับใช้หลัก: คณะกรรมการสรรหากรรมการสิทธิมนุษยชนแห่งชาติ ผู้สมัคร และผู้ได้รับการสรรหาเป็นกรรมการสิทธิมนุษยชนแห่งชาติ 

2) ผู้ให้บริการใน Ecosystem: -

3) ผู้รับผลกระทบสืบเนื่อง: องค์กรสิทธิมนุษยชน (NGOs) และประชาชนทั่วไปที่ต้องอาศัยกลไกการทำงานของคณะกรรมการสิทธิมนุษยชนแห่งชาติ

4) สินค้า/บริการใดถูกควบคุม: หลักเกณฑ์และวิธีการพิจารณาวินิจฉัยคุณสมบัติหรือลักษณะต้องห้ามของผู้ได้รับการสรรหาตามมาตรา ๑๖ 

5) ข้อยกเว้นคืออะไร: จากการตรวจสอบ พ.ร.ป.ว่าด้วยคณะกรรมการสิทธิมนุษยชนแห่งชาติ พ.ศ. ๒๕๖๐ กฎหมายนี้ใช้สำหรับองค์กรอิสระและกระบวนการสรรหาบุคคลเป็นการเฉพาะ จึงไม่บังคับใช้หรือมีผลโดยตรงต่อภาคธุรกิจเอกชน


สรุปผล:

[-]: กฎหมายฉบับนี้เป็นระเบียบภายในว่าด้วยการสรรหาบุคคลเพื่อดำรงตำแหน่งในองค์กรอิสระตามรัฐธรรมนูญ ไม่ได้มีข้อบังคับหรือจำกัดสิทธิการประกอบกิจการของภาคธุรกิจ จึงไม่มีข้อมูลในส่วน Core Business Laws

[CC8]: [Direct Duty] คณะกรรมการสรรหาฯ ต้องปฏิบัติตามระเบียบนี้เพื่อพิจารณาวินิจฉัยคุณสมบัติหรือลักษณะต้องห้ามของผู้ได้รับการสรรหาเป็นกรรมการสิทธิมนุษยชนแห่งชาติ",100%,ยกเลิกความในข้อ ๘ ของระเบียบคณะกรรมการสรรหากรรมการสิทธิมนุษยชนแห่งชาติฯ พ.ศ. ๒๕๖๑ และให้ใช้ข้อความใหม่แทน
236,100236,ระเบียบกรมอุทยานแห่งชาติ สัตว์ป่า และพันธุ์พืช ว่าด้วยการแจ้งและการรับแจ้ง การออกใบอนุญาตหรือใบรับรอง การกำหนดอายุใบอนุญาตหรือใบรับรอง  การต่ออายุใบอนุญาตหรือใบรับรอง การโอนใบอนุญาตหรือใบรับรอง การออกใบแทนใบอนุญาตหรือใบรับรองสำหรับการครอบครัวสัตว์ป่าสงวน ซากสัตว์ป่าสงวน สัตว์ป่าคุ้มครอง ซากสัตว์ป่าคุ้มครอง ผลิตภัณฑ์จากซากสัตว์ป่าคุ้มครอง และการจำหน่าย จ่าย หรือโอนสัตว์ป่าสงวน และสัตว์ป่าคุ้มครอง พ.ศ. ๒๕๖๔,https://ratchakitcha.soc.go.th/documents/17190506.pdf,บังคับใช้,,,,9,ธันวาคม,2564,7 กุมภาพันธ์ 2565,-,ระเบียบ,"พระราชบัญญัติสงวนและคุ้มครองสัตว์ป่า พ.ศ. ๒๕๖๒ มาตรา ๑๐ วรรคสี่, พระราชบัญญัติสงวนและคุ้มครองสัตว์ป่า พ.ศ. ๒๕๖๒ มาตรา ๑๑ วรรคสาม","กรมอุทยานแห่งชาติ สัตว์ป่า และพันธุ์พืช, กระทรวงทรัพยากรธรรมชาติและสิ่งแวดล้อม",-,-,-,กำหนดหลักเกณฑ์ วิธีการ และเงื่อนไขเกี่ยวกับการแจ้งการครอบครอง การออกหรือโอนใบอนุญาต/ใบรับรอง สำหรับสัตว์ป่าสงวน สัตว์ป่าคุ้มครอง ซากสัตว์ป่า และผลิตภัณฑ์จากซากสัตว์ป่า รวมถึงการจัดการสัตว์ป่าของกลางตาม พ.ร.บ.สงวนและคุ้มครองสัตว์ป่า พ.ศ. 2562,ผู้ครอบครองสัตว์ป่าสงวน สัตว์ป่าคุ้มครอง ซากหรือผลิตภัณฑ์ที่เกี่ยวข้องตามที่กฎหมายกำหนด ต้องแจ้งการครอบครอง จัดทำเครื่องหมายประจำตัวสัตว์/ซากสัตว์ ขออนุญาตและดูแลสถานที่เลี้ยงให้มีสวัสดิภาพและความปลอดภัย หากมีการจำหน่าย จ่าย โอน การสูญหาย การตาย หรือเปลี่ยนสถานที่ครอบครอง ต้องแจ้งต่อพนักงานเจ้าหน้าที่ตามระยะเวลาและเงื่อนไขที่กำหนด,โทษเชื่อมโยงจากกฎหมายแม่,รอเชื่อมโยง: พระราชบัญญัติภาษีที่ดินและสิ่งปลูกสร้าง พ.ศ. ๒๕๖๒ มาตรา ๓๗,"ใบอนุญาตครอบครองสัตว์ป่าสงวนชั่วคราว, ใบอนุญาตครอบครองสัตว์ป่าคุ้มครองชั่วคราว, ใบรับรองการครอบครองซากสัตว์ป่าสงวน, ใบรับรองการครอบครองซากสัตว์ป่าหรือผลิตภัณฑ์จากซากสัตว์ป่าคุ้มครอง, แบบแจ้งการครอบครอง, คำขอใบแทนใบอนุญาตหรือใบรับรอง, คำขอโอนใบอนุญาตหรือใบรับรอง",ราชกิจจานุเบกษา เล่ม ๑๓๘ ตอนพิเศษ ๓๐๑ ง หน้า ๑-๑๔,"คู่มือการขออนุญาตครอบครองสัตว์ป่าสงวนและสัตว์ป่าคุ้มครอง, แบบแจ้งการครอบครอง, แบบแจ้งการเปลี่ยนแปลงสภาพหรือจำนวนสัตว์ป่าสงวนหรือซากสัตว์ป่าสงวน, หนังสือกำกับการจำหน่ายซากสัตว์ป่าคุ้มครองหรือผลิตภัณฑ์จากซากสัตว์ป่าคุ้มครอง",,"ผู้ครอบครองสัตว์ป่าสงวน, ซากสัตว์ป่าสงวน, สัตว์ป่าคุ้มครอง, ซากสัตว์ป่าคุ้มครอง, ผลิตภัณฑ์จากซากสัตว์ป่าคุ้มครอง รวมถึงสวนสัตว์และผู้รับใบอนุญาตดำเนินกิจการเพาะพันธุ์สัตว์ป่า","แจ้งการครอบครอง, ขอใบอนุญาต, ออกใบรับรอง, จำหน่าย, จ่าย, โอน, ขอรับโอนใบอนุญาต","สัตว์ป่าสงวน, ซากสัตว์ป่าสงวน, สัตว์ป่าคุ้มครอง, ซากสัตว์ป่าคุ้มครอง, ผลิตภัณฑ์จากซากสัตว์ป่าคุ้มครอง","กรมอุทยานแห่งชาติ สัตว์ป่า และพันธุ์พืช, ใบอนุญาตครอบครองสัตว์ป่าชั่วคราว, ใบรับรองการครอบครองซากสัตว์ป่า, สวนสัตว์, การเพาะพันธุ์สัตว์ป่า","B6, B8, BR3, N4, AA20",-,"[B6]: [Direct Duty] ฟาร์มและผู้เพาะเลี้ยงสัตว์ป่าคุ้มครองที่กฎหมายกำหนดชนิดเพิ่มเติม ต้องแจ้งการครอบครองและปฏิบัติตามหลักเกณฑ์การโอนหรือจำหน่ายให้กับกิจการเพาะพันธุ์สัตว์ป่า (อ้างอิงข้อ 5, ข้อ 28 และข้อ 29) 

[B8]: [Direct Duty] สถานที่จัดแสดงสัตว์ ปางช้าง และสวนสัตว์ ต้องปฏิบัติตามหลักเกณฑ์การรับโอนและครอบครองสัตว์ป่าสงวนหรือสัตว์ป่าคุ้มครองที่เพิ่มเติมใหม่ (อ้างอิงข้อ 9 และข้อ 16) 

[BR3]: [Direct Duty] ผู้รับใบอนุญาตจัดตั้งและประกอบกิจการสวนสัตว์ ต้องปฏิบัติตามหลักเกณฑ์และเงื่อนไขในการขอรับโอน รับจำหน่าย หรือรับจ่ายสัตว์ป่าสงวนและสัตว์ป่าคุ้มครองเข้าสวนสัตว์ (อ้างอิงข้อ 9, ข้อ 10 และข้อ 16) 

[N4]: [Direct Duty] ผู้ผลิตหรือผู้ครอบครองผลิตภัณฑ์จากซากสัตว์ป่าคุ้มครองเพื่อการค้า ต้องจดแจ้งการครอบครองและจัดทำหนังสือกำกับการจำหน่ายมอบให้แก่ผู้ซื้อทุกครั้งที่มีการขายให้เสร็จสิ้นภายใน 3 ปี (อ้างอิงข้อ 31) 

[AA20]: [Direct Duty] ผู้นำเข้าและผู้ประกอบการค้าสัตว์เลี้ยงพิเศษและสัตว์ป่า หากครอบครองสัตว์ที่ถูกประกาศเพิ่มเติมเป็นสัตว์ป่าสงวนหรือคุ้มครอง ต้องยื่นแจ้งการครอบครองต่อพนักงานเจ้าหน้าที่ (อ้างอิงข้อ 5 และข้อ 28)",100%,
237,100237,ระเบียบกรมอุทยานแห่งชาติ สัตว์ป่า และพันธุ์พืช ว่าด้วยการปฏิบัติการของพนักงานเจ้าหน้าที่ในอุทยานแห่งชาติ วนอุทยาน สวนพฤกษศาสตร์ และสวนรุกขชาติ พ.ศ. ๒๕๖๔,https://ratchakitcha.soc.go.th/documents/17190508.pdf,บังคับใช้,,,,9,ธันวาคม,2564,10 ธันวาคม 2564,-,ระเบียบ,"พระราชบัญญัติอุทยานแห่งชาติ พ.ศ. ๒๕๖๒ มาตรา ๒๓ วรรคสอง, พระราชบัญญัติอุทยานแห่งชาติ พ.ศ. ๒๕๖๒ มาตรา ๒๘","กรมอุทยานแห่งชาติ สัตว์ป่า และพันธุ์พืช, กระทรวงทรัพยากรธรรมชาติและสิ่งแวดล้อม",-,-,-,ระเบียบนี้กำหนดหลักเกณฑ์การปฏิบัติการของพนักงานเจ้าหน้าที่ในอุทยานแห่งชาติ วนอุทยาน สวนพฤกษศาสตร์ และสวนรุกขชาติ เพื่อการคุ้มครอง ดูแลรักษา สำรวจ ศึกษา วิจัย และอำนวยความสะดวกหรือความปลอดภัยให้แก่ประชาชน โดยระบุการกระทำที่พนักงานเจ้าหน้าที่สามารถทำได้โดยไม่ถือเป็นความผิดตามกฎหมาย,ไม่มีข้อปฏิบัติสำหรับภาคเอกชนหรือประชาชนทั่วไป เนื่องจากระเบียบนี้กำหนดขอบเขตอำนาจหน้าที่และขั้นตอนการปฏิบัติงานสำหรับพนักงานเจ้าหน้าที่ของกรมอุทยานแห่งชาติ สัตว์ป่า และพันธุ์พืช เป็นการเฉพาะ,🔵 ฟ้า,ระเบียบภาครัฐ,ไม่มี,ราชกิจจานุเบกษา เล่ม ๑๓๘ ตอนพิเศษ ๓๐๑ ง หน้า ๔๗-๕๐,-,,พนักงานเจ้าหน้าที่กรมอุทยานแห่งชาติ สัตว์ป่า และพันธุ์พืช และบุคคลที่ได้รับมอบหมายให้ช่วยเหลือการปฏิบัติงานของพนักงานเจ้าหน้าที่,"ปฏิบัติการ, คุ้มครองดูแลรักษา, ปรับปรุงพัฒนา, ปลูกบำรุงป่า, ขุดดินตัดไม้","อุทยานแห่งชาติ, วนอุทยาน, สวนพฤกษศาสตร์, สวนรุกขชาติ","พนักงานเจ้าหน้าที่, ยกเว้นความผิด, พระราชบัญญัติอุทยานแห่งชาติ, ขอความเห็นชอบ",CD6,CC6,"[CD6]: [Rights & Admin] ระเบียบนี้กำหนดข้อยกเว้นความผิดทางกฎหมายให้แก่พนักงานเจ้าหน้าที่ รวมถึงองค์กรเอกชน (NGOs) หรือบุคคลภายนอกที่เข้ามาช่วยเหลือราชการในการจัดการ ฟื้นฟู หรือดำเนินการในพื้นที่อุทยานแห่งชาติและพื้นที่อนุรักษ์ (อ้างอิงข้อ 6, ข้อ 7(4) และข้อ 8)

[CC6]: [Direct Duty] ข้าราชการและพนักงานเจ้าหน้าที่ในสังกัดกรมอุทยานแห่งชาติฯ ต้องปฏิบัติตามข้อกำหนดในการขออนุมัติหรือขอความเห็นชอบจากหัวหน้าอุทยานฯ หรืออธิบดี ก่อนปฏิบัติการที่ส่งผลกระทบต่อพื้นที่ เช่น การตัดไม้ หรือก่อสร้าง (อ้างอิงข้อ 4, ข้อ 6 และข้อ 7)",100%,
238,100238,ระเบียบกรมอุทยานแห่งชาติ สัตว์ป่า และพันธุ์พืช ว่าด้วยการเรียกเก็บและการยกเว้นค่าบริการหรือค่าตอบแทน และอัตราค่าบริการหรือค่าตอบแทนในการให้บริการและการอำนวยความสะดวกในอุทยานแห่งชาติ วนอุทยาน สวนพฤกษศาสตร์ และสวนรุกขชาติ พ.ศ. ๒๕๖๔,https://ratchakitcha.soc.go.th/documents/17190509.pdf,บังคับใช้,,,,9,ธันวาคม,2564,7 มิถุนายน 2565,-,ระเบียบ,พระราชบัญญัติอุทยานแห่งชาติ พ.ศ. ๒๕๖๒ มาตรา ๒๙ วรรคสอง,"กรมอุทยานแห่งชาติ สัตว์ป่า และพันธุ์พืช, กระทรวงทรัพยากรธรรมชาติและสิ่งแวดล้อม",-,-,-,กำหนดอัตราค่าบริการและค่าตอบแทนสำหรับการเข้าใช้พื้นที่อุทยานแห่งชาติ วนอุทยาน สวนพฤกษศาสตร์ และสวนรุกขชาติ รวมถึงการใช้ยานพาหนะ บ้านพัก สถานที่กางเต็นท์ และบริการนันทนาการต่างๆ ตลอดจนกำหนดหลักเกณฑ์การขอลดหย่อนหรือยกเว้นค่าบริการสำหรับบุคคลบางกลุ่มหรือกรณีพิเศษ,ผู้ที่ต้องการเข้าใช้บริการอุทยานแห่งชาติ วนอุทยาน สวนพฤกษศาสตร์ หรือสวนรุกขชาติ ไม่ว่าจะเป็นการท่องเที่ยวพักผ่อน นำยานพาหนะเข้าพื้นที่ หรือประกอบกิจการ/ดำเนินโครงการวิจัย ต้องเตรียมชำระค่าบริการหรือค่าตอบแทนตามอัตราที่กำหนดในระเบียบ หากอยู่ในเกณฑ์ที่ได้รับการลดหย่อนหรือยกเว้นให้แสดงหลักฐานต่อเจ้าหน้าที่เพื่อขอรับสิทธิ,🔵 ฟ้า,ระเบียบภาครัฐ,"บัตรประชาสัมพันธ์การท่องเที่ยวอุทยานแห่งชาติ, ใบอนุญาตให้เข้าไปดำเนินกิจการท่องเที่ยวและพักอาศัยในอุทยานแห่งชาติ",ราชกิจจานุเบกษา เล่ม ๑๓๘ ตอนพิเศษ ๓๐๑ ง หน้า ๕๑-๘๗,"ระเบียบกรมอุทยานแห่งชาติ สัตว์ป่า และพันธุ์พืช ว่าด้วยการอนุญาตให้กระทำการในอุทยานแห่งชาติ วนอุทยาน สวนพฤกษศาสตร์ และสวนรุกขชาติ พ.ศ. ๒๕๖๔, รายงานการประเมินผลกระทบสิ่งแวดล้อม (EIA) (สำหรับบางกิจการ)",,"นักท่องเที่ยว (ทั้งชาวไทยและชาวต่างประเทศ), ผู้ประกอบการที่ให้บริการในพื้นที่ (ร้านอาหาร, ร้านของที่ระลึก, รถเช่า, เรือ, กิจการโทรคมนาคม), สถาบันการศึกษา, และข้าราชการ/ลูกจ้างกรมอุทยานฯ","เรียกเก็บเงิน, ยกเว้นค่าบริการ, ลดค่าตอบแทน, ขออนุญาตประกอบกิจการ, นำยานพาหนะเข้าพื้นที่, ใช้บริการที่พัก","ค่าบริการอุทยาน, ค่าตอบแทนที่พัก, เสาสัญญาณสื่อสาร, ร้านค้าและบริการท่องเที่ยว, ยานพาหนะนำเที่ยว, กิจกรรมนันทนาการ","ค่าบริการอุทยานแห่งชาติ, ค่าตอบแทนการใช้พื้นที่, การยกเว้นค่าบริการ, สิทธิประโยชน์ในพื้นที่อนุรักษ์, พ.ร.บ.อุทยานแห่งชาติ พ.ศ. 2562","AB1, AG1, AG3, AH1, AJ1, BA1, BE2, BI2","CC17, CC24, CD6","[AB1]: [Direct Duty] ผู้ประกอบกิจการจำหน่ายของที่ระลึกและสินค้าปลีกในเขตอุทยานฯ ต้องขออนุญาตและชำระค่าตอบแทนรายเดือนตามขนาดพื้นที่ (ตามข้อ 10(2)(ข)1)-4) และบัญชีที่ 5 ข้อ 1.3.1)

[AG1]: [Direct Duty] ผู้ประกอบธุรกิจจัดนำเที่ยวและให้บริการยานพาหนะนำเที่ยว (รถกอล์ฟไฟฟ้า/เรือขนาดเล็ก) ในเขตอุทยานฯ ต้องขออนุญาตและชำระค่าตอบแทน (ตามข้อ 10(2)(ข)9)-10) และบัญชีที่ 5 ข้อ 1.3.2)

[AG3]: [Rights & Admin] มัคคุเทศก์ ผู้นำเที่ยวท้องถิ่น และลูกหาบ ได้รับสิทธิยกเว้นค่าบริการเข้าอุทยานฯ เมื่อเข้าไปปฏิบัติหน้าที่นำนักท่องเที่ยว (ตามข้อ 16(4))

[AH1]: [Direct Duty] ผู้ประกอบกิจการร้านอาหาร คาเฟ่ และแพจำหน่ายอาหารในเขตอุทยานฯ ต้องขออนุญาตและชำระค่าตอบแทนรายเดือนตามขนาดพื้นที่ (ตามข้อ 10(2)(ข)1),3),4),5) และบัญชีที่ 5 ข้อ 1.3.1)

[AJ1]: [Direct Duty] ผู้ประกอบกิจการให้บริการเช่ารถจักรยาน อุปกรณ์นันทนาการ และเรือแคนู/คายัค ในเขตอุทยานฯ ต้องชำระค่าตอบแทนและค่าบริการตามอัตราที่กำหนด (ตามข้อ 10(2)(ข)11), บัญชีที่ 3 ข้อ 2.5 และบัญชีที่ 5 ข้อ 1.3.2(4))

[BA1]: [Service Opportunity] บริษัทที่ปรึกษาจัดทำรายงานการประเมินผลกระทบสิ่งแวดล้อม (EIA) ที่เข้าไปสำรวจและวิจัยทางวิชาการในเขตอุทยานฯ ต้องชำระค่าตอบแทนรายวัน (ตามข้อ 10(2)(ก), ข้อ 12 และบัญชีที่ 5 ข้อ 1.1)

[BE2]: [Direct Duty] ผู้ประกอบกิจการเรือโดยสาร เรือท่องเที่ยว ท่าเทียบเรือ และแพในเขตอุทยานฯ ต้องชำระค่าบริการนำยานพาหนะเข้าและค่าตอบแทนการใช้พื้นที่ (ตามข้อ 6(2), ข้อ 8, ข้อ 10(2)(ข)5)-6), บัญชีที่ 2 ข้อ 1 และบัญชีที่ 5 ข้อ 1.3.2(1))

[BI2]: [Direct Duty] ผู้ให้บริการโครงข่ายโทรคมนาคมที่ติดตั้งเสาสัญญาณ เดินสาย หรือติดตั้งอุปกรณ์สื่อสารในเขตอุทยานฯ ต้องชำระค่าตอบแทนรายเดือนและไม่ได้รับลดค่าตอบแทนช่วงปิดอุทยาน (ตามข้อ 10(2)(ข)7)-8), ข้อ 14(2) วรรคสอง และบัญชีที่ 5 ข้อ 1.2)

[CC17]: [Rights & Admin] กำหนดการมอบอำนาจของอธิบดีกรมอุทยานฯ ให้ผู้บริหารระดับสำนักและหัวหน้าหน่วยงานย่อยในการเรียกเก็บ ลด หรือยกเว้นค่าบริการ/ค่าตอบแทน (ตามข้อ 5 และข้อ 15)

[CC24]: [Direct Duty] กำหนดหลักเกณฑ์ อัตราค่าบริการ การนำส่ง และการยกเว้นค่าธรรมเนียม/ค่าตอบแทนการใช้บริการอสังหาริมทรัพย์และบริการของรัฐ (ตามข้อ 6-19)

[CD6]: [Direct Duty] ควบคุมการใช้ประโยชน์อสังหาริมทรัพย์ การดำเนินธุรกิจ และการจัดเก็บค่าตอบแทน/ค่าบริการในเขตพื้นที่อนุรักษ์และอุทยานแห่งชาติ (ตามข้อ 6-20 และบัญชี 1-5)",100%,
239,100239,ระเบียบกรมอุทยานแห่งชาติ สัตว์ป่า และพันธุ์พืช ว่าด้วยการนำส่ง การเก็บรักษา และการใช้จ่ายเงินเพื่อการอนุรักษ์ ฟื้นฟู และบำรุงรักษาอุทยานแห่งชาติ วนอุทยาน สวนพฤกษศาสตร์ หรือสวนรุกขชาติ พ.ศ. ๒๕๖๔,https://ratchakitcha.soc.go.th/documents/17190510.pdf,บังคับใช้,,ระเบียบกรมอุทยานแห่งชาติ สัตว์ป่า และพันธุ์พืช ว่าด้วยการเก็บ การรักษา การใช้จ่ายเงินรายได้เพื่อบำรุงรักษาอุทยานแห่งชาติ พ.ศ. 2560,,9,ธันวาคม,2564,10 มีนาคม 2565,-,ระเบียบ,พระราชบัญญัติอุทยานแห่งชาติ พ.ศ. ๒๕๖๒ มาตรา ๓๓ วรรคหนึ่ง,"กรมอุทยานแห่งชาติ สัตว์ป่า และพันธุ์พืช, กระทรวงทรัพยากรธรรมชาติและสิ่งแวดล้อม",-,-,-,กำหนดหลักเกณฑ์และวิธีปฏิบัติเกี่ยวกับการรับเงิน การนำส่ง การเก็บรักษา และการใช้จ่ายเงินอุทยานแห่งชาติเพื่อนำไปใช้ในการอนุรักษ์ ฟื้นฟู และบำรุงรักษาพื้นที่อุทยานแห่งชาติ วนอุทยาน สวนพฤกษศาสตร์ หรือสวนรุกขชาติ โดยให้มีคณะกรรมการเงินอุทยานแห่งชาติคอยกำกับดูแลนโยบายและอนุมัติโครงการการใช้จ่ายเงิน,ระเบียบนี้เป็นแนวทางปฏิบัติภายในสำหรับพนักงานเจ้าหน้าที่และหน่วยงานในสังกัดกรมอุทยานแห่งชาติฯ สำหรับประชาชนหรือนักท่องเที่ยว หากเกิดเหตุภัยพิบัติหรือเหตุสุดวิสัยที่ทำให้ไม่สามารถเข้าใช้บริการได้ตามกำหนด สามารถติดต่อแจ้งความประสงค์เพื่อขอรับเงินค่าบริการหรือค่าตอบแทนคืนจากกรมได้ตามเงื่อนไขเวลาที่กำหนด,🔵 ฟ้า,ระเบียบภาครัฐ,"ใบเสร็จรับเงิน, บัตรค่าบริการ",ราชกิจจานุเบกษา เล่ม ๑๓๘ ตอนพิเศษ ๓๐๑ ง หน้า ๕๙-๗๐,"แบบรายงานและแบบพิมพ์บัตรตามที่กรมกำหนด, ระเบียบกระทรวงการคลังว่าด้วยการเบิกจ่ายเงิน",,"หน่วยงานในสังกัดกรมอุทยานแห่งชาติ สัตว์ป่า และพันธุ์พืช (สำนักบริหารพื้นที่อนุรักษ์, สำนักอุทยานแห่งชาติ, อุทยานแห่งชาติ, วนอุทยาน, สวนพฤกษศาสตร์, สวนรุกขชาติ) และเจ้าหน้าที่ที่เกี่ยวข้อง","นำส่ง, เก็บรักษา, ใช้จ่าย, จัดเก็บ, จัดสรร, รับเงิน, เบิกจ่ายเงิน","เงินอุทยานแห่งชาติ, ค่าบริการ, ค่าตอบแทน, เงินบริจาค, ค่าปรับ, ใบเสร็จรับเงิน, บัตรค่าบริการ","เงินอุทยานแห่งชาติ, การนำส่งเงิน, การเก็บรักษาเงิน, การใช้จ่ายเงิน, คณะกรรมการเงินอุทยานแห่งชาติ, พ.ร.บ.อุทยานแห่งชาติ พ.ศ. 2562",-,"CC24, CD6, CC17","[CC24]: [Direct Duty] ควบคุมขั้นตอนการรับเงิน ออกใบเสร็จ/บัตรค่าบริการ นำฝาก ธนาคาร เก็บรักษาเงินในตู้นิรภัย และการบันทึกบัญชีของเจ้าหน้าที่และหน่วยงานในสังกัด (ตามข้อ 10-39 และข้อ 54)

[CD6]: [Rights & Admin] กำหนดการบริหารจัดการ การจัดสรรเงินรายได้ และการใช้จ่ายเงินเพื่อการอนุรักษ์ ฟื้นฟู บำรุงรักษาพื้นที่อุทยานแห่งชาติ วนอุทยาน สวนพฤกษศาสตร์ สวนรุกขชาติ และอุดหนุน อปท. ในพื้นที่ (ตามข้อ 4, ข้อ 41 และข้อ 46)

[CC17]: [Rights & Admin] กำหนดการจัดตั้ง โครงสร้าง อำนาจหน้าที่ของคณะกรรมการเงินอุทยานแห่งชาติและการมอบอำนาจอนุมัติของผู้บริหารกรม (ตามข้อ 7-9 และข้อ 40)",100%,ยกเลิกระเบียบกรมอุทยานแห่งชาติ สัตว์ป่า และพันธุ์พืช ว่าด้วยการเก็บ การรักษา การใช้จ่ายเงินรายได้เพื่อบำรุงรักษาอุทยานแห่งชาติ พ.ศ. 2560 (ตามข้อ 3)
240,100240,กฎกระทรวงกำหนดหลักเกณฑ์การลดเงินเพิ่ม (ฉบับที่ ๓) พ.ศ. ๒๕๖๔,https://ratchakitcha.soc.go.th/documents/17189671.pdf,สิ้นผล,,,,8,ธันวาคม,2564,8 ธันวาคม 2564,31 มีนาคม 2565,กฎกระทรวง,"พระราชบัญญัติศุลกากร พ.ศ. ๒๕๖๐ มาตรา ๕ (๖), พระราชบัญญัติศุลกากร พ.ศ. ๒๕๖๐ มาตรา ๒๒ วรรคสี่",กระทรวงการคลัง,-,-,-,ขยายระยะเวลาการลดเงินเพิ่มสำหรับผู้นำเข้าหรือผู้ส่งออกที่ชำระอากรไม่ครบถ้วนโดยไม่มีเจตนาหลีกเลี่ยง โดยให้ชำระเงินเพิ่มในอัตราร้อยละ 0.25 ต่อเดือน หากมาชำระอากรที่ขาดภายในช่วงวันที่ 1 ต.ค. 2564 ถึง 31 มี.ค. 2565 เพื่อบรรเทาผลกระทบจากโควิด-19,ผู้นำของเข้าหรือผู้ส่งของออกที่ตรวจสอบพบว่าตนเองชำระอากรไว้ไม่ครบถ้วนโดยไม่ได้มีเจตนาหลีกเลี่ยง สามารถไปติดต่อกรมศุลกากรเพื่อขอชำระอากรที่ขาดพร้อมรับสิทธิลดเงินเพิ่มเหลือร้อยละ 0.25 ต่อเดือน ภายในวันที่ 31 มีนาคม 2565,⚪️ เทา,-,ไม่มี,ราชกิจจานุเบกษา เล่ม ๑๓๘ ตอนที่ ๘๓ ก หน้า ๑-๒,-,,ผู้นำของเข้าหรือผู้ส่งของออกที่ชำระอากรไว้ไม่ครบถ้วนโดยไม่มีเจตนาหลีกเลี่ยงการเสียอากร,"นำเข้า, ส่งออก, ชำระอากร, ลดเงินเพิ่ม","สินค้านำเข้า, สินค้าส่งออก, อากรศุลกากร, เงินเพิ่ม","ลดเงินเพิ่ม, อากรศุลกากร, นำของออกจากอารักขา, ชำระอากรไม่ครบถ้วน, พ.ร.บ.ศุลกากร พ.ศ. 2560","AA1, AA2, AA3, AA4, AA5, AA6, AA7, AA8, AA9, AA10, AA11, AA12, AA13, AA14, AA15, AA16, AA17, AA18, AA19, AA20, AA21, AA22, AA23, AA24, AA25, AA26, AA27, AA28",BW11,"[AA1]: [Direct Duty] ผู้นำเข้า-ส่งออกสินค้าทั่วไปที่ชำระอากรไม่ครบถ้วนโดยไม่มีเจตนาหลีกเลี่ยง ได้สิทธิลดเงินเพิ่มเหลือร้อยละ 0.25 ต่อเดือน หากนำมาชำระภายใน 1 ต.ค. 2564 ถึง 31 มี.ค. 2565 ตามข้อ 1

[AA2]: [Service Opportunity] ตัวแทนออกของและผู้รับจัดการขนส่งสินค้าระหว่างประเทศที่ต้องดำเนินการชำระอากรศุลกากรแทนผู้นำเข้า/ส่งออก ตามข้อ 1

[AA3]: [Direct Duty] ผู้ประกอบการที่ได้รับสิทธิประโยชน์ทางการค้าและเขตปลอดอากรที่มีการนำของออกไปจากอารักขาของศุลกากรและต้องปรับปรุงรายการชำระอากร ตามข้อ 1

[AA4]: [Direct Duty] ผู้นำเข้า-ส่งออกสินค้าเกษตร ข้าว พืชไร่ และมันสำปะหลังที่ต้องชำระอากรเพิ่ม ตามข้อ 1

[AA5]: [Direct Duty] ผู้นำเข้า-ส่งออกอ้อยและน้ำตาลทรายที่ต้องปฏิบัติตามหลักเกณฑ์การชำระอากรและลดเงินเพิ่ม ตามข้อ 1

[AA6]: [Direct Duty] ผู้นำเข้า-ส่งออกยางพาราและผลิตภัณฑ์ยางที่ต้องชำระส่วนต่างอากร ตามข้อ 1

[AA7]: [Direct Duty] ผู้นำเข้า-ส่งออกเครื่องชั่ง ตวง วัด ที่ต้องนำอากรมาชำระต่อกรมศุลกากร ตามข้อ 1

[AA8]: [Direct Duty] ผู้นำเข้า-ส่งออกสิ่งทอ เส้นด้าย และผ้าผืน ที่ชำระอากรไว้ไม่ครบถ้วน ตามข้อ 1

[AA9]: [Direct Duty] ผู้นำเข้า-ส่งออกเสื้อผ้าสำเร็จรูปและสินค้าแฟชั่น ตามข้อ 1

[AA10]: [Direct Duty] ผู้นำเข้า-ส่งออกยานยนต์และชิ้นส่วนยานยนต์ ตามข้อ 1

[AA11]: [Direct Duty] ผู้นำเข้า-ส่งออกอัญมณีและเครื่องประดับ ตามข้อ 1

[AA12]: [Direct Duty] ผู้นำเข้า-ส่งออกอาวุธ ยุทธภัณฑ์ และสินค้าควบคุม ตามข้อ 1

[AA13]: [Direct Duty] ผู้นำเข้า-ส่งออกวัตถุอันตรายและเคมีภัณฑ์ ตามข้อ 1

[AA14]: [Direct Duty] ผู้นำเข้า-ส่งออกเศษวัสดุ ของเสีย และขยะรีไซเคิล ตามข้อ 1

[AA15]: [Direct Duty] ผู้นำเข้า-ส่งออกไม้และสิ่งประดิษฐ์จากไม้ ตามข้อ 1

[AA16]: [Direct Duty] ผู้นำเข้า-ส่งออกสุรา ยาสูบ และไพ่ ตามข้อ 1

[AA17]: [Direct Duty] ผู้นำเข้า-ส่งออกสัตว์มีชีวิต เนื้อสัตว์ และอาหารสัตว์ ตามข้อ 1

[AA18]: [Direct Duty] ผู้นำเข้า-ส่งออกสัตว์น้ำ ผลิตภัณฑ์ประมง และปลาสวยงาม ตามข้อ 1

[AA19]: [Direct Duty] ผู้นำเข้า-ส่งออกผัก ผลไม้ และพืชสวน ตามข้อ 1

[AA20]: [Direct Duty] ผู้นำเข้า-ส่งออกสัตว์เลี้ยงพิเศษและสัตว์ป่าคุ้มครอง ตามข้อ 1

[AA21]: [Direct Duty] ผู้นำเข้า-ส่งออกแร่ เชื้อเพลิง และพลังงาน ตามข้อ 1

[AA22]: [Direct Duty] ผู้นำเข้า-ส่งออกโบราณวัตถุและศิลปวัตถุ ตามข้อ 1

[AA23]: [Direct Duty] ผู้นำเข้า-ส่งออกเครื่องมือสื่อสารและอุปกรณ์โทรคมนาคม ตามข้อ 1

[AA24]: [Direct Duty] ผู้นำเข้า-ส่งออกเครื่องกำเนิดรังสีและวัสดุนิวเคลียร์ ตามข้อ 1

[AA25]: [Direct Duty] ผู้นำเข้า-ส่งออกสื่อสิ่งพิมพ์ เครื่องจักรพิมพ์ และภาพยนตร์ ตามข้อ 1

[AA26]: [Direct Duty] ผู้นำเข้า-ส่งออกเครื่องมือแพทย์และเวชภัณฑ์ ตามข้อ 1

[AA27]: [Direct Duty] ผู้นำเข้า-ส่งออกยาและเภสัชภัณฑ์ ตามข้อ 1

[AA28]: [Direct Duty] ผู้นำเข้า-ส่งออกเชื้อโรคและพิษจากสัตว์ ตามข้อ 1

[BW11]: [Direct Duty] ควบคุมหลักเกณฑ์ อัตรา และเงื่อนไขการลดเงินเพิ่มอากรศุลกากรจากร้อยละ 1 ต่อเดือน เหลือร้อยละ 0.25 ต่อเดือน สำหรับผู้ที่นำอากรมาชำระภายในระยะเวลาที่กำหนด ตามข้อ 1-2",100%,
